operation,warmup,sample,http_status,elapsed_ms,server_ms,query_count,db_ms
search,1,0,200,496.56422,7.0227,2,3.62
search,1,1,200,19.47197,4.7997,2,3.469
search,1,2,200,19.69438,5.4135,2,3.8
search,1,3,200,16.9305,4.6923,2,3.512
search,1,4,200,15.03836,4.5254,2,3.389
search,1,5,200,14.43772,4.2911,2,3.185
search,1,6,200,15.25077,4.3226,2,3.151
search,1,7,200,15.27747,4.7711,2,3.633
search,1,8,200,15.61731,5.4382,2,3.382
search,1,9,200,13.93697,4.1248,2,3.074
search,1,10,200,14.81916,4.22,2,3.158
search,1,11,200,14.29412,4.5582,2,3.447
search,1,12,200,13.93779,4.1452,2,3.091
search,1,13,200,14.68231,4.2853,2,3.145
search,1,14,200,16.95403,7.0843,2,5.945
search,1,15,200,14.58999,4.297,2,3.133
search,1,16,200,14.09855,4.3352,2,3.226
search,1,17,200,14.64304,4.848,2,3.637
search,1,18,200,14.51371,4.3534,2,3.233
search,1,19,200,15.38077,5.201,2,3.865
search,0,0,200,14.17037,4.1954,2,3.102
search,0,1,200,17.50914,5.1412,2,3.657
search,0,2,200,15.93848,5.0697,2,3.832
search,0,3,200,15.33234,4.9441,2,3.844
search,0,4,200,15.20685,4.3455,2,3.243
search,0,5,200,14.15249,4.5637,2,3.393
search,0,6,200,15.58409,4.9762,2,3.494
search,0,7,200,36.29166,6.852,2,3.444
search,0,8,200,13.79964,4.2668,2,3.163
search,0,9,200,18.69038,7.4027,2,6.211
search,0,10,200,15.1116,4.4303,2,3.195
search,0,11,200,14.6227,4.3366,2,3.199
search,0,12,200,13.91243,4.3133,2,3.193
search,0,13,200,13.52931,4.2748,2,3.189
search,0,14,200,14.97484,4.3404,2,3.241
search,0,15,200,13.82552,4.2339,2,3.148
search,0,16,200,18.7861,4.3224,2,3.164
search,0,17,200,14.38814,4.3957,2,3.263
search,0,18,200,17.96453,4.4218,2,3.299
search,0,19,200,14.57743,4.276,2,3.182
search,0,20,200,17.97777,4.9367,2,3.803
search,0,21,200,14.26961,4.615,2,3.504
search,0,22,200,18.01395,4.6843,2,3.527
search,0,23,200,14.94078,4.689,2,3.414
search,0,24,200,17.60458,4.3653,2,3.243
search,0,25,200,14.15773,4.2225,2,3.112
search,0,26,200,15.40834,4.4869,2,3.344
search,0,27,200,13.81533,4.2581,2,3.175
search,0,28,200,14.68402,4.5085,2,3.349
search,0,29,200,15.47671,4.2996,2,3.189
search,0,30,200,14.80381,4.4775,2,3.392
search,0,31,200,14.83002,4.3146,2,3.211
search,0,32,200,15.76851,4.9282,2,3.58
search,0,33,200,15.07794,4.4555,2,3.119
search,0,34,200,13.97622,4.3193,2,3.236
search,0,35,200,15.03633,4.5637,2,3.426
search,0,36,200,13.9263,4.145,2,3.084
search,0,37,200,14.1396,4.3781,2,3.246
search,0,38,200,14.59743,5.0439,2,3.842
search,0,39,200,15.8651,4.3255,2,3.218
search,0,40,200,16.11674,4.4132,2,3.279
search,0,41,200,18.46448,5.5203,2,4.287
search,0,42,200,16.07322,4.95,2,3.772
search,0,43,200,18.92471,4.5642,2,3.28
search,0,44,200,15.0951,4.6596,2,3.579
search,0,45,200,15.01188,4.4801,2,3.17
search,0,46,200,93.95264,5.0957,2,3.82
search,0,47,200,15.54671,4.6426,2,3.444
search,0,48,200,13.76416,4.3138,2,3.223
search,0,49,200,16.77498,5.4054,2,3.803
search,0,50,200,13.68862,4.3215,2,3.2
search,0,51,200,14.97674,4.8503,2,3.686
search,0,52,200,14.89198,4.3298,2,3.27
search,0,53,200,15.04019,4.9186,2,3.799
search,0,54,200,14.78514,4.6786,2,3.482
search,0,55,200,14.23388,4.9357,2,3.743
search,0,56,200,14.37784,4.347,2,3.225
search,0,57,200,13.22784,4.3617,2,3.227
search,0,58,200,14.92972,4.6527,2,3.53
search,0,59,200,13.11025,4.5252,2,3.397
search,0,60,200,13.84261,4.531,2,3.376
search,0,61,200,14.32209,4.6951,2,3.247
search,0,62,200,13.25643,4.2321,2,3.075
search,0,63,200,13.81754,4.465,2,3.329
search,0,64,200,13.16883,4.2049,2,3.106
search,0,65,200,13.74701,4.666,2,3.564
search,0,66,200,14.12576,4.4969,2,3.444
search,0,67,200,13.99981,4.6805,2,3.365
search,0,68,200,13.71466,4.3383,2,3.166
search,0,69,200,13.3475,4.4628,2,3.366
search,0,70,200,14.79648,4.5282,2,3.306
search,0,71,200,15.04969,5.0194,2,3.785
search,0,72,200,16.21297,4.6563,2,3.297
search,0,73,200,14.45367,4.91,2,3.791
search,0,74,200,15.05826,5.0741,2,3.921
search,0,75,200,14.36445,5.0149,2,3.851
search,0,76,200,14.34061,4.3607,2,3.212
search,0,77,200,14.90462,5.119,2,3.968
search,0,78,200,13.70422,4.2113,2,3.094
search,0,79,200,14.66435,4.6821,2,3.535
search,0,80,200,13.90546,4.3023,2,3.155
search,0,81,200,14.75757,4.8635,2,3.622
search,0,82,200,13.33622,4.3699,2,3.31
search,0,83,200,13.49738,4.6673,2,3.524
search,0,84,200,15.36968,4.4765,2,3.242
search,0,85,200,14.30356,4.761,2,3.589
search,0,86,200,14.04506,4.1944,2,3.095
search,0,87,200,13.16132,4.384,2,3.242
search,0,88,200,16.4112,6.5856,2,5.476
search,0,89,200,13.47718,4.3172,2,3.222
search,0,90,200,14.73583,4.575,2,3.435
search,0,91,200,25.50869,5.0364,2,3.829
search,0,92,200,16.67188,4.373,2,3.204
search,0,93,200,14.39792,4.478,2,3.346
search,0,94,200,14.7803,4.3336,2,3.237
search,0,95,200,69.34099,4.9023,2,3.776
search,0,96,200,16.349,5.1488,2,3.754
search,0,97,200,16.83503,4.6416,2,3.505
search,0,98,200,15.69538,4.4009,2,3.215
search,0,99,200,15.43519,4.7683,2,3.447
search,0,100,200,14.32505,4.4399,2,3.292
search,0,101,200,13.23259,4.3753,2,3.268
search,0,102,200,13.20808,4.3876,2,3.246
search,0,103,200,13.37589,4.6632,2,3.534
search,0,104,200,13.6102,4.2837,2,3.198
search,0,105,200,13.31917,4.1964,2,3.11
search,0,106,200,16.14662,6.3691,2,5.207
search,0,107,200,14.95413,4.4996,2,3.289
search,0,108,200,16.27279,5.2026,2,4.057
search,0,109,200,15.09447,4.6592,2,3.489
search,0,110,200,18.17789,6.4459,2,4.397
search,0,111,200,17.37408,4.6593,2,3.464
search,0,112,200,16.33795,4.9187,2,3.592
search,0,113,200,16.76343,4.556,2,3.291
search,0,114,200,15.57945,4.5376,2,3.415
search,0,115,200,15.68148,4.6806,2,3.537
search,0,116,200,15.97636,5.1974,2,3.667
search,0,117,200,16.496,4.4538,2,3.262
search,0,118,200,13.79365,4.5202,2,3.387
search,0,119,200,19.72872,5.6179,2,4.418
search,0,120,200,16.44962,5.2789,2,4.137
search,0,121,200,15.72982,4.4183,2,3.23
search,0,122,200,18.58602,7.6449,2,6.418
search,0,123,200,15.70222,4.8402,2,3.638
search,0,124,200,18.21494,4.9953,2,3.78
search,0,125,200,17.62963,4.5749,2,3.274
search,0,126,200,15.95843,5.2142,2,3.882
search,0,127,200,15.37187,4.4993,2,3.29
search,0,128,200,16.01959,4.9854,2,3.718
search,0,129,200,15.28401,4.6618,2,3.45
search,0,130,200,17.41305,5.1427,2,3.773
search,0,131,200,16.17871,4.9634,2,3.593
search,0,132,200,15.56443,4.7655,2,3.58
search,0,133,200,16.84256,4.8098,2,3.568
search,0,134,200,17.28219,5.1176,2,3.83
search,0,135,200,14.66339,4.4916,2,3.234
search,0,136,200,14.72593,4.4251,2,3.303
search,0,137,200,15.54571,4.6298,2,3.309
search,0,138,200,15.96667,4.598,2,3.345
search,0,139,200,19.00937,5.0986,2,3.852
search,0,140,200,15.98353,4.8865,2,3.629
search,0,141,200,21.67488,9.1459,2,7.575
search,0,142,200,21.28766,5.1154,2,3.673
search,0,143,200,15.99832,4.508,2,3.28
search,0,144,200,68.90032,4.7274,2,3.531
search,0,145,200,15.80239,4.5798,2,3.131
search,0,146,200,14.15688,4.418,2,3.252
search,0,147,200,14.55372,4.8504,2,3.632
search,0,148,200,15.39568,4.3995,2,3.244
search,0,149,200,15.77763,4.8062,2,3.603
search,0,150,200,15.24947,4.826,2,3.579
search,0,151,200,14.35791,4.6792,2,3.501
search,0,152,200,14.552,4.6336,2,3.424
search,0,153,200,14.47079,4.3254,2,3.201
search,0,154,200,14.17177,4.4331,2,3.294
search,0,155,200,13.89842,4.2574,2,3.127
search,0,156,200,14.86423,4.871,2,3.447
search,0,157,200,14.9125,4.3983,2,3.245
search,0,158,200,13.10843,4.1539,2,3.058
search,0,159,200,26.04362,8.7662,2,3.293
search,0,160,200,15.41534,5.0586,2,3.819
search,0,161,200,16.01829,4.8575,2,3.722
search,0,162,200,15.30474,4.9222,2,3.802
search,0,163,200,14.29021,4.5522,2,3.431
search,0,164,200,16.2162,4.9672,2,3.714
search,0,165,200,15.83433,5.433,2,4.122
search,0,166,200,15.3253,4.894,2,3.647
search,0,167,200,15.10109,4.7926,2,3.488
search,0,168,200,15.26487,4.9133,2,3.642
search,0,169,200,15.08497,5.0866,2,3.681
search,0,170,200,14.3548,4.5061,2,3.405
search,0,171,200,15.71426,4.8056,2,3.577
search,0,172,200,17.24151,4.3566,2,3.2
search,0,173,200,16.01984,4.4507,2,3.214
search,0,174,200,17.02638,5.0352,2,3.85
search,0,175,200,16.47002,5.0436,2,3.714
search,0,176,200,15.2591,4.933,2,3.718
search,0,177,200,16.66587,5.1219,2,3.804
search,0,178,200,14.57039,4.3435,2,3.222
search,0,179,200,14.30791,4.8646,2,3.662
search,0,180,200,14.1452,4.7848,2,3.678
search,0,181,200,14.05092,4.6754,2,3.22
search,0,182,200,17.12286,4.3985,2,3.267
search,0,183,200,13.39293,4.2413,2,3.144
search,0,184,200,17.35347,4.7366,2,3.56
search,0,185,200,13.73767,4.4297,2,3.32
search,0,186,200,15.79299,5.4823,2,4.383
search,0,187,200,16.01528,4.9399,2,3.748
search,0,188,200,14.92691,4.5629,2,3.443
search,0,189,200,14.32848,4.6983,2,3.538
search,0,190,200,14.9438,4.9263,2,3.729
search,0,191,200,15.46254,4.6536,2,3.456
search,0,192,200,16.26066,5.8762,2,4.405
search,0,193,200,74.67186,5.8271,2,4.219
search,0,194,200,16.59787,5.2527,2,3.988
search,0,195,200,15.05569,4.7955,2,3.627
search,0,196,200,14.80144,4.7911,2,3.567
search,0,197,200,14.44268,5.0206,2,3.887
search,0,198,200,15.12736,5.1279,2,3.897
search,0,199,200,12.71251,4.3124,2,3.198
search,0,200,200,13.47062,4.36,2,3.263
search,0,201,200,13.76351,4.4497,2,3.327
search,0,202,200,14.24568,4.6629,2,3.429
search,0,203,200,14.40588,4.7244,2,3.545
search,0,204,200,13.22298,4.4726,2,3.381
search,0,205,200,14.0527,4.9723,2,3.83
search,0,206,200,13.70967,4.5441,2,3.418
search,0,207,200,14.09438,4.8407,2,3.659
search,0,208,200,13.55651,4.4761,2,3.336
search,0,209,200,13.83269,4.544,2,3.403
search,0,210,200,14.0512,4.6312,2,3.476
search,0,211,200,14.42947,4.4819,2,3.31
search,0,212,200,15.52995,5.2184,2,3.979
search,0,213,200,15.08011,5.1009,2,3.842
search,0,214,200,16.11234,4.7898,2,3.643
search,0,215,200,15.03099,4.5717,2,3.455
search,0,216,200,22.49858,8.0479,2,4.904
search,0,217,200,22.8393,5.5391,2,4.17
search,0,218,200,20.96297,5.2173,2,3.87
search,0,219,200,15.4404,5.0708,2,3.873
search,0,220,200,17.44715,6.7854,2,3.55
search,0,221,200,17.38858,5.0421,2,3.696
search,0,222,200,18.23067,5.1061,2,3.578
search,0,223,200,14.85739,4.5665,2,3.397
search,0,224,200,18.87505,6.8563,2,4.22
search,0,225,200,17.87762,5.3041,2,4.019
search,0,226,200,17.09606,5.3008,2,3.671
search,0,227,200,21.48297,7.2183,2,5.599
search,0,228,200,23.9838,4.9147,2,3.534
search,0,229,200,17.80815,7.7412,2,6.581
search,0,230,200,15.79512,5.4397,2,4.026
search,0,231,200,17.48004,5.2407,2,3.965
search,0,232,200,15.40961,4.5602,2,3.363
search,0,233,200,19.86204,5.3972,2,4.052
search,0,234,200,16.12509,5.1641,2,3.954
search,0,235,200,15.58311,5.4421,2,4.198
search,0,236,200,26.18882,7.8067,2,6.537
search,0,237,200,25.70142,9.7358,2,8.132
search,0,238,200,14.69052,4.8379,2,3.61
search,0,239,200,16.23788,4.5128,2,3.293
search,0,240,200,16.06826,4.9946,2,3.805
search,0,241,200,16.12862,4.8213,2,3.684
search,0,242,200,81.10111,5.3114,2,3.644
search,0,243,200,20.26051,5.3623,2,3.885
search,0,244,200,27.76525,8.7473,2,7.459
search,0,245,200,15.90512,5.2193,2,3.816
search,0,246,200,22.85328,9.8637,2,8.288
search,0,247,200,23.47161,12.0705,2,10.809
search,0,248,200,17.26484,4.9418,2,3.702
search,0,249,200,16.54074,5.7431,2,4.174
search,0,250,200,16.48399,5.3235,2,4.049
search,0,251,200,15.47508,5.4019,2,4.124
search,0,252,200,17.87864,5.8013,2,4.243
search,0,253,200,20.97334,5.402,2,3.944
search,0,254,200,17.36066,5.1064,2,3.734
search,0,255,200,20.39454,5.1188,2,3.867
search,0,256,200,16.03337,5.414,2,3.845
search,0,257,200,19.73029,8.5662,2,3.572
search,0,258,200,17.03133,6.594,2,4.177
search,0,259,200,16.04708,5.513,2,4.084
search,0,260,200,15.3616,5.3411,2,4.068
search,0,261,200,17.17072,5.9538,2,4.576
search,0,262,200,17.25859,5.7755,2,4.317
search,0,263,200,16.6992,5.7827,2,4.402
search,0,264,200,14.84416,4.797,2,3.651
search,0,265,200,21.24592,6.7769,2,5.367
search,0,266,200,18.01038,6.815,2,5.462
search,0,267,200,18.35464,8.1816,2,6.984
search,0,268,200,18.90315,5.643,2,4.173
search,0,269,200,15.79315,5.544,2,4.181
search,0,270,200,17.86965,5.9293,2,4.381
search,0,271,200,17.92684,5.5559,2,4.183
search,0,272,200,21.36909,5.1636,2,3.88
search,0,273,200,21.22255,5.646,2,4.381
search,0,274,200,17.32753,5.5687,2,4.093
search,0,275,200,16.80419,5.4416,2,4.248
search,0,276,200,16.20056,5.0573,2,3.835
search,0,277,200,20.65049,4.977,2,3.686
search,0,278,200,17.45567,4.9169,2,3.703
search,0,279,200,17.3413,4.9939,2,3.732
search,0,280,200,17.00689,4.6813,2,3.513
search,0,281,200,15.23866,5.0776,2,3.865
search,0,282,200,16.77783,4.9863,2,3.756
search,0,283,200,16.04919,5.097,2,3.778
search,0,284,200,16.80943,5.1124,2,3.731
search,0,285,200,17.15062,5.7433,2,3.844
search,0,286,200,18.31625,5.5223,2,4.122
search,0,287,200,18.27571,6.5074,2,4.788
search,0,288,200,17.87951,5.3815,2,3.669
search,0,289,200,16.85101,5.4309,2,4.127
search,0,290,200,16.30643,5.1604,2,3.608
search,0,291,200,100.89571,6.5594,2,4.239
search,0,292,200,19.2302,5.3483,2,4.052
search,0,293,200,21.49156,6.1229,2,4.589
search,0,294,200,17.68923,5.9398,2,4.629
search,0,295,200,16.41118,4.8691,2,3.694
search,0,296,200,18.09869,6.0401,2,4.343
search,0,297,200,20.40681,5.033,2,3.821
search,0,298,200,17.78822,5.7722,2,4.237
search,0,299,200,17.35692,5.7321,2,4.35
search,0,300,200,20.30884,7.1219,2,4.17
search,0,301,200,18.17108,5.3658,2,4.078
search,0,302,200,16.82175,5.9404,2,4.381
search,0,303,200,14.94094,4.8534,2,3.436
search,0,304,200,15.28191,5.3453,2,3.656
search,0,305,200,15.11229,5.0394,2,3.849
search,0,306,200,15.22565,4.9573,2,3.577
search,0,307,200,14.40728,4.6062,2,3.442
search,0,308,200,15.45235,5.2424,2,3.767
search,0,309,200,14.96389,5.0634,2,3.699
search,0,310,200,17.07269,5.4307,2,3.546
search,0,311,200,16.42818,5.1727,2,3.396
search,0,312,200,15.34743,4.9471,2,3.591
search,0,313,200,16.0762,4.921,2,3.699
search,0,314,200,17.64579,5.246,2,3.671
search,0,315,200,17.30847,5.6777,2,3.795
search,0,316,200,17.80327,5.2282,2,3.828
search,0,317,200,15.82442,4.8453,2,3.594
search,0,318,200,15.75418,5.5064,2,4.241
search,0,319,200,15.44855,4.9652,2,3.602
search,0,320,200,14.42915,4.5993,2,3.424
search,0,321,200,15.32269,5.1012,2,3.65
search,0,322,200,14.07432,4.3586,2,3.211
search,0,323,200,14.56506,4.903,2,3.299
search,0,324,200,14.92577,4.8275,2,3.447
search,0,325,200,15.03323,4.6901,2,3.497
search,0,326,200,17.84344,4.4225,2,3.174
search,0,327,200,14.67187,4.6326,2,3.51
search,0,328,200,16.27124,4.5627,2,3.474
search,0,329,200,14.95508,4.5429,2,3.355
search,0,330,200,17.26392,4.6405,2,3.383
search,0,331,200,17.30763,5.0176,2,3.779
search,0,332,200,16.19775,4.9091,2,3.427
search,0,333,200,17.88639,4.6255,2,3.458
search,0,334,200,16.37412,5.1276,2,3.879
search,0,335,200,14.62391,4.4402,2,3.291
search,0,336,200,15.30177,4.7336,2,3.602
search,0,337,200,14.64464,5.1705,2,3.89
search,0,338,200,14.81231,4.4166,2,3.193
search,0,339,200,15.93478,5.3384,2,4.026
search,0,340,200,73.76463,5.1949,2,3.954
search,0,341,200,16.72916,4.6491,2,3.465
search,0,342,200,16.57878,4.9274,2,3.507
search,0,343,200,15.93911,4.909,2,3.757
search,0,344,200,15.5546,4.3335,2,3.173
search,0,345,200,14.9095,4.6539,2,3.372
search,0,346,200,15.39997,5.7452,2,4.324
search,0,347,200,15.01167,4.2716,2,3.103
search,0,348,200,20.20424,9.4444,2,4.212
search,0,349,200,15.85474,5.1365,2,3.902
search,0,350,200,30.07119,4.6195,2,3.518
search,0,351,200,14.59757,4.5248,2,3.43
search,0,352,200,14.01577,4.6971,2,3.607
search,0,353,200,14.21048,4.4165,2,3.083
search,0,354,200,14.44422,4.8451,2,3.447
search,0,355,200,17.04221,5.1324,2,3.772
search,0,356,200,16.2017,5.1125,2,3.808
search,0,357,200,21.34932,5.3694,2,3.909
search,0,358,200,16.10834,4.8307,2,3.61
search,0,359,200,14.83316,4.515,2,3.418
search,0,360,200,13.69714,4.3102,2,3.148
search,0,361,200,16.24786,4.9844,2,3.688
search,0,362,200,15.76681,4.8757,2,3.541
search,0,363,200,14.83527,5.0134,2,3.673
search,0,364,200,14.65706,4.5433,2,3.339
search,0,365,200,15.17478,4.6984,2,3.466
search,0,366,200,13.53157,4.2259,2,3.12
search,0,367,200,19.36383,9.3142,2,6.439
search,0,368,200,16.30221,5.1354,2,4.009
search,0,369,200,15.91312,4.7343,2,3.508
search,0,370,200,16.61439,5.3345,2,3.959
search,0,371,200,15.66587,4.4656,2,3.263
search,0,372,200,13.6121,4.1493,2,3.026
search,0,373,200,14.05613,4.2558,2,3.11
search,0,374,200,16.08851,5.1798,2,3.94
search,0,375,200,18.69364,5.1551,2,4.041
search,0,376,200,15.41456,4.7234,2,3.529
search,0,377,200,17.7225,5.4749,2,3.879
search,0,378,200,14.91838,4.801,2,3.594
search,0,379,200,13.29132,4.243,2,3.163
search,0,380,200,18.05929,4.577,2,3.454
search,0,381,200,17.44718,5.1481,2,3.902
search,0,382,200,16.81403,5.3176,2,4.015
search,0,383,200,15.63473,5.2545,2,3.669
search,0,384,200,14.00006,4.2816,2,3.133
search,0,385,200,13.57093,4.6223,2,3.561
search,0,386,200,15.51436,4.6348,2,3.399
search,0,387,200,16.74448,4.7602,2,3.465
search,0,388,200,17.87347,6.1559,2,4.879
search,0,389,200,83.34696,6.2875,2,4.887
search,0,390,200,17.13409,5.1081,2,3.907
search,0,391,200,16.4241,4.8624,2,3.692
search,0,392,200,15.39366,4.334,2,3.214
search,0,393,200,16.5912,4.6413,2,3.232
search,0,394,200,14.9501,4.5616,2,3.395
search,0,395,200,20.88009,4.7428,2,3.59
search,0,396,200,15.5051,4.492,2,3.346
search,0,397,200,14.74982,4.3877,2,3.234
search,0,398,200,18.02057,5.4945,2,4.02
search,0,399,200,15.44013,4.5988,2,3.48
search,0,400,200,14.71045,4.8906,2,3.695
search,0,401,200,18.6283,7.9438,2,6.495
search,0,402,200,18.92981,6.5215,2,5.291
search,0,403,200,17.28507,6.6268,2,5.409
search,0,404,200,16.94233,4.6386,2,3.48
search,0,405,200,14.01273,4.5668,2,3.434
search,0,406,200,18.30477,4.424,2,3.284
search,0,407,200,15.24587,4.6922,2,3.534
search,0,408,200,14.80802,4.7231,2,3.536
search,0,409,200,14.90074,5.1013,2,3.908
search,0,410,200,15.00058,4.6661,2,3.496
search,0,411,200,15.08863,5.0666,2,3.863
search,0,412,200,13.66823,4.5113,2,3.38
search,0,413,200,15.91816,5.5987,2,4.357
search,0,414,200,14.69193,4.6149,2,3.514
search,0,415,200,17.66805,5.772,2,4.319
search,0,416,200,15.19857,4.7192,2,3.513
search,0,417,200,16.99038,5.3878,2,3.896
search,0,418,200,14.97909,4.6016,2,3.279
search,0,419,200,15.56742,4.5383,2,3.283
search,0,420,200,15.78821,4.9272,2,3.413
search,0,421,200,14.76143,4.7365,2,3.396
search,0,422,200,16.11906,4.7645,2,3.551
search,0,423,200,14.78791,4.6325,2,3.233
search,0,424,200,14.85662,4.5985,2,3.416
search,0,425,200,17.21839,4.7696,2,3.533
search,0,426,200,16.11955,5.2482,2,3.994
search,0,427,200,16.38339,4.5938,2,3.442
search,0,428,200,15.58284,4.7851,2,3.54
search,0,429,200,15.46229,5.1633,2,3.922
search,0,430,200,17.85125,5.1078,2,3.93
search,0,431,200,18.37779,7.1162,2,6.03
search,0,432,200,18.7664,5.6325,2,4.511
search,0,433,200,20.6776,7.916,2,6.735
search,0,434,200,18.82748,4.5444,2,3.37
search,0,435,200,16.77489,4.805,2,3.57
search,0,436,200,14.87011,5.2248,2,4.066
search,0,437,200,15.79244,5.2804,2,4.103
search,0,438,200,82.13899,6.1177,2,4.312
search,0,439,200,16.38086,4.5336,2,3.318
search,0,440,200,31.72656,5.7232,2,4.267
search,0,441,200,33.42067,6.5029,2,4.792
search,0,442,200,18.37984,6.7943,2,5.317
search,0,443,200,20.6486,6.6722,2,4.446
search,0,444,200,16.56784,5.0437,2,3.893
search,0,445,200,20.44221,6.2465,2,4.459
search,0,446,200,18.77689,6.1297,2,4.413
search,0,447,200,21.05971,9.0212,2,6.799
search,0,448,200,24.06641,10.4147,2,6.719
search,0,449,200,16.29289,4.9973,2,3.639
search,0,450,200,17.98271,5.8742,2,4.196
search,0,451,200,17.15372,5.7784,2,4.284
search,0,452,200,32.03022,5.4857,2,4.042
search,0,453,200,15.62145,4.8399,2,3.503
search,0,454,200,16.46816,5.8274,2,4.49
search,0,455,200,18.84224,4.9242,2,3.744
search,0,456,200,27.47528,4.6544,2,3.412
search,0,457,200,18.5922,4.9825,2,3.442
search,0,458,200,19.76179,4.8041,2,3.649
search,0,459,200,15.07645,5.2619,2,3.952
search,0,460,200,15.52757,5.1369,2,3.958
search,0,461,200,15.21281,4.7721,2,3.67
search,0,462,200,19.72076,7.2263,2,5.931
search,0,463,200,16.97834,5.5766,2,3.984
search,0,464,200,16.42795,5.4843,2,4.105
search,0,465,200,15.97769,5.3345,2,4.033
search,0,466,200,15.40137,5.035,2,3.786
search,0,467,200,15.48267,4.9246,2,3.702
search,0,468,200,16.79943,5.2877,2,3.942
search,0,469,200,17.43582,5.7053,2,4.571
search,0,470,200,16.61105,5.4732,2,4.304
search,0,471,200,16.47832,5.2981,2,3.91
search,0,472,200,16.87924,5.5184,2,3.963
search,0,473,200,15.59301,4.8276,2,3.659
search,0,474,200,15.80401,5.1003,2,3.927
search,0,475,200,15.25517,4.9226,2,3.78
search,0,476,200,16.95904,5.9324,2,4.769
search,0,477,200,15.47796,5.0677,2,3.416
search,0,478,200,15.13882,4.6081,2,3.429
search,0,479,200,15.37971,4.8742,2,3.614
search,0,480,200,14.98462,4.8669,2,3.629
search,0,481,200,14.67356,4.5393,2,3.238
search,0,482,200,15.28797,5.125,2,3.623
search,0,483,200,16.19677,5.0821,2,3.566
search,0,484,200,16.50207,5.8519,2,4.131
search,0,485,200,17.05601,5.6556,2,4.048
search,0,486,200,19.02629,6.0636,2,4.531
search,0,487,200,72.74557,4.771,2,3.539
search,0,488,200,16.06005,4.8972,2,3.661
search,0,489,200,14.35584,4.3882,2,3.27
search,0,490,200,13.84433,4.6931,2,3.352
search,0,491,200,14.10387,4.5821,2,3.343
search,0,492,200,15.77465,4.8475,2,3.634
search,0,493,200,15.8052,5.0011,2,3.844
search,0,494,200,18.33434,5.3884,2,4.178
search,0,495,200,15.97958,5.4811,2,4.255
search,0,496,200,15.80428,4.7694,2,3.614
search,0,497,200,14.96984,4.9717,2,3.646
search,0,498,200,15.6485,4.6942,2,3.483
search,0,499,200,15.71823,5.0809,2,3.844
search,0,500,200,14.63785,4.6462,2,3.514
search,0,501,200,16.42369,5.2859,2,4.056
search,0,502,200,15.01652,4.6736,2,3.461
search,0,503,200,14.01122,4.4439,2,3.27
search,0,504,200,15.83617,4.5653,2,3.294
search,0,505,200,15.6209,4.7186,2,3.453
search,0,506,200,17.96547,6.6127,2,5.367
search,0,507,200,15.43512,4.5147,2,3.303
search,0,508,200,16.14617,4.6244,2,3.242
search,0,509,200,13.177,4.1326,2,3.025
search,0,510,200,14.77317,5.0916,2,3.389
search,0,511,200,15.25065,4.7346,2,3.511
search,0,512,200,17.47089,4.7109,2,3.444
search,0,513,200,22.23014,10.4995,2,9.151
search,0,514,200,17.20788,4.5702,2,3.341
search,0,515,200,15.75042,4.5998,2,3.427
search,0,516,200,15.21978,5.1452,2,3.589
search,0,517,200,15.3077,4.7924,2,3.506
search,0,518,200,16.22405,4.7479,2,3.468
search,0,519,200,16.19585,5.3,2,3.958
search,0,520,200,16.86358,5.2644,2,3.676
search,0,521,200,15.31146,4.9197,2,3.555
search,0,522,200,14.78749,4.9979,2,3.768
search,0,523,200,15.8144,4.8623,2,3.586
search,0,524,200,16.09134,5.0296,2,3.798
search,0,525,200,17.06294,5.0064,2,3.505
search,0,526,200,21.66761,9.6319,2,8.178
search,0,527,200,14.59255,4.454,2,3.301
search,0,528,200,14.08592,4.6563,2,3.455
search,0,529,200,15.54303,4.4599,2,3.224
search,0,530,200,15.40102,4.4556,2,3.163
search,0,531,200,18.68107,4.2748,2,3.148
search,0,532,200,14.62976,4.5531,2,3.246
search,0,533,200,13.51036,4.2221,2,3.147
search,0,534,200,14.09955,5.2612,2,4.201
search,0,535,200,21.88248,4.3417,2,3.147
search,0,536,200,73.45299,4.4956,2,3.135
search,0,537,200,17.55308,4.6544,2,3.215
search,0,538,200,17.24108,4.967,2,3.668
search,0,539,200,16.66938,5.5487,2,4.436
search,0,540,200,19.56811,8.239,2,7.002
search,0,541,200,15.4242,5.0134,2,3.75
search,0,542,200,15.30353,4.3521,2,3.24
search,0,543,200,15.44326,5.1126,2,3.903
search,0,544,200,15.62256,4.6593,2,3.403
search,0,545,200,20.09352,5.0664,2,3.549
search,0,546,200,16.43055,4.9473,2,3.501
search,0,547,200,20.19712,4.9405,2,3.598
search,0,548,200,14.06892,4.3682,2,3.271
search,0,549,200,17.1841,6.9597,2,5.505
search,0,550,200,15.50403,4.7838,2,3.61
search,0,551,200,16.71919,5.3456,2,3.688
search,0,552,200,16.36307,5.0142,2,3.606
search,0,553,200,16.50362,4.9835,2,3.577
search,0,554,200,15.08858,5.0465,2,3.652
search,0,555,200,17.49332,5.1812,2,3.745
search,0,556,200,15.97787,4.9848,2,3.662
search,0,557,200,16.18098,4.8397,2,3.35
search,0,558,200,16.17873,5.0838,2,3.64
search,0,559,200,15.96733,4.8703,2,3.467
search,0,560,200,14.46012,5.2385,2,3.098
search,0,561,200,14.95349,4.5277,2,3.259
search,0,562,200,16.64248,4.8333,2,3.422
search,0,563,200,14.20726,4.4878,2,3.353
search,0,564,200,17.5433,5.6523,2,4.362
search,0,565,200,18.33045,6.4714,2,3.896
search,0,566,200,15.453,4.3863,2,3.223
search,0,567,200,14.39525,5.1356,2,3.518
search,0,568,200,16.3778,4.771,2,3.331
search,0,569,200,15.16923,4.7675,2,3.257
search,0,570,200,15.51347,4.3508,2,3.173
search,0,571,200,16.55204,5.0498,2,3.859
search,0,572,200,16.56381,4.9723,2,3.787
search,0,573,200,15.33658,4.5652,2,3.379
search,0,574,200,15.57651,4.7595,2,3.634
search,0,575,200,15.60928,4.8647,2,3.525
search,0,576,200,14.61122,4.7445,2,3.614
search,0,577,200,19.88043,6.6821,2,5.164
search,0,578,200,18.79648,5.6917,2,4.365
search,0,579,200,14.89201,4.4024,2,3.307
search,0,580,200,15.41344,4.9369,2,3.397
search,0,581,200,15.05209,4.7526,2,3.342
search,0,582,200,18.53422,4.7532,2,3.451
search,0,583,200,16.64058,5.4323,2,3.97
search,0,584,200,15.78018,5.0821,2,3.548
search,0,585,200,81.8343,5.2774,2,3.758
search,0,586,200,17.33045,5.3606,2,3.75
search,0,587,200,16.35483,4.9713,2,3.767
search,0,588,200,18.27926,5.2883,2,3.561
search,0,589,200,17.43954,6.0658,2,4.442
search,0,590,200,17.27789,5.1441,2,3.85
search,0,591,200,16.38413,4.8488,2,3.528
search,0,592,200,16.5698,5.4019,2,4.016
search,0,593,200,14.96198,4.7859,2,3.434
search,0,594,200,19.74425,5.4235,2,4.277
search,0,595,200,21.60248,10.4758,2,9.251
search,0,596,200,18.1886,4.9802,2,3.607
search,0,597,200,14.77552,4.4682,2,3.298
search,0,598,200,13.59552,4.1373,2,3.053
search,0,599,200,13.5311,4.2313,2,3.17
search,0,600,200,17.51561,5.7455,2,4.005
search,0,601,200,15.26701,4.4752,2,3.32
search,0,602,200,14.49986,4.3684,2,3.281
search,0,603,200,15.18956,5.1123,2,3.947
search,0,604,200,14.97932,4.5358,2,3.339
search,0,605,200,14.93655,4.4486,2,3.288
search,0,606,200,15.21116,4.8135,2,3.633
search,0,607,200,14.85538,4.7523,2,3.54
search,0,608,200,14.90619,4.6993,2,3.511
search,0,609,200,16.53359,5.1703,2,3.842
search,0,610,200,15.70632,4.5067,2,3.367
search,0,611,200,15.72008,4.5642,2,3.363
search,0,612,200,16.88574,4.8029,2,3.416
search,0,613,200,16.54427,4.4726,2,3.296
search,0,614,200,16.97097,5.3054,2,4.049
search,0,615,200,16.59851,6.3116,2,5.178
search,0,616,200,16.21884,4.8468,2,3.716
search,0,617,200,15.94555,5.6631,2,4.514
search,0,618,200,16.24898,4.823,2,3.399
search,0,619,200,14.41345,4.7123,2,3.349
search,0,620,200,14.50321,4.348,2,3.209
search,0,621,200,14.19211,4.6166,2,3.366
search,0,622,200,16.46577,4.7825,2,3.585
search,0,623,200,16.94826,4.9541,2,3.595
search,0,624,200,15.28258,4.7999,2,3.535
search,0,625,200,15.50576,4.7902,2,3.641
search,0,626,200,15.4522,4.5196,2,3.219
search,0,627,200,14.60785,4.331,2,3.169
search,0,628,200,14.4991,4.5698,2,3.388
search,0,629,200,15.02187,4.4885,2,3.302
search,0,630,200,14.5003,4.7619,2,3.614
search,0,631,200,14.58784,4.7152,2,3.294
search,0,632,200,15.15179,4.7183,2,3.617
search,0,633,200,15.33751,4.4471,2,3.295
search,0,634,200,71.9482,4.6472,2,3.409
search,0,635,200,19.8124,4.9976,2,3.66
search,0,636,200,14.07953,4.2424,2,3.12
search,0,637,200,15.41135,4.7251,2,3.596
search,0,638,200,20.58833,4.4015,2,3.282
search,0,639,200,14.70842,4.3302,2,3.187
search,0,640,200,13.67722,4.5812,2,3.414
search,0,641,200,14.4407,4.6471,2,3.336
search,0,642,200,13.98915,4.3425,2,3.194
search,0,643,200,14.01565,4.8076,2,3.609
search,0,644,200,13.6468,4.1857,2,3.083
search,0,645,200,16.40106,4.3353,2,3.202
search,0,646,200,16.34598,5.6516,2,4.45
search,0,647,200,17.95668,4.699,2,3.523
search,0,648,200,17.51647,4.8265,2,3.456
search,0,649,200,15.93138,4.5399,2,3.361
search,0,650,200,15.9112,4.4666,2,3.285
search,0,651,200,14.66944,4.321,2,3.203
search,0,652,200,14.93435,4.8244,2,3.417
search,0,653,200,14.02539,4.4972,2,3.378
search,0,654,200,16.24284,4.769,2,3.321
search,0,655,200,15.68898,4.6774,2,3.433
search,0,656,200,14.68904,4.6785,2,3.542
search,0,657,200,14.51575,4.4625,2,3.14
search,0,658,200,15.22005,5.6177,2,4.102
search,0,659,200,14.18387,4.2295,2,3.134
search,0,660,200,13.70543,4.3717,2,3.27
search,0,661,200,14.29837,4.6562,2,3.581
search,0,662,200,15.3103,4.9484,2,3.8
search,0,663,200,15.73256,4.7183,2,3.524
search,0,664,200,16.03175,5.1019,2,3.855
search,0,665,200,16.82727,4.7345,2,3.497
search,0,666,200,15.37438,5.081,2,3.973
search,0,667,200,15.76936,4.8199,2,3.418
search,0,668,200,17.43369,5.4645,2,4.116
search,0,669,200,18.43919,5.8676,2,4.288
search,0,670,200,17.97471,4.8488,2,3.579
search,0,671,200,14.4083,4.8608,2,3.707
search,0,672,200,14.93654,4.9231,2,3.536
search,0,673,200,16.91722,5.225,2,3.822
search,0,674,200,16.6132,5.1106,2,3.649
search,0,675,200,14.80208,4.4681,2,3.286
search,0,676,200,15.4091,4.9578,2,3.798
search,0,677,200,14.43519,4.4771,2,3.334
search,0,678,200,16.20501,5.8937,2,4.793
search,0,679,200,24.21095,4.9681,2,3.715
search,0,680,200,19.26253,4.8521,2,3.584
search,0,681,200,17.92578,5.0217,2,3.707
search,0,682,200,17.67101,4.5069,2,3.244
search,0,683,200,77.97742,4.9151,2,3.797
search,0,684,200,17.28627,4.8115,2,3.524
search,0,685,200,15.06187,4.6116,2,3.485
search,0,686,200,14.48454,4.5908,2,3.52
search,0,687,200,15.89529,5.0377,2,3.821
search,0,688,200,15.55662,4.8491,2,3.619
search,0,689,200,16.10525,4.9213,2,3.729
search,0,690,200,15.35695,4.6573,2,3.437
search,0,691,200,15.16157,4.5294,2,3.278
search,0,692,200,14.4602,4.3725,2,3.258
search,0,693,200,15.04467,4.8173,2,3.347
search,0,694,200,18.82823,4.838,2,3.445
search,0,695,200,17.24755,5.6169,2,4.303
search,0,696,200,15.92777,4.569,2,3.312
search,0,697,200,16.79105,5.3938,2,3.915
search,0,698,200,14.34249,4.3417,2,3.217
search,0,699,200,13.08809,4.3075,2,3.214
search,0,700,200,15.26717,4.6397,2,3.42
search,0,701,200,17.51872,4.913,2,3.684
search,0,702,200,13.72033,4.3201,2,3.184
search,0,703,200,16.58535,5.8047,2,4.396
search,0,704,200,18.98966,6.025,2,4.628
search,0,705,200,22.04105,4.6375,2,3.324
search,0,706,200,14.3942,4.4317,2,3.288
search,0,707,200,14.48893,4.3853,2,3.183
search,0,708,200,14.67011,4.2341,2,3.099
search,0,709,200,15.31189,4.7273,2,3.289
search,0,710,200,15.5396,4.323,2,3.209
search,0,711,200,13.91638,4.337,2,3.209
search,0,712,200,14.25416,4.6532,2,3.447
search,0,713,200,16.53981,4.8239,2,3.66
search,0,714,200,15.03244,4.6586,2,3.5
search,0,715,200,14.8397,4.4403,2,3.263
search,0,716,200,15.1024,4.5771,2,3.331
search,0,717,200,15.76159,4.3358,2,3.23
search,0,718,200,13.50344,4.3132,2,3.214
search,0,719,200,14.66305,4.5017,2,3.265
search,0,720,200,14.82123,4.5088,2,3.262
search,0,721,200,16.04523,4.6175,2,3.419
search,0,722,200,14.94072,4.3989,2,3.255
search,0,723,200,16.21058,4.5861,2,3.351
search,0,724,200,14.65904,4.2407,2,3.144
search,0,725,200,15.49978,4.783,2,3.425
search,0,726,200,16.49564,4.7201,2,3.534
search,0,727,200,15.62511,4.3862,2,3.233
search,0,728,200,15.57258,4.7404,2,3.5
search,0,729,200,15.21541,4.4433,2,3.279
search,0,730,200,14.12004,4.4065,2,3.3
search,0,731,200,15.41056,4.4769,2,3.344
search,0,732,200,70.03245,5.6545,2,3.932
search,0,733,200,14.79671,4.7215,2,3.523
search,0,734,200,14.41342,4.651,2,3.486
search,0,735,200,13.45493,4.6282,2,3.46
search,0,736,200,15.05246,4.4074,2,3.294
search,0,737,200,14.23915,4.5367,2,3.44
search,0,738,200,14.79169,4.6475,2,3.335
search,0,739,200,13.84985,4.4247,2,3.329
search,0,740,200,13.97916,4.7789,2,3.39
search,0,741,200,15.66,4.4386,2,3.256
search,0,742,200,14.22588,4.4732,2,3.305
search,0,743,200,13.90366,4.4611,2,3.286
search,0,744,200,13.61826,4.4139,2,3.185
search,0,745,200,13.75466,4.562,2,3.37
search,0,746,200,13.81012,4.444,2,3.288
search,0,747,200,14.35747,4.4397,2,3.286
search,0,748,200,13.77325,4.6579,2,3.485
search,0,749,200,14.37295,4.4852,2,3.331
search,0,750,200,13.72298,4.413,2,3.294
search,0,751,200,13.95956,4.2265,2,3.082
search,0,752,200,13.52425,4.2344,2,3.138
search,0,753,200,14.0983,4.1238,2,3.032
search,0,754,200,13.30572,4.3705,2,3.272
search,0,755,200,14.14638,4.3811,2,3.242
search,0,756,200,14.02034,4.6678,2,3.273
search,0,757,200,13.62489,4.3501,2,3.245
search,0,758,200,15.0063,4.4158,2,3.279
search,0,759,200,15.28393,5.0229,2,3.592
search,0,760,200,16.35186,5.0227,2,3.857
search,0,761,200,14.63395,4.2989,2,3.217
search,0,762,200,13.82181,4.156,2,3.088
search,0,763,200,14.77754,4.6226,2,3.465
search,0,764,200,13.87619,4.3123,2,3.139
search,0,765,200,14.57588,4.376,2,3.272
search,0,766,200,15.47069,5.095,2,3.597
search,0,767,200,15.76823,4.8398,2,3.596
search,0,768,200,14.51287,4.5455,2,3.359
search,0,769,200,14.59814,4.265,2,3.095
search,0,770,200,14.65243,4.6422,2,3.499
search,0,771,200,15.26596,4.6214,2,3.487
search,0,772,200,14.23652,4.4048,2,3.221
search,0,773,200,14.08815,4.5276,2,3.383
search,0,774,200,14.50152,4.5239,2,3.289
search,0,775,200,14.03486,4.4808,2,3.382
search,0,776,200,13.55494,4.5237,2,3.24
search,0,777,200,15.27168,4.5179,2,3.369
search,0,778,200,14.46789,4.8019,2,3.589
search,0,779,200,13.93301,4.6553,2,3.51
search,0,780,200,17.45753,4.9479,2,3.569
search,0,781,200,67.13371,4.3335,2,3.169
search,0,782,200,15.49577,4.5993,2,3.374
search,0,783,200,13.46926,4.3754,2,3.201
search,0,784,200,13.39123,4.3581,2,3.261
search,0,785,200,13.09516,4.1592,2,3.055
search,0,786,200,14.17101,4.8373,2,3.715
search,0,787,200,14.24405,4.5404,2,3.282
search,0,788,200,16.80808,5.271,2,4.044
search,0,789,200,14.99268,4.5122,2,3.294
search,0,790,200,16.25362,4.5596,2,3.366
search,0,791,200,15.24869,4.6529,2,3.422
search,0,792,200,19.77356,5.3137,2,4.153
search,0,793,200,16.43233,4.8173,2,3.508
search,0,794,200,18.54612,4.5681,2,3.446
search,0,795,200,13.43731,4.2992,2,3.226
search,0,796,200,17.58734,4.5488,2,3.261
search,0,797,200,13.20176,4.146,2,3.075
search,0,798,200,14.45526,5.4384,2,4.176
search,0,799,200,15.40494,4.7369,2,3.598
search,0,800,200,14.5742,4.7373,2,3.582
search,0,801,200,17.14499,5.528,2,4.323
search,0,802,200,17.37824,5.1723,2,3.877
search,0,803,200,14.68757,4.3623,2,3.24
search,0,804,200,14.60848,4.8983,2,3.781
search,0,805,200,14.89211,4.5419,2,3.379
search,0,806,200,15.44321,4.8357,2,3.63
search,0,807,200,15.5614,4.9886,2,3.467
search,0,808,200,15.89405,5.0356,2,3.798
search,0,809,200,15.16639,5.0004,2,3.547
search,0,810,200,14.76273,5.0092,2,3.863
search,0,811,200,14.29501,4.4669,2,3.331
search,0,812,200,15.79133,5.3173,2,4.186
search,0,813,200,18.30255,4.9935,2,3.741
search,0,814,200,17.19804,5.1243,2,3.916
search,0,815,200,15.66837,4.6142,2,3.351
search,0,816,200,15.42818,5.2955,2,4.05
search,0,817,200,14.66725,4.3369,2,3.149
search,0,818,200,19.26065,5.0514,2,3.85
search,0,819,200,15.00741,4.5375,2,3.45
search,0,820,200,17.53388,5.461,2,3.756
search,0,821,200,15.01308,4.496,2,3.308
search,0,822,200,14.13244,4.6847,2,3.565
search,0,823,200,13.90491,4.4824,2,3.218
search,0,824,200,12.98275,4.1716,2,3.081
search,0,825,200,15.49466,5.2723,2,4.082
search,0,826,200,14.68087,4.3667,2,3.108
search,0,827,200,14.40869,4.8093,2,3.497
search,0,828,200,13.71233,4.3863,2,3.248
search,0,829,200,14.98244,4.6632,2,3.569
search,0,830,200,73.87504,4.2935,2,3.129
search,0,831,200,15.67987,4.7136,2,3.529
search,0,832,200,14.61376,4.4452,2,3.342
search,0,833,200,13.40804,4.6791,2,3.521
search,0,834,200,13.8877,4.3879,2,3.23
search,0,835,200,16.88487,5.7215,2,4.169
search,0,836,200,15.2961,4.7061,2,3.342
search,0,837,200,14.74726,4.8186,2,3.491
search,0,838,200,13.98149,4.4244,2,3.211
search,0,839,200,17.63752,6.3669,2,5.245
search,0,840,200,13.0186,4.2109,2,3.135
search,0,841,200,14.05551,4.6401,2,3.53
search,0,842,200,13.08147,4.1994,2,3.09
search,0,843,200,14.50453,4.3963,2,3.233
search,0,844,200,17.93278,5.9058,2,4.762
search,0,845,200,24.50468,5.8125,2,4.388
search,0,846,200,20.00114,5.0888,2,3.509
search,0,847,200,16.36625,5.1439,2,3.955
search,0,848,200,17.44231,4.9995,2,3.374
search,0,849,200,15.96634,4.9155,2,3.731
search,0,850,200,22.79482,6.7377,2,5.204
search,0,851,200,14.62619,4.3856,2,3.251
search,0,852,200,15.83814,4.7525,2,3.555
search,0,853,200,19.49331,4.6221,2,3.376
search,0,854,200,19.21469,8.2389,2,6.946
search,0,855,200,16.37667,4.9229,2,3.349
search,0,856,200,18.20574,5.9718,2,4.532
search,0,857,200,16.9528,4.6785,2,3.376
search,0,858,200,15.97927,5.0803,2,3.743
search,0,859,200,16.14521,4.4644,2,3.269
search,0,860,200,15.83917,4.5703,2,3.375
search,0,861,200,21.615,5.2241,2,4.006
search,0,862,200,19.21924,5.1875,2,4.008
search,0,863,200,16.49056,4.9415,2,3.77
search,0,864,200,19.23551,4.817,2,3.48
search,0,865,200,15.79955,4.7256,2,3.476
search,0,866,200,18.13265,5.4699,2,4.086
search,0,867,200,16.1763,5.2024,2,3.929
search,0,868,200,15.36245,4.4709,2,3.243
search,0,869,200,15.12376,4.5204,2,3.398
search,0,870,200,17.04388,4.8057,2,3.449
search,0,871,200,15.27554,4.7818,2,3.578
search,0,872,200,15.65141,5.0158,2,3.65
search,0,873,200,14.51199,4.6955,2,3.544
search,0,874,200,15.25173,5.0327,2,3.57
search,0,875,200,14.09561,4.6317,2,3.171
search,0,876,200,17.13319,5.7094,2,4.109
search,0,877,200,16.78079,4.7197,2,3.366
search,0,878,200,15.91414,5.0137,2,3.85
search,0,879,200,77.56082,5.3153,2,3.74
search,0,880,200,17.02318,5.0127,2,3.783
search,0,881,200,16.07092,4.8475,2,3.68
search,0,882,200,14.4364,4.8912,2,3.756
search,0,883,200,18.44584,4.7373,2,3.549
search,0,884,200,22.0987,6.7561,2,5.177
search,0,885,200,18.83493,4.9369,2,3.713
search,0,886,200,17.09779,5.5648,2,3.724
search,0,887,200,17.44215,4.5664,2,3.468
search,0,888,200,16.13641,4.2832,2,3.126
search,0,889,200,14.31323,4.5811,2,3.434
search,0,890,200,15.93595,5.091,2,3.819
search,0,891,200,16.975,5.2321,2,4.043
search,0,892,200,16.44706,4.6462,2,3.44
search,0,893,200,16.81524,5.4842,2,4.155
search,0,894,200,13.80406,4.4429,2,3.311
search,0,895,200,14.95464,4.8146,2,3.538
search,0,896,200,26.48841,5.1161,2,3.46
search,0,897,200,27.20299,15.6331,2,14.33
search,0,898,200,20.75253,5.3016,2,3.94
search,0,899,200,16.06821,4.9844,2,3.771
search,0,900,200,13.76865,4.9849,2,3.853
search,0,901,200,16.66884,5.1074,2,3.878
search,0,902,200,16.97629,6.2946,2,5.126
search,0,903,200,16.0688,4.6812,2,3.505
search,0,904,200,17.52783,4.8159,2,3.451
search,0,905,200,14.06838,4.2758,2,3.181
search,0,906,200,13.37041,4.1567,2,3.02
search,0,907,200,15.99154,5.2121,2,3.996
search,0,908,200,17.21573,5.4655,2,4.12
search,0,909,200,15.21934,4.5868,2,3.312
search,0,910,200,17.02647,5.5763,2,4.199
search,0,911,200,15.3941,5.4287,2,4.156
search,0,912,200,14.64402,5.1869,2,4.023
search,0,913,200,16.04463,5.1553,2,3.786
search,0,914,200,17.04993,5.8083,2,4.324
search,0,915,200,14.60076,4.5427,2,3.358
search,0,916,200,18.2114,5.3971,2,3.9
search,0,917,200,15.26385,4.4483,2,3.249
search,0,918,200,15.28223,4.6938,2,3.459
search,0,919,200,16.37684,5.239,2,3.9
search,0,920,200,18.74317,4.8892,2,3.406
search,0,921,200,16.68102,4.8347,2,3.34
search,0,922,200,16.65938,4.6114,2,3.43
search,0,923,200,14.63052,4.4005,2,3.23
search,0,924,200,15.91712,4.4475,2,3.32
search,0,925,200,13.81543,4.4662,2,3.362
search,0,926,200,17.52591,5.0847,2,3.718
search,0,927,200,17.76929,6.1242,2,4.496
search,0,928,200,77.81192,5.9401,2,4.55
search,0,929,200,18.22071,5.1596,2,3.787
search,0,930,200,25.27023,5.6755,2,4.189
search,0,931,200,15.55411,4.783,2,3.442
search,0,932,200,15.28528,4.4199,2,3.134
search,0,933,200,15.84887,4.7692,2,3.457
search,0,934,200,17.16342,5.6261,2,4.2
search,0,935,200,15.55513,4.7819,2,3.533
search,0,936,200,17.2361,5.2312,2,4.042
search,0,937,200,15.98027,4.9635,2,3.512
search,0,938,200,14.96767,4.6596,2,3.463
search,0,939,200,14.48081,4.3714,2,3.246
search,0,940,200,18.43962,5.6128,2,4.121
search,0,941,200,16.15788,4.7551,2,3.353
search,0,942,200,15.58154,4.8709,2,3.674
search,0,943,200,14.87082,4.6354,2,3.42
search,0,944,200,13.81571,4.4867,2,3.308
search,0,945,200,14.13963,4.5272,2,3.413
search,0,946,200,15.90135,4.9144,2,3.539
search,0,947,200,17.39455,4.7151,2,3.425
search,0,948,200,15.67509,4.9081,2,3.718
search,0,949,200,15.8591,4.4943,2,3.317
search,0,950,200,16.59495,5.3965,2,3.683
search,0,951,200,14.54898,4.3924,2,3.109
search,0,952,200,15.57734,4.8652,2,3.675
search,0,953,200,38.06491,23.2346,2,21.758
search,0,954,200,17.91322,5.7676,2,4.359
search,0,955,200,15.28067,4.7996,2,3.578
search,0,956,200,14.22149,4.4328,2,3.319
search,0,957,200,16.00666,5.1491,2,3.963
search,0,958,200,17.6492,5.8655,2,4.322
search,0,959,200,15.17255,5.2104,2,3.646
search,0,960,200,16.72974,5.8524,2,4.333
search,0,961,200,16.54109,5.7208,2,4.28
search,0,962,200,16.68798,5.826,2,4.221
search,0,963,200,16.52691,5.5491,2,4.161
search,0,964,200,16.33218,5.5392,2,4.206
search,0,965,200,14.36736,4.8514,2,3.548
search,0,966,200,15.61581,5.4238,2,4.055
search,0,967,200,15.68285,5.1567,2,3.85
search,0,968,200,16.92701,5.758,2,4.267
search,0,969,200,15.19557,5.2632,2,3.973
search,0,970,200,17.8219,6.1651,2,4.671
search,0,971,200,16.38496,5.6776,2,4.109
search,0,972,200,17.01402,5.3445,2,3.842
search,0,973,200,14.26667,4.9678,2,3.607
search,0,974,200,16.50564,6.1039,2,4.525
search,0,975,200,16.68774,5.5768,2,4.008
search,0,976,200,21.34117,6.0908,2,4.113
search,0,977,200,77.54723,4.9861,2,3.774
search,0,978,200,21.19583,8.2973,2,4.127
search,0,979,200,17.06408,5.0064,2,3.738
search,0,980,200,15.78296,4.6093,2,3.459
search,0,981,200,14.72567,4.8786,2,3.565
search,0,982,200,14.9017,5.1677,2,3.794
search,0,983,200,14.77559,5.4377,2,3.25
search,0,984,200,15.06655,4.7128,2,3.447
search,0,985,200,16.33981,5.0007,2,3.653
search,0,986,200,16.3363,5.3613,2,3.515
search,0,987,200,21.06648,5.4661,2,4.143
search,0,988,200,13.35982,4.2171,2,3.092
search,0,989,200,12.95891,4.2423,2,3.167
search,0,990,200,21.3242,11.3453,2,10.202
search,0,991,200,16.50451,4.8393,2,3.69
search,0,992,200,15.03948,5.1625,2,3.957
search,0,993,200,14.28235,4.8969,2,3.553
search,0,994,200,15.42479,5.5514,2,4.39
search,0,995,200,15.09336,5.0268,2,3.776
search,0,996,200,15.27684,5.647,2,4.05
search,0,997,200,15.85422,4.8385,2,3.671
search,0,998,200,19.96213,5.4932,2,4.232
search,0,999,200,17.26856,6.4172,2,4.973
inventory,1,0,200,32.4732,20.4633,15,4.813
inventory,1,1,200,13.43519,3.8216,13,2.843
inventory,1,2,200,14.47662,4.3357,13,3.095
inventory,1,3,200,15.50692,3.8221,13,2.811
inventory,1,4,200,15.27158,4.7262,13,3.591
inventory,1,5,200,15.94518,4.77,13,3.53
inventory,1,6,200,13.79331,3.6966,13,2.682
inventory,1,7,200,15.13986,4.7253,13,3.408
inventory,1,8,200,16.21526,3.9877,13,2.932
inventory,1,9,200,14.89225,3.8623,13,2.842
inventory,1,10,200,14.75066,4.8951,13,3.772
inventory,1,11,200,15.93448,5.9719,13,4.887
inventory,1,12,200,13.94839,3.7817,13,2.85
inventory,1,13,200,15.22884,4.0939,13,3.08
inventory,1,14,200,13.29266,3.5749,13,2.699
inventory,1,15,200,13.90821,3.8668,13,2.928
inventory,1,16,200,13.48913,3.6637,13,2.722
inventory,1,17,200,14.7994,3.8081,13,2.769
inventory,1,18,200,13.80605,3.7133,13,2.715
inventory,1,19,200,15.74409,4.2622,13,3.196
inventory,0,0,200,13.51467,3.6006,13,2.639
inventory,0,1,200,13.17628,3.8636,13,2.775
inventory,0,2,200,14.02724,3.8354,13,2.888
inventory,0,3,200,14.46709,4.3202,13,3.118
inventory,0,4,200,13.5054,4.052,13,3.024
inventory,0,5,200,13.00584,3.5384,13,2.682
inventory,0,6,200,84.99099,3.7582,13,2.756
inventory,0,7,200,15.15369,4.2903,13,3.086
inventory,0,8,200,14.641,4.3313,13,3.083
inventory,0,9,200,14.91997,4.0589,13,3.01
inventory,0,10,200,17.0786,5.1726,13,4.141
inventory,0,11,200,13.0318,3.5496,13,2.646
inventory,0,12,200,13.92816,3.9873,13,2.821
inventory,0,13,200,14.87262,4.0444,13,3.045
inventory,0,14,200,13.4123,3.8386,13,2.941
inventory,0,15,200,36.6768,23.6522,15,3.968
inventory,0,16,200,13.68942,3.7018,13,2.688
inventory,0,17,200,14.70272,4.2696,13,3.178
inventory,0,18,200,14.65303,3.9878,13,2.799
inventory,0,19,200,21.5256,4.3796,13,2.839
inventory,0,20,200,15.01641,4.3007,13,3.078
inventory,0,21,200,18.5048,5.5864,13,4.533
inventory,0,22,200,22.39716,5.1208,13,3.376
inventory,0,23,200,15.08381,4.3558,13,3.1
inventory,0,24,200,14.24171,4.2594,13,3.125
inventory,0,25,200,13.14129,3.6919,13,2.765
inventory,0,26,200,12.94727,3.4995,13,2.562
inventory,0,27,200,12.9222,3.5525,13,2.612
inventory,0,28,200,15.14027,3.8436,13,2.88
inventory,0,29,200,12.30296,3.5222,13,2.567
inventory,0,30,200,12.96674,3.9622,13,2.817
inventory,0,31,200,14.49972,4.2235,13,3.263
inventory,0,32,200,14.18608,3.5716,13,2.647
inventory,0,33,200,14.83224,4.2609,13,3.161
inventory,0,34,200,14.67198,4.0545,13,2.853
inventory,0,35,200,23.09619,4.2548,13,2.994
inventory,0,36,200,14.45879,3.9686,13,2.984
inventory,0,37,200,17.67921,6.1604,13,4.57
inventory,0,38,200,14.18738,3.8721,13,2.792
inventory,0,39,200,14.00488,3.8166,13,2.81
inventory,0,40,200,13.58652,3.574,13,2.544
inventory,0,41,200,12.16868,3.3156,13,2.453
inventory,0,42,200,19.70713,5.672,13,4.303
inventory,0,43,200,16.64394,4.5707,13,3.342
inventory,0,44,200,16.04393,4.8711,13,3.214
inventory,0,45,200,15.04372,4.3942,13,3.116
inventory,0,46,200,14.25549,3.7786,13,2.776
inventory,0,47,200,12.74802,4.1253,13,2.958
inventory,0,48,200,15.13225,4.9328,13,3.728
inventory,0,49,200,14.95986,4.4569,13,3.3
inventory,0,50,200,16.56845,5.4426,13,4.289
inventory,0,51,200,15.7118,4.8537,13,3.464
inventory,0,52,200,14.61956,4.056,13,3.091
inventory,0,53,200,13.80055,4.1072,13,3.182
inventory,0,54,200,12.46639,3.5691,13,2.682
inventory,0,55,200,79.98168,5.1172,13,3.697
inventory,0,56,200,15.10504,4.1164,13,3.089
inventory,0,57,200,19.32637,6.8483,13,5.728
inventory,0,58,200,16.63028,4.2876,13,3.147
inventory,0,59,200,14.99957,3.8643,13,2.719
inventory,0,60,200,15.8662,4.7449,13,3.52
inventory,0,61,200,14.62537,3.9248,13,2.876
inventory,0,62,200,13.07599,3.8325,13,2.77
inventory,0,63,200,12.72395,3.7286,13,2.61
inventory,0,64,200,15.96613,4.0548,13,2.947
inventory,0,65,200,16.72499,4.3385,13,3.181
inventory,0,66,200,15.71525,3.8299,13,2.832
inventory,0,67,200,14.36135,3.8842,13,2.865
inventory,0,68,200,19.69558,3.8173,13,2.848
inventory,0,69,200,15.33231,4.1211,13,2.955
inventory,0,70,200,19.41622,3.8613,13,2.762
inventory,0,71,200,16.19247,5.1399,13,3.91
inventory,0,72,200,15.31415,3.7023,13,2.741
inventory,0,73,200,13.60385,3.9381,13,2.919
inventory,0,74,200,17.15234,7.0744,13,2.954
inventory,0,75,200,18.22368,4.2543,13,3.169
inventory,0,76,200,15.22032,4.175,13,3.063
inventory,0,77,200,14.09813,4.2827,13,3.266
inventory,0,78,200,14.62856,4.1548,13,3.115
inventory,0,79,200,13.0251,3.6132,13,2.673
inventory,0,80,200,13.95224,4.0654,13,2.77
inventory,0,81,200,14.27853,3.803,13,2.799
inventory,0,82,200,16.31728,4.2382,13,2.991
inventory,0,83,200,15.94451,4.121,13,2.904
inventory,0,84,200,15.69356,4.095,13,3.02
inventory,0,85,200,14.84383,3.8703,13,2.813
inventory,0,86,200,14.51779,3.9632,13,2.819
inventory,0,87,200,14.92602,3.8032,13,2.814
inventory,0,88,200,14.23657,4.0683,13,2.94
inventory,0,89,200,13.08526,3.7094,13,2.727
inventory,0,90,200,13.79404,3.7243,13,2.583
inventory,0,91,200,17.48819,4.9247,13,3.607
inventory,0,92,200,44.7476,3.7442,13,2.642
inventory,0,93,200,22.35941,3.8025,13,2.77
inventory,0,94,200,15.36238,4.0399,13,2.859
inventory,0,95,200,15.91959,3.9772,13,2.881
inventory,0,96,200,14.7603,3.7776,13,2.672
inventory,0,97,200,14.84571,3.6349,13,2.705
inventory,0,98,200,15.11892,4.0992,13,2.976
inventory,0,99,200,18.31008,3.8253,13,2.886
inventory,0,100,200,15.34857,4.2038,13,3.246
inventory,0,101,200,14.91165,3.9891,13,3.04
inventory,0,102,200,16.34464,5.333,13,4.007
inventory,0,103,200,19.09379,4.2092,13,3.196
inventory,0,104,200,79.68716,4.0489,13,3.134
inventory,0,105,200,14.5926,3.6836,13,2.731
inventory,0,106,200,14.38864,4.049,13,2.936
inventory,0,107,200,14.27652,3.8132,13,2.833
inventory,0,108,200,13.2203,3.786,13,2.621
inventory,0,109,200,14.7913,4.4984,13,2.985
inventory,0,110,200,13.90407,3.7436,13,2.663
inventory,0,111,200,15.11254,3.9709,13,2.933
inventory,0,112,200,15.11585,4.2126,13,3.096
inventory,0,113,200,14.26247,4.0081,13,2.945
inventory,0,114,200,22.57724,4.4069,13,3.056
inventory,0,115,200,14.54521,4.8822,13,3.669
inventory,0,116,200,13.96531,4.0856,13,2.958
inventory,0,117,200,12.95168,3.5523,13,2.651
inventory,0,118,200,12.8906,3.4493,13,2.465
inventory,0,119,200,12.53032,3.5553,13,2.563
inventory,0,120,200,13.83756,3.8926,13,2.812
inventory,0,121,200,16.01512,4.6474,13,3.461
inventory,0,122,200,13.68811,3.9202,13,2.597
inventory,0,123,200,15.0285,4.7528,13,3.518
inventory,0,124,200,13.0272,3.6806,13,2.51
inventory,0,125,200,13.79105,4.5373,13,3.446
inventory,0,126,200,28.70911,12.1485,13,10.536
inventory,0,127,200,14.20627,3.6147,13,2.694
inventory,0,128,200,13.73437,3.7257,13,2.741
inventory,0,129,200,13.12105,3.4166,13,2.474
inventory,0,130,200,16.64691,5.0348,13,3.752
inventory,0,131,200,14.351,4.0766,13,3.02
inventory,0,132,200,20.85097,9.6823,13,3.658
inventory,0,133,200,13.70403,3.8136,13,2.746
inventory,0,134,200,14.28895,4.5623,13,3.429
inventory,0,135,200,13.1795,3.6566,13,2.653
inventory,0,136,200,14.69877,4.645,13,3.416
inventory,0,137,200,13.10285,3.6622,13,2.672
inventory,0,138,200,14.80888,4.6368,13,3.415
inventory,0,139,200,17.93756,7.5731,13,6.366
inventory,0,140,200,14.81716,3.8392,13,2.829
inventory,0,141,200,15.41962,3.7642,13,2.826
inventory,0,142,200,13.57871,3.6451,13,2.708
inventory,0,143,200,19.4137,6.43,13,5.424
inventory,0,144,200,14.15371,3.6847,13,2.743
inventory,0,145,200,19.86548,5.2056,13,4.016
inventory,0,146,200,14.41302,3.9836,13,2.989
inventory,0,147,200,12.80254,3.2871,13,2.443
inventory,0,148,200,14.10663,4.2352,13,2.897
inventory,0,149,200,14.83195,4.9468,13,3.948
inventory,0,150,200,13.59948,3.6935,13,2.602
inventory,0,151,200,14.89222,4.3353,13,2.983
inventory,0,152,200,15.52341,3.6979,13,2.77
inventory,0,153,200,74.67508,4.8363,13,3.581
inventory,0,154,200,15.72062,3.6094,13,2.648
inventory,0,155,200,14.55192,4.8035,13,3.573
inventory,0,156,200,14.60124,3.8036,13,2.733
inventory,0,157,200,14.12377,4.2568,13,3.076
inventory,0,158,200,14.44793,4.1569,13,2.8
inventory,0,159,200,16.44053,4.7464,13,3.559
inventory,0,160,200,13.75483,4.0146,13,2.96
inventory,0,161,200,17.86594,6.1659,13,5.007
inventory,0,162,200,14.01414,3.6602,13,2.699
inventory,0,163,200,13.92461,3.6764,13,2.765
inventory,0,164,200,15.55819,3.9149,13,2.988
inventory,0,165,200,13.22444,4.2887,13,3.245
inventory,0,166,200,14.25963,3.9652,13,2.843
inventory,0,167,200,14.56483,4.1397,13,3.022
inventory,0,168,200,16.5391,4.1408,13,3.032
inventory,0,169,200,13.77667,3.8654,13,2.908
inventory,0,170,200,14.84601,5.8209,13,4.774
inventory,0,171,200,14.48089,4.2286,13,3.185
inventory,0,172,200,15.92498,4.1076,13,3.045
inventory,0,173,200,14.1427,3.9513,13,2.985
inventory,0,174,200,15.12079,4.0563,13,3.001
inventory,0,175,200,15.55122,3.8437,13,2.901
inventory,0,176,200,13.95132,4.0359,13,3.069
inventory,0,177,200,16.8837,4.2963,13,2.893
inventory,0,178,200,13.68961,3.7662,13,2.807
inventory,0,179,200,15.6318,4.1493,13,2.939
inventory,0,180,200,13.3966,3.4987,13,2.591
inventory,0,181,200,13.98772,4.5087,13,3.529
inventory,0,182,200,13.11164,3.8496,13,2.608
inventory,0,183,200,15.69976,6.035,13,5.002
inventory,0,184,200,12.98468,3.8977,13,2.909
inventory,0,185,200,13.75437,3.9431,13,2.707
inventory,0,186,200,15.80055,4.8133,13,3.113
inventory,0,187,200,14.43979,3.5824,13,2.612
inventory,0,188,200,15.17243,5.0308,13,4.023
inventory,0,189,200,13.53584,4.0538,13,3.094
inventory,0,190,200,12.51409,3.5899,13,2.659
inventory,0,191,200,13.34069,4.1313,13,3.104
inventory,0,192,200,13.12164,3.4636,13,2.513
inventory,0,193,200,13.09626,3.6848,13,2.673
inventory,0,194,200,13.90032,3.7177,13,2.606
inventory,0,195,200,12.982,3.4057,13,2.511
inventory,0,196,200,12.05845,3.6384,13,2.785
inventory,0,197,200,13.00887,3.5213,13,2.614
inventory,0,198,200,12.76698,3.5967,13,2.686
inventory,0,199,200,15.38865,3.5918,13,2.709
inventory,0,200,200,12.52625,3.9101,13,2.733
inventory,0,201,200,12.9792,3.3631,13,2.514
inventory,0,202,200,65.32256,3.4414,13,2.526
inventory,0,203,200,15.70578,4.0315,13,2.952
inventory,0,204,200,13.53908,3.7924,13,2.852
inventory,0,205,200,14.58831,4.1411,13,2.847
inventory,0,206,200,12.98584,3.6874,13,2.656
inventory,0,207,200,15.18051,5.0731,13,3.903
inventory,0,208,200,12.64769,3.6731,13,2.548
inventory,0,209,200,13.99544,4.7951,13,3.52
inventory,0,210,200,14.13857,3.912,13,2.912
inventory,0,211,200,13.39553,4.218,13,3.268
inventory,0,212,200,13.08845,3.6149,13,2.655
inventory,0,213,200,15.1264,4.9037,13,3.581
inventory,0,214,200,16.14268,4.3819,13,3.254
inventory,0,215,200,13.77608,3.8413,13,2.817
inventory,0,216,200,13.79424,3.729,13,2.72
inventory,0,217,200,15.71721,4.1045,13,2.955
inventory,0,218,200,14.18405,4.0264,13,2.911
inventory,0,219,200,14.12312,3.6639,13,2.737
inventory,0,220,200,13.73629,3.7752,13,2.834
inventory,0,221,200,14.14082,3.863,13,2.921
inventory,0,222,200,12.43408,3.6949,13,2.804
inventory,0,223,200,12.25362,3.5468,13,2.664
inventory,0,224,200,12.73494,3.4881,13,2.527
inventory,0,225,200,12.75641,3.511,13,2.64
inventory,0,226,200,12.3705,3.5608,13,2.659
inventory,0,227,200,13.22045,3.3505,13,2.482
inventory,0,228,200,12.09677,3.4508,13,2.589
inventory,0,229,200,12.01589,3.4602,13,2.476
inventory,0,230,200,13.93177,3.8663,13,2.76
inventory,0,231,200,14.12716,4.6449,13,3.431
inventory,0,232,200,12.95209,3.7011,13,2.678
inventory,0,233,200,13.98795,4.7446,13,3.607
inventory,0,234,200,13.43227,3.9106,13,2.769
inventory,0,235,200,18.91656,4.7257,13,3.592
inventory,0,236,200,12.95597,3.9142,13,2.939
inventory,0,237,200,12.45861,3.649,13,2.778
inventory,0,238,200,12.14524,3.3632,13,2.547
inventory,0,239,200,12.28695,3.4302,13,2.517
inventory,0,240,200,12.88993,3.4891,13,2.556
inventory,0,241,200,13.29167,3.5313,13,2.58
inventory,0,242,200,14.26726,4.6569,13,3.35
inventory,0,243,200,12.99569,3.5825,13,2.6
inventory,0,244,200,14.62805,4.5461,13,3.402
inventory,0,245,200,13.01075,3.2627,13,2.383
inventory,0,246,200,13.78021,3.9987,13,3.062
inventory,0,247,200,12.56156,3.3802,13,2.477
inventory,0,248,200,13.46376,3.8049,13,2.672
inventory,0,249,200,12.40946,3.3897,13,2.5
inventory,0,250,200,12.82269,3.4098,13,2.501
inventory,0,251,200,68.71496,3.7706,13,2.685
inventory,0,252,200,14.73619,3.7405,13,2.772
inventory,0,253,200,13.10058,3.8059,13,2.605
inventory,0,254,200,13.75559,3.6945,13,2.702
inventory,0,255,200,12.42274,3.4296,13,2.475
inventory,0,256,200,14.80129,4.7138,13,3.488
inventory,0,257,200,12.54884,3.5993,13,2.483
inventory,0,258,200,13.55582,3.743,13,2.738
inventory,0,259,200,16.87571,7.6027,13,6.633
inventory,0,260,200,12.99069,3.6978,13,2.621
inventory,0,261,200,11.83089,3.4671,13,2.584
inventory,0,262,200,12.20109,3.3305,13,2.401
inventory,0,263,200,12.26208,3.5993,13,2.702
inventory,0,264,200,12.33287,3.3044,13,2.416
inventory,0,265,200,12.75901,4.1213,13,3.183
inventory,0,266,200,13.93548,3.738,13,2.805
inventory,0,267,200,14.357,4.7207,13,3.549
inventory,0,268,200,12.46454,3.5395,13,2.584
inventory,0,269,200,14.53079,5.0678,13,3.636
inventory,0,270,200,12.7016,3.5376,13,2.582
inventory,0,271,200,12.20957,3.4582,13,2.592
inventory,0,272,200,11.79698,3.4103,13,2.526
inventory,0,273,200,13.62837,4.5689,13,3.477
inventory,0,274,200,15.06631,3.5971,13,2.667
inventory,0,275,200,13.2859,3.7894,13,2.814
inventory,0,276,200,12.59929,3.5146,13,2.56
inventory,0,277,200,12.06904,3.377,13,2.475
inventory,0,278,200,12.44483,3.725,13,2.613
inventory,0,279,200,11.92885,3.591,13,2.531
inventory,0,280,200,11.696,3.5323,13,2.606
inventory,0,281,200,16.60705,8.3056,13,7.388
inventory,0,282,200,13.09131,3.6618,13,2.681
inventory,0,283,200,12.26265,3.4259,13,2.549
inventory,0,284,200,12.53631,3.9806,13,2.969
inventory,0,285,200,12.374,3.7467,13,2.755
inventory,0,286,200,12.50757,3.6761,13,2.595
inventory,0,287,200,12.83209,4.0649,13,2.913
inventory,0,288,200,13.03258,3.7268,13,2.667
inventory,0,289,200,17.57165,5.6123,13,4.605
inventory,0,290,200,14.34656,3.8677,13,2.701
inventory,0,291,200,15.28643,4.9343,13,3.675
inventory,0,292,200,13.38988,3.7185,13,2.726
inventory,0,293,200,14.13233,4.5757,13,3.393
inventory,0,294,200,12.95354,3.7718,13,2.664
inventory,0,295,200,18.64257,4.6298,13,3.48
inventory,0,296,200,12.66871,3.691,13,2.712
inventory,0,297,200,13.85736,4.554,13,3.457
inventory,0,298,200,12.3428,3.6503,13,2.703
inventory,0,299,200,13.5452,4.5499,13,3.389
inventory,0,300,200,73.09463,3.3684,13,2.456
inventory,0,301,200,15.38967,3.9616,13,2.909
inventory,0,302,200,22.44816,4.3665,13,3.333
inventory,0,303,200,12.93122,4.0316,13,3.165
inventory,0,304,200,13.72177,3.7533,13,2.812
inventory,0,305,200,12.74992,3.4489,13,2.566
inventory,0,306,200,14.14922,3.6694,13,2.742
inventory,0,307,200,12.79789,3.7478,13,2.619
inventory,0,308,200,15.91882,3.7241,13,2.662
inventory,0,309,200,13.29639,3.9136,13,2.842
inventory,0,310,200,13.5957,3.5717,13,2.608
inventory,0,311,200,13.03817,3.6071,13,2.633
inventory,0,312,200,12.36246,3.5197,13,2.589
inventory,0,313,200,13.62186,3.7034,13,2.8
inventory,0,314,200,12.79971,3.5458,13,2.636
inventory,0,315,200,11.97469,3.3769,13,2.548
inventory,0,316,200,13.39395,3.5261,13,2.618
inventory,0,317,200,12.46575,3.4674,13,2.442
inventory,0,318,200,19.52687,3.5926,13,2.661
inventory,0,319,200,14.84253,4.8053,13,3.574
inventory,0,320,200,13.22107,3.7102,13,2.826
inventory,0,321,200,12.45725,3.3393,13,2.492
inventory,0,322,200,12.00761,3.2895,13,2.442
inventory,0,323,200,12.53253,3.4098,13,2.531
inventory,0,324,200,12.72888,3.6214,13,2.74
inventory,0,325,200,15.18635,3.6478,13,2.711
inventory,0,326,200,12.52908,3.6246,13,2.767
inventory,0,327,200,12.58701,3.6232,13,2.674
inventory,0,328,200,13.13538,3.6982,13,2.739
inventory,0,329,200,12.03596,3.2864,13,2.435
inventory,0,330,200,12.17459,3.4219,13,2.571
inventory,0,331,200,11.72278,3.1587,13,2.345
inventory,0,332,200,19.32701,6.8951,13,3.744
inventory,0,333,200,14.01432,4.5098,13,3.319
inventory,0,334,200,12.43042,3.469,13,2.551
inventory,0,335,200,13.67146,4.668,13,3.508
inventory,0,336,200,14.46879,5.2106,13,2.829
inventory,0,337,200,14.54792,4.1855,13,3.061
inventory,0,338,200,13.72758,4.0007,13,2.927
inventory,0,339,200,12.88556,3.4989,13,2.536
inventory,0,340,200,13.46609,3.6821,13,2.78
inventory,0,341,200,12.82833,3.8151,13,2.851
inventory,0,342,200,11.97856,3.4447,13,2.547
inventory,0,343,200,13.70497,4.0535,13,2.989
inventory,0,344,200,12.66065,3.7422,13,2.884
inventory,0,345,200,11.96719,3.5054,13,2.606
inventory,0,346,200,12.35303,3.4248,13,2.574
inventory,0,347,200,11.55477,3.3624,13,2.529
inventory,0,348,200,12.45505,3.3997,13,2.498
inventory,0,349,200,65.8359,3.674,13,2.632
inventory,0,350,200,15.24807,4.1734,13,3.128
inventory,0,351,200,12.71171,3.687,13,2.723
inventory,0,352,200,13.82658,4.4289,13,3.378
inventory,0,353,200,12.1271,3.3893,13,2.536
inventory,0,354,200,12.27224,3.4648,13,2.558
inventory,0,355,200,12.21625,3.4413,13,2.573
inventory,0,356,200,13.16632,4.394,13,3.336
inventory,0,357,200,13.16612,3.7125,13,2.62
inventory,0,358,200,13.87648,4.5081,13,3.321
inventory,0,359,200,11.88693,3.4325,13,2.569
inventory,0,360,200,12.93065,4.4045,13,3.373
inventory,0,361,200,12.82701,3.8799,13,2.948
inventory,0,362,200,12.33233,3.5553,13,2.697
inventory,0,363,200,12.69262,3.7071,13,2.46
inventory,0,364,200,13.9368,5.2182,13,4.184
inventory,0,365,200,12.41895,3.4896,13,2.586
inventory,0,366,200,12.56618,3.9753,13,3.056
inventory,0,367,200,13.7035,4.5661,13,3.479
inventory,0,368,200,16.45869,4.1142,13,3.067
inventory,0,369,200,13.5198,4.4422,13,3.197
inventory,0,370,200,12.42888,3.5642,13,2.656
inventory,0,371,200,17.47686,4.3745,13,3.299
inventory,0,372,200,13.14997,3.5423,13,2.606
inventory,0,373,200,12.12563,3.5185,13,2.608
inventory,0,374,200,13.3402,4.5575,13,3.409
inventory,0,375,200,12.48526,3.5322,13,2.674
inventory,0,376,200,13.82835,4.5088,13,3.412
inventory,0,377,200,14.44499,4.0687,13,3.08
inventory,0,378,200,16.76793,5.1697,13,4.003
inventory,0,379,200,13.89968,4.1074,13,3.153
inventory,0,380,200,13.71381,4.1435,13,3.228
inventory,0,381,200,13.15878,3.8577,13,2.915
inventory,0,382,200,13.62458,3.7154,13,2.8
inventory,0,383,200,12.8685,3.585,13,2.74
inventory,0,384,200,13.47683,4.3205,13,3.268
inventory,0,385,200,12.24026,3.4046,13,2.541
inventory,0,386,200,13.11437,3.5298,13,2.644
inventory,0,387,200,13.38167,3.845,13,2.958
inventory,0,388,200,15.48834,6.0548,13,5.123
inventory,0,389,200,15.04682,4.2041,13,3.246
inventory,0,390,200,14.16422,4.4265,13,3.29
inventory,0,391,200,13.32486,3.9794,13,2.752
inventory,0,392,200,13.44825,3.9363,13,2.986
inventory,0,393,200,12.87465,3.6818,13,2.787
inventory,0,394,200,13.79506,3.9493,13,3.009
inventory,0,395,200,12.15348,3.4174,13,2.556
inventory,0,396,200,13.17329,4.0406,13,3.098
inventory,0,397,200,13.64923,3.6992,13,2.767
inventory,0,398,200,71.13688,4.1843,13,3.138
inventory,0,399,200,14.83836,3.8836,13,2.801
inventory,0,400,200,16.08373,5.9067,13,4.934
inventory,0,401,200,13.32353,3.7544,13,2.883
inventory,0,402,200,13.65853,3.9717,13,3.035
inventory,0,403,200,12.98577,3.7858,13,2.883
inventory,0,404,200,12.17988,3.457,13,2.565
inventory,0,405,200,12.5262,3.5725,13,2.509
inventory,0,406,200,12.57452,3.5609,13,2.601
inventory,0,407,200,11.89576,3.5756,13,2.596
inventory,0,408,200,12.60431,3.5261,13,2.568
inventory,0,409,200,15.28268,4.9648,13,3.798
inventory,0,410,200,18.63218,3.9036,13,2.865
inventory,0,411,200,13.55635,3.6483,13,2.693
inventory,0,412,200,13.24977,4.0563,13,3.01
inventory,0,413,200,13.72075,3.4094,13,2.474
inventory,0,414,200,14.66515,4.5075,13,3.412
inventory,0,415,200,16.80873,3.8834,13,2.681
inventory,0,416,200,12.97185,3.5968,13,2.711
inventory,0,417,200,20.20199,5.019,13,4.022
inventory,0,418,200,13.03896,3.9454,13,3.005
inventory,0,419,200,16.17558,3.6276,13,2.688
inventory,0,420,200,13.6559,3.9327,13,2.996
inventory,0,421,200,14.5757,3.9192,13,2.905
inventory,0,422,200,13.4003,3.7339,13,2.804
inventory,0,423,200,17.06721,4.4058,13,3.27
inventory,0,424,200,13.47278,3.589,13,2.654
inventory,0,425,200,13.68052,4.023,13,2.684
inventory,0,426,200,13.78375,4.1903,13,2.998
inventory,0,427,200,14.43487,4.2409,13,3.142
inventory,0,428,200,15.19641,4.8894,13,3.554
inventory,0,429,200,14.41492,3.979,13,2.924
inventory,0,430,200,18.89172,7.6638,13,6.341
inventory,0,431,200,15.32097,4.0469,13,3.058
inventory,0,432,200,13.91574,3.8303,13,2.849
inventory,0,433,200,13.69103,3.7868,13,2.858
inventory,0,434,200,13.1388,3.4965,13,2.533
inventory,0,435,200,16.09935,5.5613,13,4.628
inventory,0,436,200,16.03315,4.6449,13,3.567
inventory,0,437,200,16.20962,4.0646,13,3.129
inventory,0,438,200,14.30702,4.62,13,3.513
inventory,0,439,200,16.10141,5.2447,13,4.222
inventory,0,440,200,14.40829,4.8483,13,3.646
inventory,0,441,200,15.31898,4.1246,13,3.112
inventory,0,442,200,15.52942,4.7948,13,3.614
inventory,0,443,200,16.67428,5.1889,13,4.084
inventory,0,444,200,15.37066,4.4817,13,3.532
inventory,0,445,200,14.93357,4.4564,13,3.205
inventory,0,446,200,13.21934,3.6092,13,2.68
inventory,0,447,200,80.79774,3.6326,13,2.65
inventory,0,448,200,14.80995,4.0235,13,2.88
inventory,0,449,200,12.13222,3.3459,13,2.446
inventory,0,450,200,13.15268,4.0458,13,3.056
inventory,0,451,200,13.52068,3.9623,13,2.995
inventory,0,452,200,13.77131,4.0456,13,2.891
inventory,0,453,200,11.89316,3.4098,13,2.555
inventory,0,454,200,13.78229,4.73,13,3.317
inventory,0,455,200,12.72028,3.7763,13,2.845
inventory,0,456,200,12.65411,3.78,13,2.778
inventory,0,457,200,12.07315,3.5574,13,2.618
inventory,0,458,200,14.16291,4.4484,13,3.431
inventory,0,459,200,15.43791,6.0994,13,5.097
inventory,0,460,200,12.62379,3.6035,13,2.594
inventory,0,461,200,13.69759,3.6903,13,2.736
inventory,0,462,200,12.6099,3.6993,13,2.646
inventory,0,463,200,15.80512,4.2005,13,3.226
inventory,0,464,200,12.03316,3.4479,13,2.447
inventory,0,465,200,13.14374,4.0211,13,2.894
inventory,0,466,200,12.96632,3.5237,13,2.558
inventory,0,467,200,12.4123,3.4966,13,2.62
inventory,0,468,200,12.57278,3.4199,13,2.4
inventory,0,469,200,13.81514,4.3821,13,3.281
inventory,0,470,200,12.22046,3.4442,13,2.492
inventory,0,471,200,12.66841,3.684,13,2.738
inventory,0,472,200,13.22885,3.7375,13,2.762
inventory,0,473,200,13.38659,4.1111,13,3.176
inventory,0,474,200,19.09777,3.9464,13,2.92
inventory,0,475,200,13.35886,3.9985,13,2.913
inventory,0,476,200,12.22659,3.5117,13,2.591
inventory,0,477,200,12.14978,3.647,13,2.803
inventory,0,478,200,12.28131,3.6016,13,2.703
inventory,0,479,200,11.68906,3.4029,13,2.486
inventory,0,480,200,11.77008,3.2269,13,2.403
inventory,0,481,200,12.71818,3.5139,13,2.481
inventory,0,482,200,12.1421,3.4289,13,2.574
inventory,0,483,200,11.96214,3.4904,13,2.585
inventory,0,484,200,13.44871,3.5837,13,2.649
inventory,0,485,200,12.15379,3.7977,13,2.922
inventory,0,486,200,12.29248,3.473,13,2.573
inventory,0,487,200,12.22482,3.5487,13,2.646
inventory,0,488,200,16.99795,5.7785,13,4.257
inventory,0,489,200,12.21613,3.4518,13,2.545
inventory,0,490,200,12.28565,3.5058,13,2.595
inventory,0,491,200,12.10843,3.4401,13,2.553
inventory,0,492,200,11.99939,3.4277,13,2.585
inventory,0,493,200,12.52891,3.533,13,2.552
inventory,0,494,200,11.88807,3.4259,13,2.579
inventory,0,495,200,11.97668,3.3347,13,2.476
inventory,0,496,200,71.03503,3.6689,13,2.722
inventory,0,497,200,14.70186,3.6894,13,2.732
inventory,0,498,200,12.7259,3.7083,13,2.57
inventory,0,499,200,17.30333,3.7723,13,2.798
inventory,0,500,200,13.50213,4.067,13,3.062
inventory,0,501,200,13.49985,3.8079,13,2.732
inventory,0,502,200,13.88962,4.0031,13,2.984
inventory,0,503,200,12.67992,3.6739,13,2.704
inventory,0,504,200,12.61691,3.5294,13,2.501
inventory,0,505,200,13.2457,3.6735,13,2.646
inventory,0,506,200,14.32708,4.1744,13,3.147
inventory,0,507,200,13.4752,3.6276,13,2.551
inventory,0,508,200,13.07344,3.8108,13,2.887
inventory,0,509,200,11.99597,3.7155,13,2.716
inventory,0,510,200,13.5091,3.6587,13,2.712
inventory,0,511,200,12.55942,3.8159,13,2.753
inventory,0,512,200,14.60037,4.1917,13,3.232
inventory,0,513,200,13.53067,3.9897,13,2.876
inventory,0,514,200,14.30066,3.6637,13,2.689
inventory,0,515,200,13.36246,3.8821,13,2.936
inventory,0,516,200,12.95528,3.5412,13,2.536
inventory,0,517,200,12.43763,3.5523,13,2.663
inventory,0,518,200,12.20257,3.4706,13,2.517
inventory,0,519,200,12.83996,3.76,13,2.685
inventory,0,520,200,12.99864,3.7822,13,2.76
inventory,0,521,200,14.8265,4.8192,13,3.392
inventory,0,522,200,13.35685,3.8073,13,2.728
inventory,0,523,200,16.65609,4.7234,13,3.535
inventory,0,524,200,13.72274,3.8643,13,2.894
inventory,0,525,200,13.072,3.6475,13,2.59
inventory,0,526,200,14.51047,3.9203,13,2.892
inventory,0,527,200,13.34268,3.6943,13,2.616
inventory,0,528,200,18.59343,4.2561,13,2.982
inventory,0,529,200,23.71422,4.7001,13,3.559
inventory,0,530,200,14.40539,4.2303,13,3.134
inventory,0,531,200,24.63485,4.8655,13,3.617
inventory,0,532,200,15.13615,4.0255,13,2.843
inventory,0,533,200,27.81318,5.4867,13,4.109
inventory,0,534,200,14.21534,4.0652,13,2.895
inventory,0,535,200,13.50386,3.8261,13,2.81
inventory,0,536,200,12.3383,3.647,13,2.604
inventory,0,537,200,14.09472,4.5025,13,3.432
inventory,0,538,200,13.64799,4.1133,13,2.947
inventory,0,539,200,16.38768,3.9759,13,2.818
inventory,0,540,200,15.12523,3.7828,13,2.7
inventory,0,541,200,19.09379,4.2581,13,2.992
inventory,0,542,200,16.83399,4.9751,13,3.801
inventory,0,543,200,14.90312,3.978,13,2.769
inventory,0,544,200,15.11415,4.1994,13,2.883
inventory,0,545,200,79.03277,4.1764,13,2.919
inventory,0,546,200,15.51854,4.1686,13,2.845
inventory,0,547,200,15.72115,4.3325,13,3.315
inventory,0,548,200,13.78913,3.7736,13,2.79
inventory,0,549,200,15.92827,5.0921,13,3.91
inventory,0,550,200,23.3276,8.3069,13,7.085
inventory,0,551,200,25.16032,5.3221,13,3.957
inventory,0,552,200,20.01001,4.4013,13,3.3
inventory,0,553,200,16.63688,5.3143,13,3.934
inventory,0,554,200,15.39906,4.3596,13,3.188
inventory,0,555,200,17.05468,4.251,13,2.974
inventory,0,556,200,16.55986,4.1771,13,2.876
inventory,0,557,200,23.0855,8.9109,13,3.273
inventory,0,558,200,18.10001,4.1179,13,2.939
inventory,0,559,200,19.64844,4.3274,13,2.965
inventory,0,560,200,14.07253,3.729,13,2.661
inventory,0,561,200,13.89688,3.709,13,2.732
inventory,0,562,200,20.71684,6.1831,13,4.691
inventory,0,563,200,13.75774,4.0728,13,3.117
inventory,0,564,200,14.17776,4.48,13,2.991
inventory,0,565,200,18.10222,6.5465,13,4.864
inventory,0,566,200,14.43611,3.9214,13,2.767
inventory,0,567,200,16.60516,5.0859,13,3.602
inventory,0,568,200,15.51729,4.6628,13,3.602
inventory,0,569,200,21.7401,4.0495,13,3.067
inventory,0,570,200,13.7439,3.5486,13,2.63
inventory,0,571,200,14.26134,4.0569,13,3.11
inventory,0,572,200,13.64629,3.6692,13,2.735
inventory,0,573,200,13.52358,4.0565,13,3.062
inventory,0,574,200,14.98563,3.9712,13,2.777
inventory,0,575,200,22.77624,5.6755,13,4.319
inventory,0,576,200,18.13746,4.4436,13,2.934
inventory,0,577,200,15.42586,5.038,13,3.843
inventory,0,578,200,15.21733,3.8976,13,2.912
inventory,0,579,200,15.88734,4.4015,13,3.21
inventory,0,580,200,14.41787,3.7197,13,2.741
inventory,0,581,200,16.51709,5.0348,13,3.472
inventory,0,582,200,15.51522,4.4326,13,3.23
inventory,0,583,200,16.7001,4.1372,13,2.957
inventory,0,584,200,16.61264,5.1483,13,3.906
inventory,0,585,200,15.52414,4.826,13,3.659
inventory,0,586,200,15.71882,4.3172,13,3.182
inventory,0,587,200,20.45128,4.0691,13,3.004
inventory,0,588,200,19.29778,4.328,13,3.31
inventory,0,589,200,13.33278,3.7133,13,2.744
inventory,0,590,200,15.91578,4.0444,13,2.972
inventory,0,591,200,15.17084,4.2327,13,3.035
inventory,0,592,200,20.75931,5.3719,13,4.046
inventory,0,593,200,25.02406,3.8497,13,2.914
inventory,0,594,200,87.69811,3.8583,13,2.638
inventory,0,595,200,16.20994,3.8864,13,2.834
inventory,0,596,200,16.5351,4.2287,13,3.175
inventory,0,597,200,15.90935,4.692,13,3.532
inventory,0,598,200,14.24936,3.9611,13,2.87
inventory,0,599,200,13.47305,3.8605,13,2.924
inventory,0,600,200,15.56578,3.746,13,2.732
inventory,0,601,200,13.79466,3.8085,13,2.74
inventory,0,602,200,14.3709,4.1861,13,3.183
inventory,0,603,200,13.32178,3.8098,13,2.882
inventory,0,604,200,13.274,3.9196,13,2.891
inventory,0,605,200,13.49423,3.8897,13,2.841
inventory,0,606,200,13.76271,3.9105,13,2.834
inventory,0,607,200,16.30446,4.1569,13,3.106
inventory,0,608,200,13.31637,3.5207,13,2.62
inventory,0,609,200,12.09343,3.5244,13,2.648
inventory,0,610,200,12.75275,3.5217,13,2.631
inventory,0,611,200,13.74918,3.7989,13,2.788
inventory,0,612,200,13.61862,3.6823,13,2.691
inventory,0,613,200,16.8696,4.8951,13,3.792
inventory,0,614,200,13.01704,3.749,13,2.875
inventory,0,615,200,13.9586,4.8012,13,3.504
inventory,0,616,200,14.87275,4.7808,13,3.644
inventory,0,617,200,15.03737,4.6853,13,3.545
inventory,0,618,200,14.00148,4.6421,13,3.525
inventory,0,619,200,13.37393,3.7287,13,2.651
inventory,0,620,200,15.84672,4.8617,13,3.561
inventory,0,621,200,13.84668,4.5135,13,3.438
inventory,0,622,200,15.22377,4.6416,13,3.47
inventory,0,623,200,12.98841,3.5215,13,2.658
inventory,0,624,200,12.43346,3.4296,13,2.552
inventory,0,625,200,13.04137,3.5068,13,2.602
inventory,0,626,200,12.82043,3.6249,13,2.689
inventory,0,627,200,18.10923,6.0395,13,4.483
inventory,0,628,200,16.20675,5.0197,13,3.68
inventory,0,629,200,16.97115,5.1715,13,3.694
inventory,0,630,200,15.25682,4.786,13,3.629
inventory,0,631,200,17.38176,5.1285,13,3.815
inventory,0,632,200,14.44409,3.94,13,2.925
inventory,0,633,200,15.90627,4.2313,13,3.255
inventory,0,634,200,14.73999,3.8135,13,2.88
inventory,0,635,200,13.49766,3.4877,13,2.476
inventory,0,636,200,12.7556,3.6896,13,2.781
inventory,0,637,200,14.18173,4.5301,13,3.453
inventory,0,638,200,15.62372,4.1661,13,3.159
inventory,0,639,200,23.16837,10.8223,13,9.331
inventory,0,640,200,15.09854,3.9679,13,2.72
inventory,0,641,200,15.3845,3.6903,13,2.651
inventory,0,642,200,13.2839,3.522,13,2.562
inventory,0,643,200,85.54728,3.7692,13,2.744
inventory,0,644,200,15.70549,4.5318,13,3.549
inventory,0,645,200,14.53564,4.3137,13,3.211
inventory,0,646,200,16.05128,4.482,13,2.969
inventory,0,647,200,15.98575,4.4219,13,3.117
inventory,0,648,200,15.77704,4.5346,13,3.548
inventory,0,649,200,14.96799,4.0412,13,3.045
inventory,0,650,200,13.8681,3.975,13,3.041
inventory,0,651,200,12.864,3.6752,13,2.658
inventory,0,652,200,17.35959,4.1698,13,2.902
inventory,0,653,200,17.71346,4.0727,13,2.904
inventory,0,654,200,20.32047,3.7051,13,2.807
inventory,0,655,200,14.50955,3.6057,13,2.701
inventory,0,656,200,12.78703,3.8386,13,2.92
inventory,0,657,200,12.91217,3.8427,13,2.673
inventory,0,658,200,23.33997,4.0598,13,2.755
inventory,0,659,200,21.81251,7.1739,13,2.79
inventory,0,660,200,14.773,3.8662,13,2.608
inventory,0,661,200,14.82957,3.8844,13,2.627
inventory,0,662,200,13.02937,3.6219,13,2.569
inventory,0,663,200,13.53537,3.8001,13,2.721
inventory,0,664,200,14.02833,4.0226,13,2.72
inventory,0,665,200,16.73147,5.7605,13,4.351
inventory,0,666,200,16.44114,4.402,13,3.071
inventory,0,667,200,16.12146,5.0581,13,3.669
inventory,0,668,200,15.17101,4.6498,13,3.44
inventory,0,669,200,14.24321,3.8787,13,2.883
inventory,0,670,200,13.23702,4.2862,13,3.356
inventory,0,671,200,15.83081,4.6309,13,3.614
inventory,0,672,200,17.07026,4.096,13,2.997
inventory,0,673,200,14.17038,3.6122,13,2.601
inventory,0,674,200,13.7689,3.5075,13,2.637
inventory,0,675,200,13.53583,3.6251,13,2.613
inventory,0,676,200,13.01317,3.5321,13,2.631
inventory,0,677,200,12.89252,3.5435,13,2.641
inventory,0,678,200,15.84113,4.2051,13,3.063
inventory,0,679,200,15.95279,4.0228,13,3.078
inventory,0,680,200,14.68918,4.3288,13,3.14
inventory,0,681,200,15.9061,4.1994,13,3.064
inventory,0,682,200,17.13613,5.0075,13,3.815
inventory,0,683,200,17.0147,4.5373,13,3.485
inventory,0,684,200,15.97981,4.8357,13,3.545
inventory,0,685,200,16.88831,4.7866,13,3.236
inventory,0,686,200,16.75152,4.3109,13,3.069
inventory,0,687,200,15.55589,4.8357,13,3.687
inventory,0,688,200,14.53418,3.8879,13,2.918
inventory,0,689,200,13.8379,3.8456,13,2.678
inventory,0,690,200,14.48818,4.0628,13,2.955
inventory,0,691,200,16.68814,4.1626,13,2.959
inventory,0,692,200,73.28297,4.6418,13,3.256
inventory,0,693,200,18.08929,5.02,13,3.648
inventory,0,694,200,16.75707,4.4427,13,3.272
inventory,0,695,200,15.68564,4.4779,13,2.949
inventory,0,696,200,15.36693,4.7629,13,3.539
inventory,0,697,200,14.42801,4.4471,13,3.391
inventory,0,698,200,14.30953,3.428,13,2.509
inventory,0,699,200,16.12321,4.5822,13,3.457
inventory,0,700,200,18.05468,5.3314,13,3.847
inventory,0,701,200,18.56863,5.3037,13,3.911
inventory,0,702,200,16.08046,5.103,13,3.79
inventory,0,703,200,14.26858,3.8548,13,2.778
inventory,0,704,200,13.6537,3.7406,13,2.736
inventory,0,705,200,15.78449,4.2567,13,3.234
inventory,0,706,200,14.04373,3.9835,13,2.848
inventory,0,707,200,15.41232,4.1,13,3.006
inventory,0,708,200,15.06931,4.0836,13,2.839
inventory,0,709,200,17.24037,5.3856,13,4.344
inventory,0,710,200,14.97559,4.1554,13,3.101
inventory,0,711,200,12.46028,3.5035,13,2.614
inventory,0,712,200,14.49511,4.6939,13,3.54
inventory,0,713,200,15.16035,4.9533,13,3.741
inventory,0,714,200,15.56604,4.033,13,2.914
inventory,0,715,200,16.65019,3.8911,13,2.831
inventory,0,716,200,13.89042,3.722,13,2.798
inventory,0,717,200,13.62882,3.7049,13,2.822
inventory,0,718,200,13.79678,4.1009,13,3.118
inventory,0,719,200,13.81114,4.0094,13,3.055
inventory,0,720,200,13.41099,3.8075,13,2.832
inventory,0,721,200,14.33499,4.2539,13,3.28
inventory,0,722,200,18.4796,3.6467,13,2.685
inventory,0,723,200,15.73406,4.4099,13,3.44
inventory,0,724,200,17.92852,7.5168,13,6.319
inventory,0,725,200,12.94806,3.5035,13,2.587
inventory,0,726,200,12.83935,3.7336,13,2.834
inventory,0,727,200,12.78783,3.5326,13,2.605
inventory,0,728,200,12.9363,3.5152,13,2.587
inventory,0,729,200,12.6235,3.5364,13,2.622
inventory,0,730,200,13.039,3.5946,13,2.702
inventory,0,731,200,18.63286,3.9395,13,2.984
inventory,0,732,200,16.74176,4.899,13,3.686
inventory,0,733,200,13.94842,3.7781,13,2.841
inventory,0,734,200,17.97031,5.63,13,4.658
inventory,0,735,200,13.64475,4.0124,13,2.829
inventory,0,736,200,15.42681,5.2001,13,3.808
inventory,0,737,200,18.52163,3.8031,13,2.707
inventory,0,738,200,15.05579,4.1834,13,3.139
inventory,0,739,200,18.54174,4.1574,13,3.079
inventory,0,740,200,15.47344,4.1872,13,3.155
inventory,0,741,200,74.46103,4.6319,13,3.591
inventory,0,742,200,16.22065,4.1371,13,3.114
inventory,0,743,200,13.61555,3.7898,13,2.814
inventory,0,744,200,14.29171,3.5887,13,2.617
inventory,0,745,200,13.04491,3.4299,13,2.522
inventory,0,746,200,14.2257,4.0296,13,2.955
inventory,0,747,200,13.47363,3.9229,13,2.688
inventory,0,748,200,13.39195,4.1031,13,3.008
inventory,0,749,200,13.68361,3.7161,13,2.724
inventory,0,750,200,14.25652,4.1661,13,3.166
inventory,0,751,200,13.56917,3.624,13,2.681
inventory,0,752,200,13.51813,3.6798,13,2.605
inventory,0,753,200,12.86149,3.7551,13,2.809
inventory,0,754,200,18.2322,8.0648,13,2.764
inventory,0,755,200,14.0318,3.7069,13,2.697
inventory,0,756,200,13.11819,3.7703,13,2.802
inventory,0,757,200,13.68819,4.2079,13,3.209
inventory,0,758,200,16.66325,5.0588,13,3.677
inventory,0,759,200,16.69927,5.2805,13,3.846
inventory,0,760,200,16.42607,5.0496,13,3.713
inventory,0,761,200,14.21945,3.8678,13,2.779
inventory,0,762,200,15.19596,4.063,13,2.887
inventory,0,763,200,25.79627,4.5049,13,3.309
inventory,0,764,200,14.24385,3.6987,13,2.723
inventory,0,765,200,13.69827,3.661,13,2.73
inventory,0,766,200,13.55351,3.7472,13,2.555
inventory,0,767,200,12.32891,3.5367,13,2.599
inventory,0,768,200,19.46669,3.7622,13,2.785
inventory,0,769,200,15.13665,3.8556,13,2.874
inventory,0,770,200,14.55839,3.9336,13,2.82
inventory,0,771,200,14.2977,3.707,13,2.654
inventory,0,772,200,13.75646,3.653,13,2.676
inventory,0,773,200,12.39082,3.3868,13,2.507
inventory,0,774,200,12.16683,3.6165,13,2.637
inventory,0,775,200,13.96736,3.7953,13,2.687
inventory,0,776,200,13.69313,3.7152,13,2.698
inventory,0,777,200,14.83141,3.7544,13,2.734
inventory,0,778,200,17.71781,6.6085,13,5.534
inventory,0,779,200,16.50639,4.043,13,2.896
inventory,0,780,200,16.6422,6.6126,13,5.635
inventory,0,781,200,20.30796,4.0548,13,2.961
inventory,0,782,200,21.28963,3.7583,13,2.839
inventory,0,783,200,21.23138,4.8563,13,3.601
inventory,0,784,200,15.71533,4.8516,13,3.581
inventory,0,785,200,13.4313,3.9354,13,2.911
inventory,0,786,200,13.94072,3.64,13,2.664
inventory,0,787,200,16.06306,4.7061,13,3.659
inventory,0,788,200,14.83838,3.876,13,2.838
inventory,0,789,200,15.61937,4.0041,13,2.899
inventory,0,790,200,84.2506,3.6702,13,2.638
inventory,0,791,200,17.85298,6.2676,13,5.239
inventory,0,792,200,19.62744,3.9944,13,3.009
inventory,0,793,200,14.72087,4.3086,13,3.43
inventory,0,794,200,12.05395,3.3477,13,2.477
inventory,0,795,200,13.0618,4.0713,13,3.197
inventory,0,796,200,19.08715,3.8214,13,2.888
inventory,0,797,200,13.47829,3.9212,13,2.926
inventory,0,798,200,16.02648,4.56,13,3.297
inventory,0,799,200,15.14387,4.358,13,3.371
inventory,0,800,200,14.10593,3.7897,13,2.856
inventory,0,801,200,12.21477,3.4586,13,2.594
inventory,0,802,200,15.36623,4.7412,13,3.565
inventory,0,803,200,14.88444,4.8464,13,3.606
inventory,0,804,200,16.37489,4.9775,13,3.753
inventory,0,805,200,15.32695,4.8066,13,3.595
inventory,0,806,200,15.87158,4.9779,13,3.286
inventory,0,807,200,17.42688,5.2873,13,4.077
inventory,0,808,200,17.55688,4.8838,13,3.678
inventory,0,809,200,15.41991,4.6858,13,3.502
inventory,0,810,200,16.93772,4.7908,13,3.608
inventory,0,811,200,15.60117,4.6286,13,3.495
inventory,0,812,200,15.58146,4.6483,13,3.572
inventory,0,813,200,13.21831,4.4811,13,3.304
inventory,0,814,200,14.5573,4.2996,13,3.171
inventory,0,815,200,15.71591,4.697,13,3.561
inventory,0,816,200,17.26429,4.789,13,3.594
inventory,0,817,200,15.06787,3.7809,13,2.818
inventory,0,818,200,14.92648,4.6246,13,3.499
inventory,0,819,200,13.87327,4.4749,13,3.399
inventory,0,820,200,15.02199,4.4405,13,3.4
inventory,0,821,200,13.81798,4.5366,13,3.475
inventory,0,822,200,16.56251,4.5792,13,3.479
inventory,0,823,200,16.5616,6.39,13,3.47
inventory,0,824,200,13.90291,3.8005,13,2.774
inventory,0,825,200,13.64118,3.543,13,2.608
inventory,0,826,200,11.85023,3.3912,13,2.538
inventory,0,827,200,12.38704,3.4147,13,2.508
inventory,0,828,200,13.38407,3.5423,13,2.584
inventory,0,829,200,13.76045,3.7398,13,2.634
inventory,0,830,200,22.49504,4.6079,13,3.368
inventory,0,831,200,16.79981,3.8246,13,2.799
inventory,0,832,200,13.61822,4.4063,13,3.257
inventory,0,833,200,14.11798,4.025,13,3.024
inventory,0,834,200,12.25705,3.381,13,2.402
inventory,0,835,200,11.94365,3.4157,13,2.547
inventory,0,836,200,14.80605,4.032,13,2.857
inventory,0,837,200,13.2355,3.7065,13,2.77
inventory,0,838,200,13.19673,3.6636,13,2.718
inventory,0,839,200,68.37945,3.7367,13,2.729
inventory,0,840,200,15.11393,3.9982,13,2.89
inventory,0,841,200,12.61641,3.6149,13,2.627
inventory,0,842,200,13.22627,3.6677,13,2.745
inventory,0,843,200,13.96499,3.6907,13,2.718
inventory,0,844,200,12.45376,3.5856,13,2.671
inventory,0,845,200,12.11199,3.3467,13,2.477
inventory,0,846,200,17.63995,3.7906,13,2.805
inventory,0,847,200,12.23228,3.5605,13,2.643
inventory,0,848,200,17.49503,3.7308,13,2.794
inventory,0,849,200,12.28146,3.4334,13,2.519
inventory,0,850,200,14.89676,3.5038,13,2.609
inventory,0,851,200,12.05803,3.5525,13,2.583
inventory,0,852,200,11.95441,3.3379,13,2.445
inventory,0,853,200,12.1224,3.3414,13,2.448
inventory,0,854,200,18.90947,3.3745,13,2.473
inventory,0,855,200,13.07601,4.1174,13,3.122
inventory,0,856,200,12.77961,3.8121,13,2.776
inventory,0,857,200,19.19955,3.7378,13,2.731
inventory,0,858,200,11.96403,3.4475,13,2.532
inventory,0,859,200,14.13094,3.4484,13,2.525
inventory,0,860,200,12.64703,3.6539,13,2.646
inventory,0,861,200,11.77161,3.4583,13,2.603
inventory,0,862,200,12.1628,3.4379,13,2.513
inventory,0,863,200,12.21729,3.4105,13,2.536
inventory,0,864,200,13.06583,4.2289,13,2.615
inventory,0,865,200,12.69722,3.6415,13,2.642
inventory,0,866,200,11.78803,3.3219,13,2.408
inventory,0,867,200,11.80226,3.2647,13,2.411
inventory,0,868,200,13.10523,3.5974,13,2.623
inventory,0,869,200,12.29742,3.5599,13,2.675
inventory,0,870,200,12.70669,3.5496,13,2.629
inventory,0,871,200,12.24734,3.3669,13,2.515
inventory,0,872,200,12.25894,3.5245,13,2.642
inventory,0,873,200,11.97952,3.3705,13,2.483
inventory,0,874,200,12.21791,3.7395,13,2.84
inventory,0,875,200,12.2551,3.5472,13,2.668
inventory,0,876,200,13.42713,3.8414,13,2.896
inventory,0,877,200,15.5594,4.7796,13,3.532
inventory,0,878,200,14.75176,3.9337,13,2.87
inventory,0,879,200,13.49147,3.7516,13,2.688
inventory,0,880,200,12.5167,3.4027,13,2.489
inventory,0,881,200,12.42109,3.4745,13,2.575
inventory,0,882,200,11.57763,3.3396,13,2.459
inventory,0,883,200,12.94869,3.6964,13,2.719
inventory,0,884,200,13.77229,4.1447,13,2.893
inventory,0,885,200,14.39973,3.9095,13,2.837
inventory,0,886,200,13.38392,3.7196,13,2.578
inventory,0,887,200,12.69743,3.7326,13,2.676
inventory,0,888,200,71.85859,3.6646,13,2.714
inventory,0,889,200,15.43175,4.3302,13,2.736
inventory,0,890,200,14.7095,3.8074,13,2.815
inventory,0,891,200,13.36797,3.6706,13,2.696
inventory,0,892,200,14.04779,3.8449,13,2.934
inventory,0,893,200,14.15678,4.3543,13,3.203
inventory,0,894,200,13.73243,3.7402,13,2.76
inventory,0,895,200,15.27807,4.7982,13,3.736
inventory,0,896,200,14.85139,4.3216,13,3.325
inventory,0,897,200,13.86706,4.7751,13,3.797
inventory,0,898,200,13.05037,3.7763,13,2.707
inventory,0,899,200,13.00361,3.3951,13,2.498
inventory,0,900,200,12.96481,3.6435,13,2.697
inventory,0,901,200,13.59388,3.866,13,2.818
inventory,0,902,200,14.23308,4.3104,13,3.253
inventory,0,903,200,15.145,3.9094,13,2.871
inventory,0,904,200,13.81953,3.8006,13,2.831
inventory,0,905,200,13.68113,3.6757,13,2.688
inventory,0,906,200,12.27367,3.5388,13,2.512
inventory,0,907,200,13.12009,4.0772,13,3.057
inventory,0,908,200,12.32427,3.5285,13,2.591
inventory,0,909,200,13.01042,3.959,13,2.888
inventory,0,910,200,13.15729,3.8816,13,2.935
inventory,0,911,200,13.38584,3.4457,13,2.519
inventory,0,912,200,13.93582,3.6977,13,2.733
inventory,0,913,200,13.32918,3.8928,13,2.971
inventory,0,914,200,16.72466,4.0483,13,3.056
inventory,0,915,200,12.70225,3.8072,13,2.69
inventory,0,916,200,12.88507,3.6887,13,2.744
inventory,0,917,200,13.98495,3.8434,13,2.718
inventory,0,918,200,13.79045,3.788,13,2.843
inventory,0,919,200,13.51688,3.6296,13,2.685
inventory,0,920,200,12.53567,3.4862,13,2.579
inventory,0,921,200,12.17947,3.4389,13,2.589
inventory,0,922,200,12.38992,3.6917,13,2.771
inventory,0,923,200,14.31335,4.039,13,3.075
inventory,0,924,200,14.79407,4.4971,13,3.473
inventory,0,925,200,18.11147,3.5348,13,2.621
inventory,0,926,200,12.81135,3.5809,13,2.569
inventory,0,927,200,13.67266,3.5724,13,2.605
inventory,0,928,200,12.12167,3.349,13,2.502
inventory,0,929,200,12.25906,3.6439,13,2.735
inventory,0,930,200,13.82626,4.27,13,3.22
inventory,0,931,200,13.54958,3.7758,13,2.823
inventory,0,932,200,14.4767,3.8381,13,2.842
inventory,0,933,200,13.5777,3.683,13,2.739
inventory,0,934,200,13.93511,3.7054,13,2.738
inventory,0,935,200,12.977,3.956,13,3.02
inventory,0,936,200,12.77384,3.3547,13,2.489
inventory,0,937,200,75.79606,4.3543,13,3.201
inventory,0,938,200,16.05042,4.7222,13,3.5
inventory,0,939,200,13.83195,4.6091,13,3.454
inventory,0,940,200,15.31245,4.2248,13,3.123
inventory,0,941,200,14.97065,4.2899,13,3.091
inventory,0,942,200,14.1487,3.6976,13,2.771
inventory,0,943,200,13.92197,3.8386,13,2.897
inventory,0,944,200,13.47374,3.8028,13,2.725
inventory,0,945,200,12.69874,3.9228,13,3.019
inventory,0,946,200,13.11867,4.1374,13,3.181
inventory,0,947,200,12.15053,3.413,13,2.534
inventory,0,948,200,12.96195,3.7101,13,2.806
inventory,0,949,200,12.52759,3.8284,13,2.65
inventory,0,950,200,14.50585,4.5879,13,3.504
inventory,0,951,200,14.19312,4.3002,13,3.263
inventory,0,952,200,14.38902,4.2428,13,3.228
inventory,0,953,200,13.78008,3.699,13,2.726
inventory,0,954,200,12.78656,3.6865,13,2.78
inventory,0,955,200,12.58441,3.6643,13,2.773
inventory,0,956,200,12.46013,3.7864,13,2.906
inventory,0,957,200,14.16185,4.201,13,3.2
inventory,0,958,200,14.57,4.0644,13,2.989
inventory,0,959,200,14.03283,4.1606,13,3.14
inventory,0,960,200,13.42641,4.0568,13,2.845
inventory,0,961,200,13.68461,4.6233,13,3.483
inventory,0,962,200,13.60214,4.0919,13,3.168
inventory,0,963,200,13.8271,4.6086,13,3.301
inventory,0,964,200,15.75986,5.1378,13,3.863
inventory,0,965,200,15.30806,4.8668,13,3.488
inventory,0,966,200,14.79861,4.7646,13,3.626
inventory,0,967,200,14.41193,4.9393,13,3.858
inventory,0,968,200,14.50665,4.7168,13,3.47
inventory,0,969,200,14.32902,4.6377,13,3.421
inventory,0,970,200,15.4431,4.7933,13,3.549
inventory,0,971,200,14.62385,4.6705,13,3.476
inventory,0,972,200,16.36268,4.7073,13,3.461
inventory,0,973,200,14.34894,4.5781,13,3.457
inventory,0,974,200,13.42174,4.5168,13,3.406
inventory,0,975,200,13.6422,4.5949,13,3.426
inventory,0,976,200,15.9264,4.8372,13,3.543
inventory,0,977,200,14.49287,4.8021,13,3.562
inventory,0,978,200,13.57387,3.7804,13,2.846
inventory,0,979,200,16.99397,4.8146,13,3.561
inventory,0,980,200,13.88606,4.5991,13,3.466
inventory,0,981,200,13.79583,4.5367,13,3.455
inventory,0,982,200,14.9379,4.622,13,3.461
inventory,0,983,200,14.24796,4.6864,13,3.527
inventory,0,984,200,13.92424,4.6958,13,3.461
inventory,0,985,200,14.94254,4.8887,13,3.639
inventory,0,986,200,77.82821,5.0149,13,3.617
inventory,0,987,200,16.73075,4.8088,13,3.527
inventory,0,988,200,16.84201,4.4391,13,3.251
inventory,0,989,200,13.73166,3.6646,13,2.601
inventory,0,990,200,12.33382,3.428,13,2.496
inventory,0,991,200,13.23889,3.7764,13,2.798
inventory,0,992,200,13.55332,3.6122,13,2.675
inventory,0,993,200,13.53999,3.92,13,2.946
inventory,0,994,200,14.26499,4.0338,13,3.103
inventory,0,995,200,12.80299,3.894,13,2.816
inventory,0,996,200,12.6416,3.8613,13,2.988
inventory,0,997,200,12.75755,3.4161,13,2.557
inventory,0,998,200,11.64218,3.215,13,2.377
inventory,0,999,200,12.6189,3.3744,13,2.477
create,1,0,201,44.20568,33.4538,38,7.041
create,1,1,201,23.11858,12.8213,33,5.405
create,1,2,201,20.6648,11.503,33,4.854
create,1,3,201,23.47273,13.1738,33,5.631
create,1,4,201,22.7879,13.1341,33,5.912
create,1,5,201,23.13177,12.9882,33,5.688
create,1,6,201,24.58421,13.8899,33,5.27
create,1,7,201,22.45291,12.3777,33,5.264
create,1,8,201,22.42089,12.6746,33,5.201
create,1,9,201,22.97748,12.493,33,5.048
create,1,10,201,22.82096,12.9474,33,5.579
create,1,11,201,24.55597,13.4815,33,5.738
create,1,12,201,25.59493,14.8863,33,5.906
create,1,13,201,32.73213,20.966,33,7.76
create,1,14,201,24.87351,13.9298,33,5.886
create,1,15,201,25.93758,16.087,33,7.192
create,1,16,201,24.34446,14.4419,33,7.06
create,1,17,201,21.84889,12.2121,33,5.065
create,1,18,201,21.63245,12.4131,33,5.343
create,1,19,201,21.08209,12.0812,33,5.278
create,0,0,201,24.62284,14.8858,33,7.414
create,0,1,201,28.27377,14.4124,33,6.117
create,0,2,201,20.41484,11.3069,33,4.835
create,0,3,201,44.34839,34.6057,38,6.442
create,0,4,201,22.44732,13.2346,33,5.042
create,0,5,201,24.89069,15.5253,33,6.323
create,0,6,201,38.53706,28.553,33,18.984
create,0,7,201,25.46258,15.5355,33,6.897
create,0,8,201,21.99129,12.1332,33,4.902
create,0,9,201,21.16627,11.9714,33,5.208
create,0,10,201,20.9234,12.0839,33,4.825
create,0,11,201,20.20619,11.6328,33,4.659
create,0,12,201,20.78434,11.5574,33,4.748
create,0,13,201,20.76137,11.7941,33,4.691
create,0,14,201,20.84227,11.5935,33,4.819
create,0,15,201,90.65274,12.378,33,5.144
create,0,16,201,21.86541,11.7387,33,4.883
create,0,17,201,20.4165,11.2841,33,4.623
create,0,18,201,22.04514,11.5342,33,4.851
create,0,19,201,20.26142,11.4623,33,4.653
create,0,20,201,20.87779,12.0017,33,4.842
create,0,21,201,21.5836,12.194,33,5.035
create,0,22,201,22.22518,12.6168,33,5.277
create,0,23,201,21.13205,12.3432,33,4.843
create,0,24,201,20.73246,11.791,33,4.918
create,0,25,201,20.97294,12.1701,33,5.065
create,0,26,201,20.7947,12.1657,33,4.913
create,0,27,201,24.04525,13.1439,33,5.456
create,0,28,201,23.5565,12.4301,33,5.249
create,0,29,201,22.22782,12.6914,33,5.242
create,0,30,201,21.89707,12.7275,33,4.827
create,0,31,201,24.58108,15.3068,33,6.788
create,0,32,201,20.87069,11.7377,33,5.149
create,0,33,201,22.30689,12.9287,33,5.65
create,0,34,201,21.68459,12.586,33,5.48
create,0,35,201,21.25201,12.2397,33,5.222
create,0,36,201,24.79559,14.2002,33,5.621
create,0,37,201,26.66119,16.004,33,7.276
create,0,38,201,24.96653,13.612,33,5.39
create,0,39,201,25.5804,15.3531,33,6.788
create,0,40,201,29.03582,18.0901,33,8.66
create,0,41,201,32.43321,18.3695,33,7.86
create,0,42,201,39.53437,25.8167,33,5.751
create,0,43,201,22.45684,12.3683,33,5.384
create,0,44,201,22.51449,12.4745,33,5.02
create,0,45,201,23.90059,14.5646,33,6.617
create,0,46,201,22.0626,12.3219,33,5.036
create,0,47,201,22.11459,12.8111,33,5.251
create,0,48,201,21.65938,12.6749,33,4.855
create,0,49,201,22.75452,13.4529,33,6.159
create,0,50,201,22.32691,12.2896,33,5.196
create,0,51,201,20.56042,11.4573,33,4.57
create,0,52,201,21.58396,12.2241,33,4.941
create,0,53,201,22.93067,12.7044,33,5.209
create,0,54,201,22.62494,12.6618,33,5.247
create,0,55,201,21.20786,12.2436,33,4.815
create,0,56,201,22.46845,12.5146,33,5.16
create,0,57,201,22.79466,13.5721,33,5.588
create,0,58,201,20.94302,11.8712,33,4.895
create,0,59,201,21.30683,12.2648,33,4.974
create,0,60,201,21.49133,12.5239,33,4.825
create,0,61,201,23.54806,14.2944,33,5.855
create,0,62,201,24.29693,13.549,33,5.433
create,0,63,201,25.57495,15.9081,33,7.115
create,0,64,201,71.73257,19.8388,33,6.518
create,0,65,201,23.50366,12.6591,33,5.153
create,0,66,201,21.49825,11.8017,33,5.116
create,0,67,201,21.32133,12.4208,33,4.946
create,0,68,201,22.17381,12.7284,33,5.238
create,0,69,201,25.18367,15.5944,33,6.858
create,0,70,201,24.16405,14.5438,33,6.687
create,0,71,201,21.62255,12.0983,33,4.893
create,0,72,201,21.81513,12.7116,33,5.051
create,0,73,201,24.09857,13.6764,33,5.365
create,0,74,201,22.83226,13.2058,33,5.309
create,0,75,201,20.64436,11.7647,33,4.896
create,0,76,201,25.79174,16.284,33,8.448
create,0,77,201,23.62479,13.4745,33,5.561
create,0,78,201,24.28245,14.6002,33,6.804
create,0,79,201,21.96867,13.0019,33,4.818
create,0,80,201,21.34607,12.6121,33,5.268
create,0,81,201,24.89552,13.9434,33,5.457
create,0,82,201,26.55551,13.1877,33,5.313
create,0,83,201,23.04853,13.3566,33,5.638
create,0,84,201,22.77095,13.1701,33,5.621
create,0,85,201,23.64902,13.0986,33,5.144
create,0,86,201,24.1492,14.7474,33,6.132
create,0,87,201,23.63367,14.1319,33,5.697
create,0,88,201,21.43493,12.2512,33,4.72
create,0,89,201,21.24781,11.9516,33,5.04
create,0,90,201,23.18521,13.8301,33,5.158
create,0,91,201,22.43392,13.1447,33,5.468
create,0,92,201,22.45336,13.3839,33,5.132
create,0,93,201,21.59756,12.7705,33,5.026
create,0,94,201,24.15025,15.2308,33,6.944
create,0,95,201,23.35352,14.2297,33,5.262
create,0,96,201,24.47912,15.3101,33,6.737
create,0,97,201,21.58258,12.6629,33,4.931
create,0,98,201,24.48382,15.3226,33,6.846
create,0,99,201,21.44536,12.5319,33,4.993
create,0,100,201,25.13265,15.5745,33,6.611
create,0,101,201,24.01804,14.4521,33,5.346
create,0,102,201,25.02974,15.4908,33,6.922
create,0,103,201,23.10875,13.8474,33,5.675
create,0,104,201,22.64943,13.1033,33,5.665
create,0,105,201,23.01254,12.9533,33,5.271
create,0,106,201,20.8021,11.6125,33,4.692
create,0,107,201,21.22543,12.259,33,5.099
create,0,108,201,23.12042,13.0355,33,6.001
create,0,109,201,21.87416,12.5661,33,5.659
create,0,110,201,21.2429,12.1299,33,4.984
create,0,111,201,21.20738,12.1138,33,5.234
create,0,112,201,21.05375,11.7142,33,4.853
create,0,113,201,73.58033,13.9304,33,5.64
create,0,114,201,25.70032,13.6624,33,5.412
create,0,115,201,24.34691,14.3224,33,5.987
create,0,116,201,25.90252,15.7004,33,6.941
create,0,117,201,22.88478,13.3635,33,5.401
create,0,118,201,25.15842,15.4844,33,6.884
create,0,119,201,22.23553,12.6997,33,5.545
create,0,120,201,21.60332,11.869,33,4.786
create,0,121,201,22.32151,13.2897,33,6.257
create,0,122,201,26.37012,16.2562,33,7.109
create,0,123,201,23.32815,13.3666,33,5.363
create,0,124,201,24.40492,13.1531,33,5.412
create,0,125,201,22.18572,12.7506,33,5.795
create,0,126,201,23.00676,12.3164,33,5.138
create,0,127,201,25.20209,15.7221,33,7.29
create,0,128,201,22.1969,12.5737,33,4.968
create,0,129,201,24.38188,15.1072,33,7.16
create,0,130,201,22.35726,12.7749,33,5.189
create,0,131,201,25.69231,15.2772,33,7.083
create,0,132,201,25.40787,14.9449,33,6.078
create,0,133,201,26.7639,15.4636,33,7.082
create,0,134,201,25.62862,15.6899,33,7.787
create,0,135,201,26.62796,16.1267,33,7.121
create,0,136,201,24.07304,13.3851,33,5.364
create,0,137,201,28.06597,16.5574,33,7.371
create,0,138,201,25.70851,14.7555,33,5.705
create,0,139,201,27.8644,16.3308,33,7.165
create,0,140,201,24.73129,13.9657,33,5.767
create,0,141,201,25.7466,15.6033,33,6.924
create,0,142,201,23.38832,13.3124,33,5.191
create,0,143,201,25.7274,15.7006,33,6.952
create,0,144,201,23.8261,13.6442,33,5.451
create,0,145,201,26.48008,16.0802,33,7.042
create,0,146,201,22.81444,13.4167,33,5.356
create,0,147,201,25.266,15.5419,33,7.069
create,0,148,201,21.63409,12.2846,33,5.239
create,0,149,201,21.8713,11.893,33,4.972
create,0,150,201,22.46985,12.8229,33,5.369
create,0,151,201,23.37754,13.186,33,6.098
create,0,152,201,22.71703,13.4451,33,5.716
create,0,153,201,32.61775,22.7698,33,14.855
create,0,154,201,23.25652,13.405,33,6.077
create,0,155,201,25.59699,15.3183,33,7.283
create,0,156,201,23.0428,13.3141,33,5.724
create,0,157,201,26.75487,15.6913,33,7.365
create,0,158,201,22.76273,12.4834,33,5.23
create,0,159,201,27.83316,15.8674,33,7.854
create,0,160,201,21.94227,12.5535,33,5.205
create,0,161,201,23.48841,14.3744,33,6.941
create,0,162,201,74.332,13.1055,33,5.669
create,0,163,201,23.59006,12.9975,33,5.446
create,0,164,201,21.45906,12.4386,33,5.092
create,0,165,201,21.52152,12.5818,33,5.35
create,0,166,201,21.70144,12.677,33,5.162
create,0,167,201,21.7915,12.5817,33,5.344
create,0,168,201,19.76387,11.0988,33,4.815
create,0,169,201,21.8055,12.7627,33,5.535
create,0,170,201,23.34853,13.6493,33,5.655
create,0,171,201,22.4487,12.5426,33,5.492
create,0,172,201,20.9204,11.6323,33,5.151
create,0,173,201,25.4469,15.6338,33,8.016
create,0,174,201,21.76079,12.5458,33,4.908
create,0,175,201,24.47277,14.5955,33,6.755
create,0,176,201,22.42459,13.1292,33,5.146
create,0,177,201,21.85292,12.1744,33,5.07
create,0,178,201,22.25954,12.5196,33,4.889
create,0,179,201,21.55203,12.2522,33,5.224
create,0,180,201,22.07399,12.5731,33,4.835
create,0,181,201,23.39912,13.5543,33,5.742
create,0,182,201,22.67114,13.1594,33,5.01
create,0,183,201,22.37257,12.5522,33,5.466
create,0,184,201,29.36839,13.1566,33,5.08
create,0,185,201,26.88243,12.7851,33,5.485
create,0,186,201,21.83949,12.2656,33,4.889
create,0,187,201,22.44081,13.0836,33,5.858
create,0,188,201,22.47177,13.5201,33,5.209
create,0,189,201,25.13607,15.1295,33,7.11
create,0,190,201,22.68629,13.2496,33,4.98
create,0,191,201,25.49331,15.6359,33,7.337
create,0,192,201,22.61611,13.0966,33,4.999
create,0,193,201,25.23184,15.4772,33,6.919
create,0,194,201,23.63986,13.7907,33,5.318
create,0,195,201,26.9501,16.8275,33,7.222
create,0,196,201,24.19021,13.5648,33,5.148
create,0,197,201,26.76946,16.4461,33,7.544
create,0,198,201,24.07862,13.9846,33,5.266
create,0,199,201,26.05124,15.8464,33,7.125
create,0,200,201,24.23481,13.1434,33,5.239
create,0,201,201,22.28994,12.3986,33,5.246
create,0,202,201,34.70379,25.6162,33,16.887
create,0,203,201,25.70771,15.4688,33,7.378
create,0,204,201,22.28185,12.8982,33,5.399
create,0,205,201,23.97319,14.4567,33,6.992
create,0,206,201,21.18152,12.2516,33,4.934
create,0,207,201,23.693,14.5325,33,6.898
create,0,208,201,21.356,12.5153,33,5.112
create,0,209,201,29.44138,12.4794,33,5.367
create,0,210,201,27.10588,13.7439,33,6.059
create,0,211,201,78.94237,14.1712,33,6.144
create,0,212,201,25.49672,13.3749,33,5.884
create,0,213,201,25.71472,15.6451,33,7.873
create,0,214,201,21.47964,11.837,33,5.012
create,0,215,201,26.25214,15.9105,33,8.995
create,0,216,201,21.54933,12.189,33,5.083
create,0,217,201,22.12228,12.7198,33,5.738
create,0,218,201,27.00033,17.3472,33,8.758
create,0,219,201,29.12083,18.7443,33,11.521
create,0,220,201,22.31424,12.1991,33,5.226
create,0,221,201,22.84863,12.7088,33,5.726
create,0,222,201,22.92382,12.6565,33,5.531
create,0,223,201,30.0607,19.2292,33,11.693
create,0,224,201,22.28696,12.2471,33,5.248
create,0,225,201,24.57486,14.9328,33,7.171
create,0,226,201,21.9959,12.2896,33,5.287
create,0,227,201,24.62264,14.8959,33,7.146
create,0,228,201,22.91664,12.6766,33,5.657
create,0,229,201,34.62964,17.3808,33,9.408
create,0,230,201,24.20593,13.7607,33,5.746
create,0,231,201,30.19715,12.6872,33,5.361
create,0,232,201,21.70309,12.0079,33,5.191
create,0,233,201,24.96428,13.7678,33,6.588
create,0,234,201,22.72725,12.52,33,5.45
create,0,235,201,21.50846,12.1825,33,5.481
create,0,236,201,21.37302,11.9962,33,5.499
create,0,237,201,20.61163,11.63,33,4.847
create,0,238,201,23.69676,12.6937,33,5.312
create,0,239,201,23.67859,12.0269,33,4.982
create,0,240,201,20.19123,11.2831,33,4.777
create,0,241,201,23.6693,13.4859,33,6.401
create,0,242,201,20.9108,11.7689,33,5.343
create,0,243,201,24.13837,13.8572,33,6.072
create,0,244,201,21.89197,11.7826,33,5.1
create,0,245,201,22.12967,12.3145,33,5.499
create,0,246,201,20.87934,11.581,33,4.916
create,0,247,201,21.52062,12.1228,33,5.294
create,0,248,201,22.67529,12.7811,33,5.203
create,0,249,201,21.5743,12.4238,33,5.814
create,0,250,201,22.24894,12.8383,33,5.313
create,0,251,201,21.9502,12.4666,33,5.539
create,0,252,201,22.95421,13.4197,33,5.92
create,0,253,201,22.86941,12.6885,33,5.445
create,0,254,201,21.22684,11.7891,33,5.103
create,0,255,201,24.01148,14.4217,33,6.204
create,0,256,201,24.49143,14.6287,33,6.021
create,0,257,201,24.65878,15.0239,33,5.867
create,0,258,201,24.60799,14.1058,33,6.201
create,0,259,201,23.29526,12.8245,33,5.558
create,0,260,201,87.18202,18.5774,33,9.706
create,0,261,201,27.46676,14.2057,33,6.123
create,0,262,201,25.03118,13.7647,33,6.044
create,0,263,201,25.94089,13.9023,33,5.677
create,0,264,201,25.84704,15.3864,33,5.778
create,0,265,201,26.3571,13.7593,33,5.999
create,0,266,201,26.72108,16.0079,33,7.544
create,0,267,201,22.62983,13.13,33,6.084
create,0,268,201,25.46212,15.5857,33,7.822
create,0,269,201,22.62836,12.7462,33,5.811
create,0,270,201,25.04256,15.2149,33,7.13
create,0,271,201,23.76369,12.8859,33,5.667
create,0,272,201,21.34,11.9833,33,5.276
create,0,273,201,25.07047,13.759,33,6.053
create,0,274,201,25.80218,15.6273,33,7.64
create,0,275,201,22.97877,12.681,33,5.674
create,0,276,201,21.78119,12.4818,33,5.6
create,0,277,201,24.57926,12.831,33,5.694
create,0,278,201,24.81606,15.2084,33,7.149
create,0,279,201,22.50343,13.0474,33,5.51
create,0,280,201,22.0012,12.6442,33,5.418
create,0,281,201,25.50358,14.3337,33,6.541
create,0,282,201,23.56917,12.392,33,5.344
create,0,283,201,22.84512,13.2547,33,5.399
create,0,284,201,24.34686,14.7604,33,6.914
create,0,285,201,21.56413,11.8791,33,5.06
create,0,286,201,27.76042,13.5725,33,5.39
create,0,287,201,27.46538,16.4942,33,8.071
create,0,288,201,22.77468,13.1112,33,5.463
create,0,289,201,22.1896,12.404,33,5.412
create,0,290,201,22.83211,12.4431,33,5.319
create,0,291,201,23.36375,12.9251,33,5.45
create,0,292,201,24.7409,13.783,33,6.079
create,0,293,201,25.5703,15.1825,33,7.218
create,0,294,201,22.04284,12.4853,33,5.386
create,0,295,201,26.15952,15.1142,33,7.324
create,0,296,201,21.67828,12.3164,33,5.373
create,0,297,201,23.46939,14.2462,33,7.013
create,0,298,201,19.76244,11.3229,33,5.044
create,0,299,201,23.41495,14.5722,33,6.936
create,0,300,201,21.57482,12.5014,33,5.625
create,0,301,201,24.70963,14.3286,33,7.008
create,0,302,201,21.15247,12.249,33,5.541
create,0,303,201,23.54193,14.2263,33,6.877
create,0,304,201,21.73663,12.3845,33,5.459
create,0,305,201,25.42473,15.3471,33,7.274
create,0,306,201,24.1269,14.5913,33,6.924
create,0,307,201,24.20553,14.6867,33,7.006
create,0,308,201,21.07715,12.0377,33,5.077
create,0,309,201,74.63159,15.1286,33,6.686
create,0,310,201,24.42528,13.7515,33,6.171
create,0,311,201,24.76718,13.9859,33,5.432
create,0,312,201,21.30567,11.7871,33,4.843
create,0,313,201,23.13837,13.2515,33,5.243
create,0,314,201,30.46517,16.3936,33,7.634
create,0,315,201,25.8234,15.3317,33,6.542
create,0,316,201,25.18682,15.8252,33,7.468
create,0,317,201,22.81175,12.8518,33,5.034
create,0,318,201,25.20992,15.48,33,7.322
create,0,319,201,24.42034,13.5928,33,5.386
create,0,320,201,25.83023,16.2443,33,7.539
create,0,321,201,23.14946,12.5046,33,4.993
create,0,322,201,21.05571,12.2344,33,5.325
create,0,323,201,21.87423,12.7133,33,4.895
create,0,324,201,20.79016,11.6195,33,4.872
create,0,325,201,21.01251,11.8739,33,4.582
create,0,326,201,23.24037,14.3706,33,6.78
create,0,327,201,22.23756,12.7901,33,5.259
create,0,328,201,22.34802,12.1012,33,5.137
create,0,329,201,24.68817,14.5826,33,6.611
create,0,330,201,21.87157,12.6413,33,5.298
create,0,331,201,22.86411,14.1726,33,6.667
create,0,332,201,20.83437,11.7509,33,5.002
create,0,333,201,19.99036,11.3496,33,4.924
create,0,334,201,21.4289,11.5175,33,5.034
create,0,335,201,22.74474,13.3225,33,5.865
create,0,336,201,25.15768,13.3412,33,5.563
create,0,337,201,28.06307,15.0492,33,6.124
create,0,338,201,24.36007,12.5087,33,5.35
create,0,339,201,24.31664,13.0609,33,5.221
create,0,340,201,22.25534,12.7429,33,5.405
create,0,341,201,21.97153,12.1717,33,5.177
create,0,342,201,23.00205,13.2354,33,5.436
create,0,343,201,21.30417,11.8328,33,4.944
create,0,344,201,22.00639,12.3731,33,5.218
create,0,345,201,25.73211,14.6234,33,5.657
create,0,346,201,24.76618,13.2874,33,5.587
create,0,347,201,23.28383,13.6904,33,5.305
create,0,348,201,23.58145,13.393,33,5.521
create,0,349,201,22.74935,13.1219,33,5.22
create,0,350,201,23.90942,13.0251,33,5.64
create,0,351,201,20.69313,11.6262,33,4.988
create,0,352,201,23.55001,12.8898,33,5.71
create,0,353,201,20.73081,11.7532,33,5.2
create,0,354,201,21.86897,12.5566,33,5.413
create,0,355,201,25.11183,15.1745,33,7.247
create,0,356,201,22.93991,13.2343,33,5.949
create,0,357,201,23.69301,14.1392,33,7.044
create,0,358,201,72.07425,13.499,33,6.066
create,0,359,201,24.35634,13.3531,33,5.382
create,0,360,201,21.98434,12.1398,33,5.124
create,0,361,201,21.53634,12.0962,33,5.274
create,0,362,201,22.56226,12.0417,33,5.155
create,0,363,201,21.88944,12.5599,33,5.097
create,0,364,201,21.98931,12.842,33,5.164
create,0,365,201,21.29111,11.9539,33,5.024
create,0,366,201,22.05933,12.7742,33,5.229
create,0,367,201,21.53785,11.8761,33,4.731
create,0,368,201,25.93601,16.3179,33,8.639
create,0,369,201,21.10106,11.9853,33,5.056
create,0,370,201,28.68274,18.8505,33,10.689
create,0,371,201,21.95579,12.3461,33,5.193
create,0,372,201,22.64319,12.5385,33,5.431
create,0,373,201,22.2828,12.6615,33,5.668
create,0,374,201,21.82606,12.4219,33,5.654
create,0,375,201,20.79511,11.5498,33,5.089
create,0,376,201,21.21374,11.7402,33,5.368
create,0,377,201,21.47954,11.8601,33,5.139
create,0,378,201,22.67666,12.7112,33,6.073
create,0,379,201,22.01897,12.6747,33,5.995
create,0,380,201,21.6588,12.574,33,5.803
create,0,381,201,21.59359,11.8841,33,5.009
create,0,382,201,22.63954,12.6235,33,5.801
create,0,383,201,22.95698,13.2452,33,5.679
create,0,384,201,40.4552,28.9316,33,20.054
create,0,385,201,24.47217,13.2189,33,5.66
create,0,386,201,24.53083,13.5652,33,5.748
create,0,387,201,24.12751,13.3442,33,5.881
create,0,388,201,23.33975,13.1469,33,5.567
create,0,389,201,23.9577,12.9032,33,5.551
create,0,390,201,26.95302,13.2835,33,5.592
create,0,391,201,23.65455,12.9111,33,5.667
create,0,392,201,24.65531,13.3102,33,5.901
create,0,393,201,25.45956,14.2154,33,6.266
create,0,394,201,28.30518,16.1764,33,7.044
create,0,395,201,32.34671,18.8395,33,7.353
create,0,396,201,26.87577,14.2892,33,6.025
create,0,397,201,21.57506,11.9923,33,5.005
create,0,398,201,25.12249,15.8043,33,5.362
create,0,399,201,24.95792,14.0404,33,5.881
create,0,400,201,31.53285,19.1554,33,9.368
create,0,401,201,24.49935,14.3828,33,6.19
create,0,402,201,27.67558,17.5033,33,7.91
create,0,403,201,27.48806,14.0023,33,6.127
create,0,404,201,24.78373,14.2969,33,5.59
create,0,405,201,23.34317,13.7301,33,5.687
create,0,406,201,22.23256,13.3897,33,5.213
create,0,407,201,74.18613,15.1175,33,5.843
create,0,408,201,25.96982,15.7883,33,7.257
create,0,409,201,24.04735,14.155,33,5.981
create,0,410,201,21.51379,11.4614,33,5.012
create,0,411,201,22.32755,12.9841,33,5.823
create,0,412,201,25.54889,13.9922,33,6.663
create,0,413,201,23.02572,12.6112,33,5.432
create,0,414,201,27.33209,14.368,33,6.698
create,0,415,201,23.42903,12.0557,33,5.192
create,0,416,201,23.68936,13.7249,33,6.555
create,0,417,201,23.4789,12.5889,33,5.541
create,0,418,201,25.73055,14.0796,33,6.013
create,0,419,201,25.7889,14.4575,33,6.076
create,0,420,201,26.44867,15.1563,33,6.39
create,0,421,201,24.0813,14.1434,33,5.533
create,0,422,201,26.19685,16.0523,33,7.582
create,0,423,201,26.38765,15.4573,33,6.362
create,0,424,201,27.13415,16.321,33,7.34
create,0,425,201,29.29603,16.96,33,6.337
create,0,426,201,34.44177,22.5764,33,11.119
create,0,427,201,29.07391,15.2874,33,7.089
create,0,428,201,24.00085,13.379,33,5.928
create,0,429,201,28.64398,15.887,33,6.702
create,0,430,201,27.07738,17.0702,33,8.352
create,0,431,201,23.92493,13.4137,33,6.044
create,0,432,201,25.43678,14.542,33,6.483
create,0,433,201,30.50483,18.7733,33,7.522
create,0,434,201,30.73092,17.0896,33,7.687
create,0,435,201,25.87558,15.0363,33,6.572
create,0,436,201,26.89586,15.0105,33,6.847
create,0,437,201,25.67202,15.5696,33,7.355
create,0,438,201,27.78664,17.2919,33,8.844
create,0,439,201,25.45095,14.9979,33,6.351
create,0,440,201,26.56269,15.7856,33,7.384
create,0,441,201,26.40758,16.1909,33,7.457
create,0,442,201,27.20736,16.3811,33,7.441
create,0,443,201,30.57405,17.8639,33,8.402
create,0,444,201,26.79699,16.2181,33,7.673
create,0,445,201,24.32412,13.4528,33,5.658
create,0,446,201,20.73502,11.7871,33,5.148
create,0,447,201,22.58141,12.2833,33,5.236
create,0,448,201,23.23593,14.0699,33,6.13
create,0,449,201,23.99273,14.4337,33,6.215
create,0,450,201,22.48679,13.1863,33,5.321
create,0,451,201,23.35782,13.6838,33,5.925
create,0,452,201,25.82666,13.1989,33,5.367
create,0,453,201,31.25094,13.1135,33,5.563
create,0,454,201,23.12187,12.6687,33,5.445
create,0,455,201,26.68207,15.9275,33,7.921
create,0,456,201,83.63753,16.235,33,7.77
create,0,457,201,28.0604,16.3038,33,7.847
create,0,458,201,26.92847,15.346,33,6.242
create,0,459,201,24.83691,13.7702,33,5.375
create,0,460,201,24.44161,14.1475,33,5.699
create,0,461,201,25.97938,14.2618,33,5.735
create,0,462,201,30.88025,19.9528,33,10.225
create,0,463,201,27.53781,16.5177,33,7.761
create,0,464,201,28.6826,15.901,33,7.449
create,0,465,201,29.90427,16.2477,33,7.433
create,0,466,201,28.14305,16.9838,33,7.875
create,0,467,201,30.08672,18.0102,33,8.077
create,0,468,201,33.6313,20.9458,33,11.712
create,0,469,201,33.10177,21.6885,33,7.335
create,0,470,201,25.68327,14.866,33,6.905
create,0,471,201,23.26847,13.5892,33,6.796
create,0,472,201,31.52867,20.2288,33,6.344
create,0,473,201,26.39082,15.2588,33,6.706
create,0,474,201,27.7175,16.7354,33,7.877
create,0,475,201,25.68404,15.5609,33,7.397
create,0,476,201,27.49261,16.8368,33,7.584
create,0,477,201,25.24903,14.5317,33,5.857
create,0,478,201,27.12955,14.7509,33,6.897
create,0,479,201,28.29359,16.717,33,6.958
create,0,480,201,34.39721,21.888,33,6.3
create,0,481,201,25.26562,14.8558,33,6.197
create,0,482,201,33.18493,17.0187,33,7.891
create,0,483,201,30.58449,16.8382,33,7.912
create,0,484,201,25.28861,15.0641,33,7.113
create,0,485,201,27.53139,17.1396,33,6.644
create,0,486,201,26.77921,15.9207,33,5.227
create,0,487,201,26.8908,17.0083,33,6.438
create,0,488,201,25.84373,16.4117,33,9.216
create,0,489,201,23.92793,14.5403,33,5.952
create,0,490,201,23.26549,13.1554,33,6.235
create,0,491,201,22.10038,12.6882,33,5.579
create,0,492,201,20.75958,11.4671,33,5.033
create,0,493,201,20.89782,11.9651,33,5.505
create,0,494,201,20.60953,11.7062,33,5.037
create,0,495,201,22.55971,13.3785,33,5.903
create,0,496,201,26.02687,15.5863,33,7.391
create,0,497,201,23.9175,13.2775,33,5.607
create,0,498,201,25.8034,15.2603,33,7.293
create,0,499,201,25.49714,15.36,33,7.268
create,0,500,201,25.18792,14.663,33,7.162
create,0,501,201,24.97464,15.1728,33,7.037
create,0,502,201,24.30153,14.909,33,7.065
create,0,503,201,25.52792,14.7931,33,7.091
create,0,504,201,25.4199,15.667,33,7.257
create,0,505,201,94.50678,13.3381,33,5.73
create,0,506,201,27.31682,13.9965,33,6.063
create,0,507,201,22.90048,12.8747,33,5.468
create,0,508,201,23.06622,12.7496,33,5.362
create,0,509,201,24.04219,13.4435,33,5.563
create,0,510,201,23.2542,13.0064,33,5.382
create,0,511,201,23.25736,12.7336,33,5.336
create,0,512,201,23.63633,13.776,33,5.886
create,0,513,201,23.96744,13.6969,33,5.519
create,0,514,201,23.42867,12.764,33,5.369
create,0,515,201,24.38553,13.183,33,5.477
create,0,516,201,23.17963,13.0827,33,5.466
create,0,517,201,24.19028,13.8448,33,5.682
create,0,518,201,27.97335,13.6908,33,5.718
create,0,519,201,23.97234,13.2863,33,5.654
create,0,520,201,24.57489,13.9794,33,5.463
create,0,521,201,24.15998,13.5294,33,5.72
create,0,522,201,23.47693,13.1843,33,5.557
create,0,523,201,26.65258,15.9184,33,6.473
create,0,524,201,24.68527,13.5827,33,5.327
create,0,525,201,22.87102,13.1636,33,5.465
create,0,526,201,29.26364,18.9942,33,6.854
create,0,527,201,35.57304,23.7412,33,8.137
create,0,528,201,27.38315,14.4544,33,5.66
create,0,529,201,25.25106,13.6475,33,5.697
create,0,530,201,25.04528,13.6315,33,5.637
create,0,531,201,31.39983,19.9702,33,8.587
create,0,532,201,26.65815,16.1215,33,6.963
create,0,533,201,26.34796,16.3262,33,7.106
create,0,534,201,27.01601,16.603,33,7.527
create,0,535,201,22.79628,12.8338,33,5.369
create,0,536,201,23.99207,13.484,33,5.971
create,0,537,201,21.99249,12.7901,33,5.544
create,0,538,201,21.90433,12.1559,33,5.237
create,0,539,201,22.4321,12.647,33,5.414
create,0,540,201,22.5981,11.9071,33,4.993
create,0,541,201,22.91895,13.477,33,5.613
create,0,542,201,27.19464,15.9495,33,7.143
create,0,543,201,27.58035,16.8689,33,7.578
create,0,544,201,27.59408,16.2536,33,7.227
create,0,545,201,25.98137,15.786,33,7.361
create,0,546,201,26.8601,16.3175,33,7.017
create,0,547,201,25.94371,15.9957,33,7.211
create,0,548,201,26.69376,16.4102,33,7.132
create,0,549,201,26.73727,16.1713,33,7.042
create,0,550,201,23.13446,13.2594,33,5.736
create,0,551,201,23.1539,12.8728,33,5.235
create,0,552,201,23.09053,13.3727,33,5.986
create,0,553,201,22.33234,11.951,33,4.986
create,0,554,201,74.35587,14.4027,33,5.705
create,0,555,201,31.21518,17.3749,33,7.497
create,0,556,201,27.34359,16.4878,33,7.32
create,0,557,201,41.87576,30.9413,33,9.186
create,0,558,201,25.80854,15.1511,33,6.861
create,0,559,201,27.49872,16.2857,33,7.335
create,0,560,201,27.68541,17.1367,33,7.456
create,0,561,201,29.19375,17.2542,33,7.514
create,0,562,201,28.5584,17.219,33,7.588
create,0,563,201,25.64299,14.5203,33,5.874
create,0,564,201,29.73264,17.9245,33,7.75
create,0,565,201,29.46391,17.3583,33,7.483
create,0,566,201,29.87587,17.268,33,7.52
create,0,567,201,25.13555,14.6247,33,5.783
create,0,568,201,22.31448,12.4835,33,5.124
create,0,569,201,21.52385,11.9125,33,4.928
create,0,570,201,21.61998,12.5681,33,5.406
create,0,571,201,26.52953,15.5682,33,6.616
create,0,572,201,25.89584,15.2229,33,7.582
create,0,573,201,24.66205,15.0804,33,6.623
create,0,574,201,21.00274,11.6266,33,4.994
create,0,575,201,25.49207,15.893,33,7.195
create,0,576,201,22.43937,12.7049,33,5.226
create,0,577,201,22.10049,11.93,33,4.916
create,0,578,201,21.66692,12.143,33,5.09
create,0,579,201,28.22605,17.1538,33,7.906
create,0,580,201,26.63851,15.5695,33,7.113
create,0,581,201,25.71992,15.2117,33,6.817
create,0,582,201,24.69102,15.4453,33,6.655
create,0,583,201,25.12767,15.4898,33,6.929
create,0,584,201,25.37423,14.948,33,7.357
create,0,585,201,27.90637,17.5938,33,8.929
create,0,586,201,26.39715,16.4078,33,7.27
create,0,587,201,28.17745,15.9955,33,5.982
create,0,588,201,33.71206,23.8817,33,7.841
create,0,589,201,32.89727,22.1959,33,9.709
create,0,590,201,22.42239,12.9036,33,5.701
create,0,591,201,23.15566,13.2329,33,5.754
create,0,592,201,27.93848,18.1433,33,8.05
create,0,593,201,34.53179,15.7922,33,7.012
create,0,594,201,25.82676,15.7622,33,7.143
create,0,595,201,25.70322,15.342,33,6.851
create,0,596,201,25.13588,14.2431,33,5.836
create,0,597,201,25.50642,14.8647,33,6.292
create,0,598,201,23.31258,13.0351,33,5.527
create,0,599,201,24.28935,13.9707,33,5.957
create,0,600,201,23.31572,13.482,33,6.207
create,0,601,201,22.8047,12.618,33,5.101
create,0,602,201,23.30017,13.3697,33,5.337
create,0,603,201,94.50208,14.6965,33,6.547
create,0,604,201,26.28726,12.6095,33,5.576
create,0,605,201,23.95365,12.6739,33,5.562
create,0,606,201,23.10572,12.4514,33,5.507
create,0,607,201,24.77081,13.7419,33,5.994
create,0,608,201,23.41782,12.9965,33,5.349
create,0,609,201,25.09508,14.5332,33,6.628
create,0,610,201,24.44898,13.5825,33,5.815
create,0,611,201,24.63315,13.7713,33,5.877
create,0,612,201,23.03957,12.8555,33,5.439
create,0,613,201,23.04095,13.3735,33,5.776
create,0,614,201,27.76499,13.3394,33,6.078
create,0,615,201,22.77737,12.6593,33,5.219
create,0,616,201,27.04961,16.2502,33,7.134
create,0,617,201,25.9708,16.1439,33,8.386
create,0,618,201,22.44109,12.9139,33,5.727
create,0,619,201,23.66059,12.0888,33,4.951
create,0,620,201,22.64278,12.578,33,5.501
create,0,621,201,23.67627,13.6675,33,6.41
create,0,622,201,21.6993,12.4191,33,5.345
create,0,623,201,24.95337,15.143,33,5.947
create,0,624,201,23.60729,12.4308,33,5.089
create,0,625,201,22.97573,13.3843,33,6.47
create,0,626,201,36.99654,27.817,33,5.667
create,0,627,201,24.50065,14.2507,33,6.667
create,0,628,201,24.01965,14.0243,33,5.964
create,0,629,201,24.93588,14.7651,33,5.786
create,0,630,201,26.05758,13.834,33,6.216
create,0,631,201,23.43998,13.6401,33,6.112
create,0,632,201,23.64565,13.767,33,5.945
create,0,633,201,28.67489,16.236,33,8.082
create,0,634,201,27.20318,17.5057,33,9.866
create,0,635,201,23.58829,13.8388,33,5.443
create,0,636,201,23.34447,13.513,33,5.642
create,0,637,201,49.198,38.7266,33,6.035
create,0,638,201,23.13464,12.9857,33,5.493
create,0,639,201,36.70609,26.2397,33,17.537
create,0,640,201,22.60944,12.7868,33,5.355
create,0,641,201,23.20066,13.6771,33,5.752
create,0,642,201,25.55607,13.8725,33,6.246
create,0,643,201,28.56083,16.3169,33,7.323
create,0,644,201,28.5162,17.7781,33,7.707
create,0,645,201,29.42146,16.3648,33,7.383
create,0,646,201,25.66846,15.2465,33,7.487
create,0,647,201,22.98773,12.7514,33,5.282
create,0,648,201,23.73229,13.1964,33,5.713
create,0,649,201,22.96012,12.7024,33,5.31
create,0,650,201,23.753,13.0528,33,5.53
create,0,651,201,23.99918,13.2474,33,5.44
create,0,652,201,98.8722,15.4972,33,7.314
create,0,653,201,31.21887,19.0441,33,6.825
create,0,654,201,32.94109,16.0101,33,8.127
create,0,655,201,30.26143,18.6148,33,10.105
create,0,656,201,25.36259,14.3413,33,6.227
create,0,657,201,26.59295,14.7143,33,6.104
create,0,658,201,24.5653,13.1633,33,5.657
create,0,659,201,25.72502,12.9687,33,5.436
create,0,660,201,23.47436,13.059,33,5.301
create,0,661,201,29.3716,15.4852,33,7.672
create,0,662,201,24.64416,13.7234,33,5.57
create,0,663,201,23.08717,12.747,33,5.292
create,0,664,201,25.13589,13.6311,33,5.865
create,0,665,201,26.69265,17.1961,33,7.759
create,0,666,201,24.79792,13.292,33,5.344
create,0,667,201,23.86971,14.0767,33,6.604
create,0,668,201,32.14284,16.8504,33,7.507
create,0,669,201,29.17555,12.9684,33,5.481
create,0,670,201,30.24187,15.1613,33,6.976
create,0,671,201,30.27043,17.2661,33,6.338
create,0,672,201,32.18529,18.5804,33,8.01
create,0,673,201,31.18206,17.662,33,9.465
create,0,674,201,23.74497,13.901,33,5.905
create,0,675,201,22.31042,12.697,33,5.312
create,0,676,201,24.69211,15.3886,33,8.063
create,0,677,201,23.07594,12.8434,33,5.478
create,0,678,201,22.85253,13.0206,33,5.392
create,0,679,201,27.66334,17.4184,33,8.17
create,0,680,201,29.67056,19.1944,33,6.711
create,0,681,201,24.17224,13.0681,33,5.3
create,0,682,201,25.81516,15.0057,33,6.49
create,0,683,201,29.87387,14.6384,33,5.977
create,0,684,201,27.34899,15.9993,33,7.121
create,0,685,201,27.63324,16.3237,33,7.276
create,0,686,201,26.31288,15.8153,33,7.058
create,0,687,201,26.35549,15.6773,33,6.976
create,0,688,201,26.35052,16.2017,33,7.302
create,0,689,201,26.54392,16.0502,33,7.256
create,0,690,201,26.74707,16.0296,33,6.991
create,0,691,201,26.97371,15.6101,33,6.884
create,0,692,201,26.4633,16.4631,33,7.007
create,0,693,201,26.34417,15.7299,33,7.044
create,0,694,201,30.07624,16.0021,33,7.087
create,0,695,201,26.24436,15.8173,33,7.025
create,0,696,201,26.67108,15.392,33,7.076
create,0,697,201,22.96013,13.4021,33,5.849
create,0,698,201,23.44765,13.2967,33,5.668
create,0,699,201,25.51845,14.2457,33,6.004
create,0,700,201,28.09441,16.4911,33,8.118
create,0,701,201,85.20766,13.502,33,5.462
create,0,702,201,27.46118,14.5486,33,6.91
create,0,703,201,26.82495,13.2411,33,5.405
create,0,704,201,27.16996,12.9693,33,5.698
create,0,705,201,22.32301,12.7612,33,5.202
create,0,706,201,22.95101,12.624,33,5.344
create,0,707,201,22.66727,12.7443,33,5.682
create,0,708,201,22.30718,12.3568,33,5.166
create,0,709,201,27.73388,17.6636,33,7.115
create,0,710,201,28.51471,13.4107,33,5.905
create,0,711,201,30.54948,20.5592,33,12.987
create,0,712,201,27.79548,18.0767,33,10.456
create,0,713,201,24.68887,13.4616,33,5.495
create,0,714,201,26.54757,13.4339,33,5.415
create,0,715,201,30.58457,17.5689,33,7.452
create,0,716,201,35.29786,16.1132,33,7.104
create,0,717,201,24.71596,13.3346,33,5.48
create,0,718,201,24.48604,13.2404,33,5.634
create,0,719,201,29.52477,17.0192,33,7.529
create,0,720,201,26.95213,16.6217,33,7.446
create,0,721,201,33.70621,13.4389,33,5.472
create,0,722,201,24.33751,13.2438,33,5.945
create,0,723,201,26.79795,14.6074,33,6.295
create,0,724,201,23.43758,13.4033,33,5.734
create,0,725,201,24.24913,13.0904,33,5.262
create,0,726,201,26.47087,13.224,33,5.451
create,0,727,201,26.95927,15.2649,33,5.992
create,0,728,201,28.21874,14.6429,33,6.46
create,0,729,201,29.12077,16.5484,33,7.776
create,0,730,201,30.66921,16.3187,33,6.553
create,0,731,201,24.72835,13.2328,33,5.328
create,0,732,201,21.89177,12.538,33,5.262
create,0,733,201,24.13418,13.4044,33,5.559
create,0,734,201,27.89578,14.8802,33,5.905
create,0,735,201,26.27957,15.3509,33,6.771
create,0,736,201,24.4973,13.301,33,5.3
create,0,737,201,26.48623,15.1965,33,7.744
create,0,738,201,24.28905,13.9692,33,5.149
create,0,739,201,22.7828,13.0521,33,5.765
create,0,740,201,25.20862,14.3871,33,5.396
create,0,741,201,27.80668,16.3689,33,7.24
create,0,742,201,27.62711,17.2287,33,8.123
create,0,743,201,25.93189,16.0261,33,6.16
create,0,744,201,22.86741,13.1539,33,5.533
create,0,745,201,23.69566,12.8453,33,5.692
create,0,746,201,24.863,13.8394,33,5.533
create,0,747,201,22.31407,12.2917,33,4.976
create,0,748,201,25.34398,16.147,33,6.786
create,0,749,201,27.80309,14.2493,33,5.767
create,0,750,201,84.6207,14.81,33,6.129
create,0,751,201,25.19731,12.9371,33,5.829
create,0,752,201,25.02311,14.9201,33,5.477
create,0,753,201,24.38266,13.6476,33,5.924
create,0,754,201,23.92267,12.7739,33,5.197
create,0,755,201,21.88851,12.2841,33,5.133
create,0,756,201,24.54294,13.3952,33,5.445
create,0,757,201,25.18214,14.1822,33,5.966
create,0,758,201,32.74998,20.2554,33,9.044
create,0,759,201,24.71011,13.0704,33,5.464
create,0,760,201,26.13216,15.4998,33,7.097
create,0,761,201,24.08977,13.1325,33,5.484
create,0,762,201,29.70389,16.0554,33,6.185
create,0,763,201,27.03726,17.0015,33,7.385
create,0,764,201,27.02887,16.5522,33,8.093
create,0,765,201,32.02254,17.8349,33,7.193
create,0,766,201,29.03235,17.9822,33,8.385
create,0,767,201,29.76907,17.5207,33,7.61
create,0,768,201,24.17118,13.7854,33,5.795
create,0,769,201,28.68707,16.6951,33,6.57
create,0,770,201,25.77711,15.7191,33,6.917
create,0,771,201,30.83211,16.9744,33,8.061
create,0,772,201,33.06661,19.2921,33,9.584
create,0,773,201,30.51351,18.5157,33,7.676
create,0,774,201,26.27074,15.8242,33,7.003
create,0,775,201,28.29681,16.8324,33,6.509
create,0,776,201,28.91003,17.8069,33,8.587
create,0,777,201,26.74042,15.705,33,5.812
create,0,778,201,25.8353,14.9846,33,5.642
create,0,779,201,23.84957,13.6571,33,5.791
create,0,780,201,23.50498,13.1894,33,5.523
create,0,781,201,25.12746,15.1336,33,5.95
create,0,782,201,27.18069,17.217,33,7.164
create,0,783,201,24.11192,14.5794,33,6.033
create,0,784,201,24.57419,14.3809,33,6.074
create,0,785,201,26.19088,16.0757,33,6.951
create,0,786,201,27.36684,15.8151,33,6.581
create,0,787,201,25.30991,14.5955,33,5.805
create,0,788,201,24.43003,13.3828,33,5.631
create,0,789,201,23.08341,13.9356,33,6.248
create,0,790,201,22.38589,12.954,33,5.621
create,0,791,201,23.06654,13.6245,33,5.696
create,0,792,201,24.33766,14.6692,33,6.134
create,0,793,201,22.21895,11.8794,33,4.964
create,0,794,201,22.6227,12.9904,33,5.181
create,0,795,201,24.46569,12.9668,33,5.772
create,0,796,201,23.07763,13.9303,33,5.444
create,0,797,201,27.56355,16.954,33,8.869
create,0,798,201,25.33857,15.0067,33,5.247
create,0,799,201,84.767,14.6489,33,5.651
create,0,800,201,25.21661,13.2975,33,5.144
create,0,801,201,26.5518,14.8565,33,6.453
create,0,802,201,24.88175,14.6694,33,5.691
create,0,803,201,23.71453,13.0429,33,5.453
create,0,804,201,24.42614,14.4273,33,6.381
create,0,805,201,25.67682,14.4488,33,6.12
create,0,806,201,25.44341,14.1444,33,5.699
create,0,807,201,24.46281,13.8119,33,5.74
create,0,808,201,22.7272,13.3817,33,5.334
create,0,809,201,25.20943,15.2291,33,6.254
create,0,810,201,27.39343,17.486,33,8.77
create,0,811,201,21.93641,12.4187,33,5.114
create,0,812,201,23.98641,13.2235,33,5.384
create,0,813,201,21.84855,12.1578,33,5.114
create,0,814,201,22.89125,13.5343,33,5.589
create,0,815,201,29.2301,18.5095,33,8.796
create,0,816,201,21.73863,12.3347,33,5.344
create,0,817,201,23.47901,12.8809,33,5.091
create,0,818,201,25.76101,15.0817,33,6.533
create,0,819,201,22.89627,12.7204,33,5.046
create,0,820,201,21.77461,12.0821,33,5.084
create,0,821,201,21.52064,11.8992,33,4.666
create,0,822,201,25.85049,15.5084,33,7.315
create,0,823,201,22.55274,13.1246,33,5.623
create,0,824,201,22.80682,13.0978,33,5.698
create,0,825,201,25.21474,14.2283,33,5.356
create,0,826,201,28.89739,15.8607,33,7.177
create,0,827,201,23.7093,13.6947,33,5.769
create,0,828,201,24.9452,13.7297,33,5.897
create,0,829,201,26.60158,16.1856,33,7.076
create,0,830,201,23.59395,13.1154,33,5.588
create,0,831,201,21.68135,11.8413,33,4.911
create,0,832,201,21.96753,12.5457,33,5.451
create,0,833,201,22.50909,13.2116,33,4.942
create,0,834,201,23.14198,12.7824,33,5.009
create,0,835,201,26.3781,16.8333,33,7.296
create,0,836,201,26.28396,14.9714,33,6.67
create,0,837,201,23.05348,12.3255,33,4.948
create,0,838,201,21.96788,13.1006,33,5.549
create,0,839,201,23.64492,13.9001,33,5.588
create,0,840,201,23.97414,14.8801,33,5.369
create,0,841,201,22.99618,13.7167,33,5.953
create,0,842,201,23.78982,14.0278,33,6.084
create,0,843,201,23.20556,13.5454,33,5.972
create,0,844,201,26.44437,15.4023,33,6.293
create,0,845,201,23.15136,13.2467,33,5.231
create,0,846,201,40.49625,12.9021,33,5.403
create,0,847,201,23.88338,13.346,33,5.533
create,0,848,201,85.05723,13.9071,33,5.721
create,0,849,201,24.46897,12.8659,33,5.54
create,0,850,201,23.00585,12.6106,33,5.235
create,0,851,201,22.56985,12.546,33,5.081
create,0,852,201,23.12739,13.4344,33,5.02
create,0,853,201,22.68034,12.4567,33,5.346
create,0,854,201,23.24607,13.8269,33,5.395
create,0,855,201,25.00705,12.3786,33,5.189
create,0,856,201,22.72851,13.0824,33,5.398
create,0,857,201,24.20282,13.0076,33,5.241
create,0,858,201,25.7734,13.8302,33,6.068
create,0,859,201,30.95281,17.9648,33,5.645
create,0,860,201,26.43113,15.3036,33,6.214
create,0,861,201,25.50218,14.299,33,5.473
create,0,862,201,24.01618,13.459,33,5.563
create,0,863,201,22.42995,12.9581,33,5.04
create,0,864,201,23.55169,13.5032,33,5.714
create,0,865,201,23.06308,13.2159,33,5.371
create,0,866,201,22.82014,13.1964,33,5.56
create,0,867,201,24.4569,14.303,33,5.506
create,0,868,201,24.3776,13.6524,33,5.74
create,0,869,201,24.20732,13.1863,33,5.114
create,0,870,201,26.70524,17.0227,33,9.072
create,0,871,201,26.60515,16.0283,33,6.621
create,0,872,201,26.6817,14.907,33,6.1
create,0,873,201,29.13766,16.8387,33,7.525
create,0,874,201,25.59314,13.8315,33,5.549
create,0,875,201,36.40485,25.8369,33,8.076
create,0,876,201,26.4915,15.9304,33,7.409
create,0,877,201,30.97617,18.3348,33,8.363
create,0,878,201,29.01899,15.5538,33,7.324
create,0,879,201,27.2813,16.7696,33,8.393
create,0,880,201,28.71319,18.1873,33,6.867
create,0,881,201,25.77404,14.9301,33,6.054
create,0,882,201,35.97964,22.9879,33,13.359
create,0,883,201,23.61726,13.4214,33,6.06
create,0,884,201,22.4231,12.8395,33,5.393
create,0,885,201,21.44741,12.0644,33,5.117
create,0,886,201,21.45211,12.1564,33,5.248
create,0,887,201,22.15321,13.2927,33,5.2
create,0,888,201,23.71717,13.6809,33,5.629
create,0,889,201,25.05136,14.8018,33,6.191
create,0,890,201,23.89562,14.1608,33,6.488
create,0,891,201,26.33019,16.3482,33,5.8
create,0,892,201,24.44702,13.9751,33,5.963
create,0,893,201,29.48993,18.247,33,6.253
create,0,894,201,29.18014,13.5436,33,6.107
create,0,895,201,24.37187,13.2293,33,5.34
create,0,896,201,29.82722,16.9518,33,7.721
create,0,897,201,85.79216,15.196,33,5.961
create,0,898,201,337.48076,324.3546,33,315.683
create,0,899,201,34.59776,21.7397,33,12.863
create,0,900,201,26.24358,13.6124,33,5.855
create,0,901,201,24.2204,13.6602,33,5.738
create,0,902,201,25.2049,14.988,33,6.076
create,0,903,201,31.41926,17.6139,33,6.718
create,0,904,201,45.96337,33.8946,33,17.689
create,0,905,201,25.82359,13.3144,33,5.436
create,0,906,201,29.50785,16.5357,33,7.539
create,0,907,201,24.60479,13.2577,33,5.42
create,0,908,201,29.05209,16.1427,33,6.801
create,0,909,201,30.81522,17.7933,33,8.808
create,0,910,201,24.55718,14.5739,33,6.724
create,0,911,201,26.12251,15.4549,33,5.643
create,0,912,201,44.34378,28.9522,33,6.804
create,0,913,201,26.21921,13.8168,33,5.324
create,0,914,201,24.67507,14.5671,33,5.63
create,0,915,201,25.56234,14.894,33,5.765
create,0,916,201,23.28536,13.8449,33,6.373
create,0,917,201,24.09984,14.3978,33,5.286
create,0,918,201,22.75122,13.5303,33,5.87
create,0,919,201,22.21461,12.4936,33,4.886
create,0,920,201,22.72276,12.3305,33,5.305
create,0,921,201,22.64847,13.5075,33,5.334
create,0,922,201,23.18257,12.4356,33,5.582
create,0,923,201,23.89338,14.407,33,5.911
create,0,924,201,23.25962,12.2969,33,5.271
create,0,925,201,24.94067,14.5802,33,6.715
create,0,926,201,24.07454,14.0594,33,5.749
create,0,927,201,25.93331,14.8978,33,6.199
create,0,928,201,23.99063,13.1534,33,5.391
create,0,929,201,24.10255,13.0008,33,5.468
create,0,930,201,22.97508,12.6738,33,5.228
create,0,931,201,22.46751,12.0017,33,5.079
create,0,932,201,21.71404,12.143,33,4.772
create,0,933,201,23.77649,13.6515,33,6.018
create,0,934,201,21.90686,12.2485,33,4.929
create,0,935,201,22.66569,12.8475,33,5.332
create,0,936,201,22.89681,12.8778,33,5.501
create,0,937,201,21.40012,11.9617,33,5.015
create,0,938,201,23.27386,12.3526,33,4.926
create,0,939,201,22.58228,12.5976,33,5.257
create,0,940,201,23.12864,13.5904,33,5.927
create,0,941,201,22.34285,12.9656,33,5.152
create,0,942,201,22.30045,12.6513,33,5.279
create,0,943,201,24.3936,13.7169,33,5.773
create,0,944,201,24.33507,13.9608,33,5.63
create,0,945,201,23.07453,13.5566,33,5.324
create,0,946,201,74.82314,14.2526,33,6.015
create,0,947,201,30.44315,17.4558,33,6.701
create,0,948,201,23.56578,12.8235,33,5.564
create,0,949,201,25.05937,14.5061,33,6.002
create,0,950,201,24.53211,13.8536,33,5.911
create,0,951,201,22.56584,12.9789,33,5.603
create,0,952,201,23.81663,13.7019,33,5.763
create,0,953,201,24.5534,15.0014,33,6.582
create,0,954,201,23.24048,13.271,33,5.806
create,0,955,201,22.03478,12.2299,33,5.206
create,0,956,201,24.53353,13.5726,33,5.942
create,0,957,201,25.6225,13.8324,33,5.595
create,0,958,201,26.81593,16.2775,33,7.03
create,0,959,201,22.91733,13.4052,33,5.344
create,0,960,201,23.85057,12.6168,33,5.073
create,0,961,201,22.28162,12.6501,33,5.563
create,0,962,201,23.88768,13.5488,33,5.631
create,0,963,201,24.48289,13.5348,33,5.891
create,0,964,201,25.75125,13.506,33,5.484
create,0,965,201,24.1777,13.7752,33,5.734
create,0,966,201,22.46165,12.7246,33,5.239
create,0,967,201,22.47366,12.4631,33,5.481
create,0,968,201,24.83457,13.7554,33,5.49
create,0,969,201,24.28958,13.6857,33,5.904
create,0,970,201,22.30725,12.8529,33,5.664
create,0,971,201,21.87528,12.4077,33,5.763
create,0,972,201,22.66799,12.8245,33,5.222
create,0,973,201,28.10778,16.0473,33,7.444
create,0,974,201,30.05186,17.3666,33,9.331
create,0,975,201,23.14872,12.7245,33,5.204
create,0,976,201,27.7339,16.2171,33,7.148
create,0,977,201,24.16868,14.3508,33,5.975
create,0,978,201,23.47199,13.5981,33,5.345
create,0,979,201,33.57321,15.4947,33,6.628
create,0,980,201,25.17967,15.1389,33,5.576
create,0,981,201,27.62059,16.2998,33,5.606
create,0,982,201,26.90789,14.1917,33,6.074
create,0,983,201,25.97449,15.5511,33,6.533
create,0,984,201,26.01317,14.606,33,6.155
create,0,985,201,30.93303,20.2138,33,7.093
create,0,986,201,27.38218,16.819,33,7.045
create,0,987,201,30.71447,19.625,33,6.466
create,0,988,201,29.69134,17.3302,33,7.81
create,0,989,201,33.16588,16.1191,33,5.281
create,0,990,201,24.70968,13.5828,33,5.41
create,0,991,201,26.56765,15.4079,33,5.9
create,0,992,201,24.5339,14.5621,33,5.953
create,0,993,201,25.74939,14.4711,33,5.458
create,0,994,201,26.72351,14.5861,33,5.964
create,0,995,201,98.75144,18.3196,33,6.458
create,0,996,201,29.00189,14.9836,33,6.437
create,0,997,201,24.7752,14.0274,33,6.072
create,0,998,201,28.92241,17.2565,33,9.242
create,0,999,201,27.90133,15.9185,33,7.248
