Oct 06, 2026 8:30:46 PM org.apache.coyote.AbstractProtocol init
INFO: Initializing ProtocolHandler ["http-nio-127.0.0.1-18080"]
Oct 06, 2026 8:30:46 PM org.apache.catalina.core.StandardService startInternal
INFO: Starting service [Tomcat]
Oct 06, 2026 8:30:46 PM org.apache.catalina.core.StandardEngine startInternal
INFO: Starting Servlet engine: [Apache Tomcat/10.1.57]
Oct 06, 2026 8:30:46 PM org.apache.catalina.startup.ExpandWar expand
INFO: An expanded directory [/workspace/axelor-pilot-state/tomcat/webapps/axelor-erp] was found with a last modified time that did not match the associated WAR. It will be deleted.
Oct 06, 2026 8:30:49 PM org.apache.catalina.startup.ContextConfig getDefaultWebXmlFragment
INFO: No global web.xml found
Oct 06, 2026 8:30:58 PM org.apache.jasper.servlet.TldScanner scanJars
INFO: At least one JAR was scanned for TLDs yet contained no TLDs. Enable debug logging for this logger for a complete list of JARs that were scanned but no TLDs were found in them. Skipping unneeded JARs during scanning can improve startup time and JSP compilation time.
2026-10-06 20:30:59.452  INFO 10548 --- [           main] com.axelor.db.JpaModule                  : JCache provider: com.github.benmanes.caffeine.jcache.spi.CaffeineCachingProvider
2026-10-06 20:31:01.362  INFO 10548 --- [           main] com.axelor.app.AppModule                 : Configuring app modules...
2026-10-06 20:31:02.781  INFO 10548 --- [           main] com.axelor.app.AppModule                 : View processors: com.axelor.studio.service.ViewProcessorImpl, com.axelor.apps.base.service.meta.BaseViewProcessor
2026-10-06 20:31:03.264  INFO 10548 --- [           main] com.axelor.app.AppModule                 : Script policy configurators: com.axelor.studio.scripting.StudioScriptPolicyConfigurator, com.axelor.apps.base.module.BaseCustomPolicy, com.axelor.apps.account.module.AccountCustomPolicy, com.axelor.apps.crm.module.CrmCustomPolicy, com.axelor.apps.intervention.module.InterventionCustomPolicy
2026-10-06 20:31:03.306  INFO 10548 --- [           main] com.axelor.app.AppModule                 : Cache provider: caffeine
2026-10-06 20:31:06.402  INFO 10548 --- [           main] c.axelor.web.socket.WebSocketEndpoint    : Registering channel: tags
2026-10-06 20:31:06.403  INFO 10548 --- [           main] c.axelor.web.socket.WebSocketEndpoint    : Registering channel: mail
2026-10-06 20:31:06.608  INFO 10548 --- [           main] com.axelor.auth.pac4j.AuthPac4jModule    : JCache provider: com.github.benmanes.caffeine.jcache.spi.CaffeineCachingProvider
2026-10-06 20:31:06.785  INFO 10548 --- [           main] c.axelor.auth.pac4j.ClientListService    : Indirect clients: AxelorFormClient, MfaClient
2026-10-06 20:31:06.785  INFO 10548 --- [           main] c.axelor.auth.pac4j.ClientListService    : Direct clients: AxelorApiKeyClient
2026-10-06 20:31:22.363  INFO 10548 --- [           main] c.a.d.h.dialect.CustomDialectResolver    : Database dialect: AxelorPostgreSQLDialect, version: 16.15
2026-10-06 20:31:40.807  INFO 10548 --- [           main] com.axelor.web.AppStartup                : Initializing...
2026-10-06 20:31:42.563  INFO 10548 --- [           main] c.a.s.b.s.BpmAsyncExecutorServiceImpl    : BPM async ForkJoinPool initialized: parallelism=4
2026-10-06 20:31:42.621  INFO 10548 --- [           main] com.axelor.meta.loader.ModuleManager     : Loading package axelor-core...
2026-10-06 20:31:42.622  INFO 10548 --- [           main] com.axelor.meta.loader.ModuleManager     : Loading package axelor-web...
2026-10-06 20:31:42.622  INFO 10548 --- [           main] com.axelor.meta.loader.ModuleManager     : Loading package axelor-utils...
2026-10-06 20:31:42.622  INFO 10548 --- [           main] com.axelor.meta.loader.ModuleManager     : Loading package axelor-message...
2026-10-06 20:31:42.622  INFO 10548 --- [           main] com.axelor.meta.loader.ModuleManager     : Loading package axelor-studio...
2026-10-06 20:31:42.622  INFO 10548 --- [           main] com.axelor.meta.loader.ModuleManager     : Loading package axelor-base...
2026-10-06 20:31:42.622  INFO 10548 --- [           main] com.axelor.meta.loader.ModuleManager     : Loading package axelor-account...
2026-10-06 20:31:42.622  INFO 10548 --- [           main] com.axelor.meta.loader.ModuleManager     : Loading package axelor-bank-payment...
2026-10-06 20:31:42.622  INFO 10548 --- [           main] com.axelor.meta.loader.ModuleManager     : Loading package axelor-project...
2026-10-06 20:31:42.622  INFO 10548 --- [           main] com.axelor.meta.loader.ModuleManager     : Loading package axelor-human-resource...
2026-10-06 20:31:42.622  INFO 10548 --- [           main] com.axelor.meta.loader.ModuleManager     : Loading package axelor-crm...
2026-10-06 20:31:42.622  INFO 10548 --- [           main] com.axelor.meta.loader.ModuleManager     : Loading package axelor-sale...
2026-10-06 20:31:42.622  INFO 10548 --- [           main] com.axelor.meta.loader.ModuleManager     : Loading package axelor-purchase...
2026-10-06 20:31:42.622  INFO 10548 --- [           main] com.axelor.meta.loader.ModuleManager     : Loading package axelor-stock...
2026-10-06 20:31:42.622  INFO 10548 --- [           main] com.axelor.meta.loader.ModuleManager     : Loading package axelor-supplychain...
2026-10-06 20:31:42.622  INFO 10548 --- [           main] com.axelor.meta.loader.ModuleManager     : Loading package axelor-contract...
2026-10-06 20:31:42.622  INFO 10548 --- [           main] com.axelor.meta.loader.ModuleManager     : Loading package axelor-budget...
2026-10-06 20:31:42.622  INFO 10548 --- [           main] com.axelor.meta.loader.ModuleManager     : Loading package axelor-cash-management...
2026-10-06 20:31:42.622  INFO 10548 --- [           main] com.axelor.meta.loader.ModuleManager     : Loading package axelor-helpdesk...
2026-10-06 20:31:42.622  INFO 10548 --- [           main] com.axelor.meta.loader.ModuleManager     : Loading package axelor-client-portal...
2026-10-06 20:31:42.622  INFO 10548 --- [           main] com.axelor.meta.loader.ModuleManager     : Loading package axelor-fleet...
2026-10-06 20:31:42.622  INFO 10548 --- [           main] com.axelor.meta.loader.ModuleManager     : Loading package axelor-gdpr...
2026-10-06 20:31:42.623  INFO 10548 --- [           main] com.axelor.meta.loader.ModuleManager     : Loading package axelor-intervention...
2026-10-06 20:31:42.623  INFO 10548 --- [           main] com.axelor.meta.loader.ModuleManager     : Loading package axelor-quality...
2026-10-06 20:31:42.623  INFO 10548 --- [           main] com.axelor.meta.loader.ModuleManager     : Loading package axelor-production...
2026-10-06 20:31:42.623  INFO 10548 --- [           main] com.axelor.meta.loader.ModuleManager     : Loading package axelor-maintenance...
2026-10-06 20:31:42.623  INFO 10548 --- [           main] com.axelor.meta.loader.ModuleManager     : Loading package axelor-marketing...
2026-10-06 20:31:42.623  INFO 10548 --- [           main] com.axelor.meta.loader.ModuleManager     : Loading package axelor-mobile-settings...
2026-10-06 20:31:42.623  INFO 10548 --- [           main] com.axelor.meta.loader.ModuleManager     : Loading package axelor-supplier-management...
2026-10-06 20:31:42.623  INFO 10548 --- [           main] com.axelor.meta.loader.ModuleManager     : Loading package axelor-supplier-portal...
2026-10-06 20:31:42.623  INFO 10548 --- [           main] com.axelor.meta.loader.ModuleManager     : Loading package axelor-talent...
2026-10-06 20:31:42.623  INFO 10548 --- [           main] com.axelor.meta.loader.ModuleManager     : Loading package cencomun-baseline...
2026-10-06 20:31:42.623  INFO 10548 --- [           main] com.axelor.meta.loader.ModuleManager     : Loading package axelor-erp...
2026-10-06 20:31:42.625  INFO 10548 --- [           main] c.a.app.leader.LeaderElectionWorker      : Leader Election Worker started.
2026-10-06 20:31:44.003  INFO 10548 --- [           main] c.a.s.bpm.listener.AppEntityListener     : BPM app state changed: active=false
2026-10-06 20:31:44.013  INFO 10548 --- [           main] c.a.s.b.s.init.ProcessEngineServiceImpl  : Engine removed for tenant: default
2026-10-06 20:31:46.169  INFO 10548 --- [           main] c.a.s.ls.LinkScriptBindingsServiceImpl   : Registering LinkScript function: com.axelor.studio.ls.builtin.LinkScriptRequest.request as request
2026-10-06 20:31:46.170  INFO 10548 --- [           main] c.a.s.ls.LinkScriptBindingsServiceImpl   : Registering LinkScript function: com.axelor.studio.ls.builtin.LinkScriptFunctions.inject as inject
2026-10-06 20:31:46.170  INFO 10548 --- [           main] c.a.s.ls.LinkScriptBindingsServiceImpl   : Registering LinkScript function: com.axelor.studio.ls.builtin.LinkScriptFunctions.echo as echo
2026-10-06 20:31:46.170  INFO 10548 --- [           main] c.a.s.ls.LinkScriptBindingsServiceImpl   : Registering LinkScript function: com.axelor.studio.ls.builtin.LinkScriptFunctions.run as run
2026-10-06 20:31:46.171  INFO 10548 --- [           main] c.a.s.ls.LinkScriptBindingsServiceImpl   : Registering LinkScript binding: com.axelor.studio.ls.LinkScriptService
2026-10-06 20:31:46.172  INFO 10548 --- [           main] c.a.s.ls.LinkScriptBindingsServiceImpl   : Registering LinkScript binding: com.axelor.studio.ls.builtin.LinkScriptLogger.get as __log__
2026-10-06 20:31:46.229  INFO 10548 --- [           main] c.a.s.b.s.init.BpmEngineEventService     : Non-distributed cache, skipping BPM event subscription
2026-10-06 20:31:46.290  INFO 10548 --- [           main] c.a.a.b.l.BaseServerStartListener        : Loaded Timezones
2026-10-06 20:31:46.936  INFO 10548 --- [           main] com.axelor.web.AppStartup                : Ready to serve...
2026-10-06 20:32:01.765  INFO 10548 --- [1-18080-exec-10] .a.a.b.s.a.SequenceIncrementExecutorImpl : SequenceIncrementExecutor initialized with single-thread executor
2026-10-06 20:32:01.766  INFO 10548 --- [1-18080-exec-10] a.a.b.s.a.SequenceReservationServiceImpl : SequenceReservationService initialized with single-thread executor
2026-10-06 20:32:03.736 ERROR 10548 --- [.1-18080-exec-9] com.axelor.meta.ActionHandler            : null
java.lang.reflect.InvocationTargetException
	at java.base/jdk.internal.reflect.DirectMethodHandleAccessor.invoke(DirectMethodHandleAccessor.java:118)
	at java.base/java.lang.reflect.Method.invoke(Method.java:580)
	at com.axelor.meta.ActionHandler.call(ActionHandler.java:230)
	at com.axelor.meta.schema.actions.ActionMethod.evaluate(ActionMethod.java:63)
	at com.axelor.meta.schema.actions.Action.execute(Action.java:89)
	at com.axelor.meta.schema.actions.Action.wrap(Action.java:102)
	at com.axelor.meta.schema.actions.ActionGroup.evaluate(ActionGroup.java:221)
	at com.axelor.meta.schema.actions.Action.execute(Action.java:85)
	at com.axelor.meta.schema.actions.Action.wrap(Action.java:102)
	at com.axelor.meta.ActionHandler.execute(ActionHandler.java:490)
	at com.axelor.meta.ActionExecutor.execute(ActionExecutor.java:44)
	at com.axelor.meta.ActionExecutor$$EnhancerByGuice$$54e4e45.GUICE$TRAMPOLINE(<generated>)
	at com.google.inject.internal.InterceptorStackCallback$InterceptedMethodInvocation.proceed(InterceptorStackCallback.java:74)
	at com.axelor.rpc.ResponseInterceptor.invoke(ResponseInterceptor.java:41)
	at com.google.inject.internal.InterceptorStackCallback$InterceptedMethodInvocation.proceed(InterceptorStackCallback.java:75)
	at com.google.inject.internal.InterceptorStackCallback.invoke(InterceptorStackCallback.java:55)
	at com.axelor.meta.ActionExecutor$$EnhancerByGuice$$54e4e45.execute(<generated>)
	at com.axelor.web.service.ActionService.execute(ActionService.java:106)
	at com.axelor.web.service.ActionService$$EnhancerByGuice$$9331bc4.GUICE$TRAMPOLINE(<generated>)
	at com.google.inject.internal.InterceptorStackCallback$InterceptedMethodInvocation.proceed(InterceptorStackCallback.java:74)
	at com.axelor.rpc.RequestFilter.invoke(RequestFilter.java:42)
	at com.google.inject.internal.InterceptorStackCallback$InterceptedMethodInvocation.proceed(InterceptorStackCallback.java:75)
	at com.axelor.rpc.ResponseInterceptor.invoke(ResponseInterceptor.java:50)
	at com.google.inject.internal.InterceptorStackCallback$InterceptedMethodInvocation.proceed(InterceptorStackCallback.java:75)
	at com.google.inject.internal.InterceptorStackCallback.invoke(InterceptorStackCallback.java:55)
	at com.axelor.web.service.ActionService$$EnhancerByGuice$$9331bc4.execute(<generated>)
	at java.base/jdk.internal.reflect.DirectMethodHandleAccessor.invoke(DirectMethodHandleAccessor.java:103)
	at java.base/java.lang.reflect.Method.invoke(Method.java:580)
	at org.jboss.resteasy.core.MethodInjectorImpl.invoke(MethodInjectorImpl.java:154)
	at org.jboss.resteasy.core.MethodInjectorImpl.invoke(MethodInjectorImpl.java:118)
	at org.jboss.resteasy.core.ResourceMethodInvoker.internalInvokeOnTarget(ResourceMethodInvoker.java:560)
	at org.jboss.resteasy.core.ResourceMethodInvoker.invokeOnTargetAfterFilter(ResourceMethodInvoker.java:452)
	at org.jboss.resteasy.core.ResourceMethodInvoker.lambda$invokeOnTarget$0(ResourceMethodInvoker.java:413)
	at org.jboss.resteasy.core.interception.jaxrs.PreMatchContainerRequestContext.filter(PreMatchContainerRequestContext.java:321)
	at org.jboss.resteasy.core.ResourceMethodInvoker.invokeOnTarget(ResourceMethodInvoker.java:415)
	at org.jboss.resteasy.core.ResourceMethodInvoker.invoke(ResourceMethodInvoker.java:378)
	at org.jboss.resteasy.core.ResourceMethodInvoker.invoke(ResourceMethodInvoker.java:356)
	at org.jboss.resteasy.core.ResourceMethodInvoker.invoke(ResourceMethodInvoker.java:70)
	at org.jboss.resteasy.core.SynchronousDispatcher.invoke(SynchronousDispatcher.java:434)
	at org.jboss.resteasy.core.SynchronousDispatcher.lambda$invoke$0(SynchronousDispatcher.java:245)
	at org.jboss.resteasy.core.SynchronousDispatcher.lambda$preprocess$0(SynchronousDispatcher.java:159)
	at org.jboss.resteasy.core.interception.jaxrs.PreMatchContainerRequestContext.filter(PreMatchContainerRequestContext.java:321)
	at org.jboss.resteasy.core.SynchronousDispatcher.preprocess(SynchronousDispatcher.java:162)
	at org.jboss.resteasy.core.SynchronousDispatcher.invoke(SynchronousDispatcher.java:234)
	at org.jboss.resteasy.plugins.server.servlet.ServletContainerDispatcher.service(ServletContainerDispatcher.java:222)
	at org.jboss.resteasy.plugins.server.servlet.HttpServletDispatcher.service(HttpServletDispatcher.java:55)
	at org.jboss.resteasy.plugins.server.servlet.HttpServletDispatcher.service(HttpServletDispatcher.java:51)
	at jakarta.servlet.http.HttpServlet.service(HttpServlet.java:723)
	at org.apache.catalina.core.ApplicationFilterChain.internalDoFilter(ApplicationFilterChain.java:197)
	at org.apache.catalina.core.ApplicationFilterChain.doFilter(ApplicationFilterChain.java:142)
	at org.apache.tomcat.websocket.server.WsFilter.doFilter(WsFilter.java:57)
	at org.apache.catalina.core.ApplicationFilterChain.internalDoFilter(ApplicationFilterChain.java:166)
	at org.apache.catalina.core.ApplicationFilterChain.doFilter(ApplicationFilterChain.java:142)
	at com.google.inject.servlet.FilterChainInvocation.doFilter(FilterChainInvocation.java:89)
	at com.axelor.web.servlet.MaintenanceFilter.doFilter(MaintenanceFilter.java:49)
	at com.google.inject.servlet.FilterChainInvocation.doFilter(FilterChainInvocation.java:82)
	at org.apache.shiro.guice.web.SimpleFilterChain.doFilter(SimpleFilterChain.java:48)
	at org.pac4j.jee.filter.SecurityFilter.lambda$internalFilter$0(SecurityFilter.java:84)
	at org.pac4j.core.engine.DefaultSecurityLogic.perform(DefaultSecurityLogic.java:151)
	at org.pac4j.jee.filter.SecurityFilter.internalFilter(SecurityFilter.java:82)
	at org.pac4j.jee.config.AbstractConfigFilter.doFilter(AbstractConfigFilter.java:92)
	at org.apache.shiro.guice.web.SimpleFilterChain.doFilter(SimpleFilterChain.java:45)
	at com.axelor.auth.pac4j.SessionInfoFilter.doFilterInternal(SessionInfoFilter.java:42)
	at org.apache.shiro.web.servlet.OncePerRequestFilter.doFilter(OncePerRequestFilter.java:156)
	at org.apache.shiro.guice.web.SimpleFilterChain.doFilter(SimpleFilterChain.java:45)
	at org.apache.shiro.web.servlet.AdviceFilter.executeChain(AdviceFilter.java:109)
	at org.apache.shiro.web.servlet.AdviceFilter.doFilterInternal(AdviceFilter.java:138)
	at org.apache.shiro.web.servlet.OncePerRequestFilter.doFilter(OncePerRequestFilter.java:156)
	at org.apache.shiro.guice.web.SimpleFilterChain.doFilter(SimpleFilterChain.java:45)
	at org.apache.shiro.web.servlet.AbstractShiroFilter.executeChain(AbstractShiroFilter.java:463)
	at org.apache.shiro.web.servlet.AbstractShiroFilter.lambda$doFilterInternal$0(AbstractShiroFilter.java:378)
	at org.apache.shiro.subject.support.SubjectCallable.doCall(SubjectCallable.java:91)
	at org.apache.shiro.subject.support.SubjectCallable.call(SubjectCallable.java:84)
	at org.apache.shiro.subject.support.DelegatingSubject.execute(DelegatingSubject.java:389)
	at org.apache.shiro.web.servlet.AbstractShiroFilter.doFilterInternal(AbstractShiroFilter.java:376)
	at org.apache.shiro.web.servlet.OncePerRequestFilter.doFilter(OncePerRequestFilter.java:156)
	at com.google.inject.servlet.FilterChainInvocation.doFilter(FilterChainInvocation.java:82)
	at com.axelor.app.internal.AppFilter.doFilter(AppFilter.java:86)
	at com.google.inject.servlet.FilterChainInvocation.doFilter(FilterChainInvocation.java:82)
	at com.google.inject.persist.PersistFilter.doFilter(PersistFilter.java:94)
	at com.google.inject.servlet.FilterChainInvocation.doFilter(FilterChainInvocation.java:82)
	at com.axelor.db.tenants.TenantFilter.doFilter(TenantFilter.java:69)
	at com.google.inject.servlet.FilterChainInvocation.doFilter(FilterChainInvocation.java:82)
	at com.axelor.web.servlet.CorsFilter.doFilter(CorsFilter.java:124)
	at com.google.inject.servlet.FilterChainInvocation.doFilter(FilterChainInvocation.java:82)
	at com.axelor.web.servlet.ProxyFilter.doFilter(ProxyFilter.java:34)
	at com.google.inject.servlet.FilterChainInvocation.doFilter(FilterChainInvocation.java:82)
	at com.google.inject.servlet.ManagedFilterPipeline.dispatch(ManagedFilterPipeline.java:121)
	at com.google.inject.servlet.GuiceFilter.doFilter(GuiceFilter.java:133)
	at org.apache.catalina.core.ApplicationFilterChain.internalDoFilter(ApplicationFilterChain.java:166)
	at org.apache.catalina.core.ApplicationFilterChain.doFilter(ApplicationFilterChain.java:142)
	at org.apache.catalina.core.StandardWrapperValve.invoke(StandardWrapperValve.java:165)
	at org.apache.catalina.core.StandardContextValve.invoke(StandardContextValve.java:88)
	at org.apache.catalina.authenticator.AuthenticatorBase.invoke(AuthenticatorBase.java:535)
	at org.apache.catalina.core.StandardHostValve.invoke(StandardHostValve.java:115)
	at org.apache.catalina.valves.ErrorReportValve.invoke(ErrorReportValve.java:86)
	at org.apache.catalina.core.StandardEngineValve.invoke(StandardEngineValve.java:71)
	at org.apache.catalina.connector.CoyoteAdapter.service(CoyoteAdapter.java:348)
	at org.apache.coyote.http11.Http11Processor.service(Http11Processor.java:408)
	at org.apache.coyote.AbstractProcessorLight.process(AbstractProcessorLight.java:71)
	at org.apache.coyote.AbstractProtocol$ConnectionHandler.process(AbstractProtocol.java:1307)
	at org.apache.tomcat.util.net.NioEndpoint$SocketProcessor.doRun(NioEndpoint.java:2032)
	at org.apache.tomcat.util.net.SocketProcessorBase.run(SocketProcessorBase.java:74)
	at org.apache.tomcat.util.threads.ThreadPoolExecutor.runWorker(ThreadPoolExecutor.java:976)
	at org.apache.tomcat.util.threads.ThreadPoolExecutor$Worker.run(ThreadPoolExecutor.java:494)
	at org.apache.tomcat.util.threads.TaskThread$WrappingRunnable.run(TaskThread.java:80)
	at java.base/java.lang.Thread.run(Thread.java:1583)
Caused by: com.cencomun.core.CoreFault: Product outside pilot catalog
	at com.cencomun.core.PilotService.previewLine(PilotService.java:63)
	at com.google.inject.persist.jpa.JpaLocalTxnInterceptor.invoke(JpaLocalTxnInterceptor.java:66)
	at com.cencomun.core.PilotController.line(PilotController.java:21)
	at java.base/jdk.internal.reflect.DirectMethodHandleAccessor.invoke(DirectMethodHandleAccessor.java:103)
	at java.base/java.lang.reflect.Method.invoke(Method.java:580)
	at com.axelor.meta.ActionHandler.call(ActionHandler.java:230)
	at com.axelor.meta.schema.actions.ActionMethod.evaluate(ActionMethod.java:63)
	at com.axelor.meta.schema.actions.Action.execute(Action.java:89)
	at com.axelor.meta.schema.actions.Action.wrap(Action.java:102)
	at com.axelor.meta.schema.actions.ActionGroup.evaluate(ActionGroup.java:221)
	at com.axelor.meta.schema.actions.Action.execute(Action.java:85)
	at com.axelor.meta.schema.actions.Action.wrap(Action.java:102)
	at com.axelor.meta.ActionHandler.execute(ActionHandler.java:490)
	at com.axelor.meta.ActionExecutor.execute(ActionExecutor.java:44)
	at com.axelor.rpc.ResponseInterceptor.invoke(ResponseInterceptor.java:41)
	at com.axelor.web.service.ActionService.execute(ActionService.java:106)
	at com.axelor.rpc.RequestFilter.invoke(RequestFilter.java:42)
	at com.axelor.rpc.ResponseInterceptor.invoke(ResponseInterceptor.java:50)
	... 81 common frames omitted
2026-10-06 20:32:03.918 ERROR 10548 --- [.1-18080-exec-6] com.axelor.meta.ActionHandler            : null
java.lang.reflect.InvocationTargetException
	at java.base/jdk.internal.reflect.DirectMethodHandleAccessor.invoke(DirectMethodHandleAccessor.java:118)
	at java.base/java.lang.reflect.Method.invoke(Method.java:580)
	at com.axelor.meta.ActionHandler.call(ActionHandler.java:230)
	at com.axelor.meta.schema.actions.ActionMethod.evaluate(ActionMethod.java:63)
	at com.axelor.meta.schema.actions.Action.execute(Action.java:89)
	at com.axelor.meta.schema.actions.Action.wrap(Action.java:102)
	at com.axelor.meta.schema.actions.ActionGroup.evaluate(ActionGroup.java:221)
	at com.axelor.meta.schema.actions.Action.execute(Action.java:85)
	at com.axelor.meta.schema.actions.Action.wrap(Action.java:102)
	at com.axelor.meta.ActionHandler.execute(ActionHandler.java:490)
	at com.axelor.meta.ActionExecutor.execute(ActionExecutor.java:44)
	at com.axelor.meta.ActionExecutor$$EnhancerByGuice$$54e4e45.GUICE$TRAMPOLINE(<generated>)
	at com.google.inject.internal.InterceptorStackCallback$InterceptedMethodInvocation.proceed(InterceptorStackCallback.java:74)
	at com.axelor.rpc.ResponseInterceptor.invoke(ResponseInterceptor.java:41)
	at com.google.inject.internal.InterceptorStackCallback$InterceptedMethodInvocation.proceed(InterceptorStackCallback.java:75)
	at com.google.inject.internal.InterceptorStackCallback.invoke(InterceptorStackCallback.java:55)
	at com.axelor.meta.ActionExecutor$$EnhancerByGuice$$54e4e45.execute(<generated>)
	at com.axelor.web.service.ActionService.execute(ActionService.java:106)
	at com.axelor.web.service.ActionService$$EnhancerByGuice$$9331bc4.GUICE$TRAMPOLINE(<generated>)
	at com.google.inject.internal.InterceptorStackCallback$InterceptedMethodInvocation.proceed(InterceptorStackCallback.java:74)
	at com.axelor.rpc.RequestFilter.invoke(RequestFilter.java:42)
	at com.google.inject.internal.InterceptorStackCallback$InterceptedMethodInvocation.proceed(InterceptorStackCallback.java:75)
	at com.axelor.rpc.ResponseInterceptor.invoke(ResponseInterceptor.java:50)
	at com.google.inject.internal.InterceptorStackCallback$InterceptedMethodInvocation.proceed(InterceptorStackCallback.java:75)
	at com.google.inject.internal.InterceptorStackCallback.invoke(InterceptorStackCallback.java:55)
	at com.axelor.web.service.ActionService$$EnhancerByGuice$$9331bc4.execute(<generated>)
	at java.base/jdk.internal.reflect.DirectMethodHandleAccessor.invoke(DirectMethodHandleAccessor.java:103)
	at java.base/java.lang.reflect.Method.invoke(Method.java:580)
	at org.jboss.resteasy.core.MethodInjectorImpl.invoke(MethodInjectorImpl.java:154)
	at org.jboss.resteasy.core.MethodInjectorImpl.invoke(MethodInjectorImpl.java:118)
	at org.jboss.resteasy.core.ResourceMethodInvoker.internalInvokeOnTarget(ResourceMethodInvoker.java:560)
	at org.jboss.resteasy.core.ResourceMethodInvoker.invokeOnTargetAfterFilter(ResourceMethodInvoker.java:452)
	at org.jboss.resteasy.core.ResourceMethodInvoker.lambda$invokeOnTarget$0(ResourceMethodInvoker.java:413)
	at org.jboss.resteasy.core.interception.jaxrs.PreMatchContainerRequestContext.filter(PreMatchContainerRequestContext.java:321)
	at org.jboss.resteasy.core.ResourceMethodInvoker.invokeOnTarget(ResourceMethodInvoker.java:415)
	at org.jboss.resteasy.core.ResourceMethodInvoker.invoke(ResourceMethodInvoker.java:378)
	at org.jboss.resteasy.core.ResourceMethodInvoker.invoke(ResourceMethodInvoker.java:356)
	at org.jboss.resteasy.core.ResourceMethodInvoker.invoke(ResourceMethodInvoker.java:70)
	at org.jboss.resteasy.core.SynchronousDispatcher.invoke(SynchronousDispatcher.java:434)
	at org.jboss.resteasy.core.SynchronousDispatcher.lambda$invoke$0(SynchronousDispatcher.java:245)
	at org.jboss.resteasy.core.SynchronousDispatcher.lambda$preprocess$0(SynchronousDispatcher.java:159)
	at org.jboss.resteasy.core.interception.jaxrs.PreMatchContainerRequestContext.filter(PreMatchContainerRequestContext.java:321)
	at org.jboss.resteasy.core.SynchronousDispatcher.preprocess(SynchronousDispatcher.java:162)
	at org.jboss.resteasy.core.SynchronousDispatcher.invoke(SynchronousDispatcher.java:234)
	at org.jboss.resteasy.plugins.server.servlet.ServletContainerDispatcher.service(ServletContainerDispatcher.java:222)
	at org.jboss.resteasy.plugins.server.servlet.HttpServletDispatcher.service(HttpServletDispatcher.java:55)
	at org.jboss.resteasy.plugins.server.servlet.HttpServletDispatcher.service(HttpServletDispatcher.java:51)
	at jakarta.servlet.http.HttpServlet.service(HttpServlet.java:723)
	at org.apache.catalina.core.ApplicationFilterChain.internalDoFilter(ApplicationFilterChain.java:197)
	at org.apache.catalina.core.ApplicationFilterChain.doFilter(ApplicationFilterChain.java:142)
	at org.apache.tomcat.websocket.server.WsFilter.doFilter(WsFilter.java:57)
	at org.apache.catalina.core.ApplicationFilterChain.internalDoFilter(ApplicationFilterChain.java:166)
	at org.apache.catalina.core.ApplicationFilterChain.doFilter(ApplicationFilterChain.java:142)
	at com.google.inject.servlet.FilterChainInvocation.doFilter(FilterChainInvocation.java:89)
	at com.axelor.web.servlet.MaintenanceFilter.doFilter(MaintenanceFilter.java:49)
	at com.google.inject.servlet.FilterChainInvocation.doFilter(FilterChainInvocation.java:82)
	at org.apache.shiro.guice.web.SimpleFilterChain.doFilter(SimpleFilterChain.java:48)
	at org.pac4j.jee.filter.SecurityFilter.lambda$internalFilter$0(SecurityFilter.java:84)
	at org.pac4j.core.engine.DefaultSecurityLogic.perform(DefaultSecurityLogic.java:151)
	at org.pac4j.jee.filter.SecurityFilter.internalFilter(SecurityFilter.java:82)
	at org.pac4j.jee.config.AbstractConfigFilter.doFilter(AbstractConfigFilter.java:92)
	at org.apache.shiro.guice.web.SimpleFilterChain.doFilter(SimpleFilterChain.java:45)
	at com.axelor.auth.pac4j.SessionInfoFilter.doFilterInternal(SessionInfoFilter.java:42)
	at org.apache.shiro.web.servlet.OncePerRequestFilter.doFilter(OncePerRequestFilter.java:156)
	at org.apache.shiro.guice.web.SimpleFilterChain.doFilter(SimpleFilterChain.java:45)
	at org.apache.shiro.web.servlet.AdviceFilter.executeChain(AdviceFilter.java:109)
	at org.apache.shiro.web.servlet.AdviceFilter.doFilterInternal(AdviceFilter.java:138)
	at org.apache.shiro.web.servlet.OncePerRequestFilter.doFilter(OncePerRequestFilter.java:156)
	at org.apache.shiro.guice.web.SimpleFilterChain.doFilter(SimpleFilterChain.java:45)
	at org.apache.shiro.web.servlet.AbstractShiroFilter.executeChain(AbstractShiroFilter.java:463)
	at org.apache.shiro.web.servlet.AbstractShiroFilter.lambda$doFilterInternal$0(AbstractShiroFilter.java:378)
	at org.apache.shiro.subject.support.SubjectCallable.doCall(SubjectCallable.java:91)
	at org.apache.shiro.subject.support.SubjectCallable.call(SubjectCallable.java:84)
	at org.apache.shiro.subject.support.DelegatingSubject.execute(DelegatingSubject.java:389)
	at org.apache.shiro.web.servlet.AbstractShiroFilter.doFilterInternal(AbstractShiroFilter.java:376)
	at org.apache.shiro.web.servlet.OncePerRequestFilter.doFilter(OncePerRequestFilter.java:156)
	at com.google.inject.servlet.FilterChainInvocation.doFilter(FilterChainInvocation.java:82)
	at com.axelor.app.internal.AppFilter.doFilter(AppFilter.java:86)
	at com.google.inject.servlet.FilterChainInvocation.doFilter(FilterChainInvocation.java:82)
	at com.google.inject.persist.PersistFilter.doFilter(PersistFilter.java:94)
	at com.google.inject.servlet.FilterChainInvocation.doFilter(FilterChainInvocation.java:82)
	at com.axelor.db.tenants.TenantFilter.doFilter(TenantFilter.java:69)
	at com.google.inject.servlet.FilterChainInvocation.doFilter(FilterChainInvocation.java:82)
	at com.axelor.web.servlet.CorsFilter.doFilter(CorsFilter.java:124)
	at com.google.inject.servlet.FilterChainInvocation.doFilter(FilterChainInvocation.java:82)
	at com.axelor.web.servlet.ProxyFilter.doFilter(ProxyFilter.java:34)
	at com.google.inject.servlet.FilterChainInvocation.doFilter(FilterChainInvocation.java:82)
	at com.google.inject.servlet.ManagedFilterPipeline.dispatch(ManagedFilterPipeline.java:121)
	at com.google.inject.servlet.GuiceFilter.doFilter(GuiceFilter.java:133)
	at org.apache.catalina.core.ApplicationFilterChain.internalDoFilter(ApplicationFilterChain.java:166)
	at org.apache.catalina.core.ApplicationFilterChain.doFilter(ApplicationFilterChain.java:142)
	at org.apache.catalina.core.StandardWrapperValve.invoke(StandardWrapperValve.java:165)
	at org.apache.catalina.core.StandardContextValve.invoke(StandardContextValve.java:88)
	at org.apache.catalina.authenticator.AuthenticatorBase.invoke(AuthenticatorBase.java:535)
	at org.apache.catalina.core.StandardHostValve.invoke(StandardHostValve.java:115)
	at org.apache.catalina.valves.ErrorReportValve.invoke(ErrorReportValve.java:86)
	at org.apache.catalina.core.StandardEngineValve.invoke(StandardEngineValve.java:71)
	at org.apache.catalina.connector.CoyoteAdapter.service(CoyoteAdapter.java:348)
	at org.apache.coyote.http11.Http11Processor.service(Http11Processor.java:408)
	at org.apache.coyote.AbstractProcessorLight.process(AbstractProcessorLight.java:71)
	at org.apache.coyote.AbstractProtocol$ConnectionHandler.process(AbstractProtocol.java:1307)
	at org.apache.tomcat.util.net.NioEndpoint$SocketProcessor.doRun(NioEndpoint.java:2032)
	at org.apache.tomcat.util.net.SocketProcessorBase.run(SocketProcessorBase.java:74)
	at org.apache.tomcat.util.threads.ThreadPoolExecutor.runWorker(ThreadPoolExecutor.java:976)
	at org.apache.tomcat.util.threads.ThreadPoolExecutor$Worker.run(ThreadPoolExecutor.java:494)
	at org.apache.tomcat.util.threads.TaskThread$WrappingRunnable.run(TaskThread.java:80)
	at java.base/java.lang.Thread.run(Thread.java:1583)
Caused by: com.cencomun.core.CoreFault: Product outside pilot catalog
	at com.cencomun.core.PilotService.previewLine(PilotService.java:63)
	at com.google.inject.persist.jpa.JpaLocalTxnInterceptor.invoke(JpaLocalTxnInterceptor.java:66)
	at com.cencomun.core.PilotController.line(PilotController.java:21)
	at java.base/jdk.internal.reflect.DirectMethodHandleAccessor.invoke(DirectMethodHandleAccessor.java:103)
	at java.base/java.lang.reflect.Method.invoke(Method.java:580)
	at com.axelor.meta.ActionHandler.call(ActionHandler.java:230)
	at com.axelor.meta.schema.actions.ActionMethod.evaluate(ActionMethod.java:63)
	at com.axelor.meta.schema.actions.Action.execute(Action.java:89)
	at com.axelor.meta.schema.actions.Action.wrap(Action.java:102)
	at com.axelor.meta.schema.actions.ActionGroup.evaluate(ActionGroup.java:221)
	at com.axelor.meta.schema.actions.Action.execute(Action.java:85)
	at com.axelor.meta.schema.actions.Action.wrap(Action.java:102)
	at com.axelor.meta.ActionHandler.execute(ActionHandler.java:490)
	at com.axelor.meta.ActionExecutor.execute(ActionExecutor.java:44)
	at com.axelor.rpc.ResponseInterceptor.invoke(ResponseInterceptor.java:41)
	at com.axelor.web.service.ActionService.execute(ActionService.java:106)
	at com.axelor.rpc.RequestFilter.invoke(RequestFilter.java:42)
	at com.axelor.rpc.ResponseInterceptor.invoke(ResponseInterceptor.java:50)
	... 81 common frames omitted
2026-10-06 20:32:19.770 ERROR 10548 --- [.1-18080-exec-2] com.axelor.rpc.ResponseInterceptor       : Error: Use the authenticated Cencomun workflow service
2026-10-06 20:32:19.835 ERROR 10548 --- [.1-18080-exec-9] com.axelor.rpc.ResponseInterceptor       : Authorization Error: [Message=You are not authorized to update this resource., User=pilot-operator, Detail=com.axelor.apps.base.db.Product#1]
2026-10-06 20:32:20.250 ERROR 10548 --- [.1-18080-exec-1] c.a.a.b.s.exception.TraceBackService     : jakarta.ws.rs.ForbiddenException: Permission denied: authenticated Core workflow required for native writes
	at com.cencomun.core.CoreNativeScope.require(CoreNativeScope.java:10)
	at com.cencomun.core.CoreNativePermissionInterceptor.invoke(CoreNativePermissionInterceptor.java:9)
	at com.google.inject.persist.jpa.JpaLocalTxnInterceptor.invoke(JpaLocalTxnInterceptor.java:66)
	at com.axelor.apps.sale.web.SaleOrderController.cancelSaleOrder(SaleOrderController.java:271)
	at com.axelor.apps.base.module.ControllerMethodInterceptor.invoke(ControllerMethodInterceptor.java:36)
	at java.base/jdk.internal.reflect.DirectMethodHandleAccessor.invoke(DirectMethodHandleAccessor.java:103)
	at java.base/java.lang.reflect.Method.invoke(Method.java:580)
	at com.axelor.meta.ActionHandler.call(ActionHandler.java:230)
	at com.axelor.meta.schema.actions.ActionMethod.evaluate(ActionMethod.java:63)
	at com.axelor.meta.schema.actions.Action.execute(Action.java:89)
	at com.axelor.meta.schema.actions.Action.wrap(Action.java:102)
	at com.axelor.meta.schema.actions.ActionGroup.evaluate(ActionGroup.java:221)
	at com.axelor.meta.schema.actions.Action.execute(Action.java:85)
	at com.axelor.meta.schema.actions.Action.wrap(Action.java:102)
	at com.axelor.meta.ActionHandler.execute(ActionHandler.java:490)
	at com.axelor.meta.ActionExecutor.execute(ActionExecutor.java:44)
	at com.axelor.rpc.ResponseInterceptor.invoke(ResponseInterceptor.java:41)
	at com.axelor.web.service.ActionService.execute(ActionService.java:106)
	at com.axelor.rpc.RequestFilter.invoke(RequestFilter.java:42)
	at com.axelor.rpc.ResponseInterceptor.invoke(ResponseInterceptor.java:50)
	at java.base/jdk.internal.reflect.DirectMethodHandleAccessor.invoke(DirectMethodHandleAccessor.java:103)
	at java.base/java.lang.reflect.Method.invoke(Method.java:580)
	at org.jboss.resteasy.core.MethodInjectorImpl.invoke(MethodInjectorImpl.java:154)
	at org.jboss.resteasy.core.MethodInjectorImpl.invoke(MethodInjectorImpl.java:118)
	at org.jboss.resteasy.core.ResourceMethodInvoker.internalInvokeOnTarget(ResourceMethodInvoker.java:560)
	at org.jboss.resteasy.core.ResourceMethodInvoker.invokeOnTargetAfterFilter(ResourceMethodInvoker.java:452)
	at org.jboss.resteasy.core.ResourceMethodInvoker.lambda$invokeOnTarget$0(ResourceMethodInvoker.java:413)
	at org.jboss.resteasy.core.interception.jaxrs.PreMatchContainerRequestContext.filter(PreMatchContainerRequestContext.java:321)
	at org.jboss.resteasy.core.ResourceMethodInvoker.invokeOnTarget(ResourceMethodInvoker.java:415)
	at org.jboss.resteasy.core.ResourceMethodInvoker.invoke(ResourceMethodInvoker.java:378)
	at org.jboss.resteasy.core.ResourceMethodInvoker.invoke(ResourceMethodInvoker.java:356)
	at org.jboss.resteasy.core.ResourceMethodInvoker.invoke(ResourceMethodInvoker.java:70)
	at org.jboss.resteasy.core.SynchronousDispatcher.invoke(SynchronousDispatcher.java:434)
	at org.jboss.resteasy.core.SynchronousDispatcher.lambda$invoke$0(SynchronousDispatcher.java:245)
	at org.jboss.resteasy.core.SynchronousDispatcher.lambda$preprocess$0(SynchronousDispatcher.java:159)
	at org.jboss.resteasy.core.interception.jaxrs.PreMatchContainerRequestContext.filter(PreMatchContainerRequestContext.java:321)
	at org.jboss.resteasy.core.SynchronousDispatcher.preprocess(SynchronousDispatcher.java:162)
	at org.jboss.resteasy.core.SynchronousDispatcher.invoke(SynchronousDispatcher.java:234)
	at org.jboss.resteasy.plugins.server.servlet.ServletContainerDispatcher.service(ServletContainerDispatcher.java:222)
	at org.jboss.resteasy.plugins.server.servlet.HttpServletDispatcher.service(HttpServletDispatcher.java:55)
	at org.jboss.resteasy.plugins.server.servlet.HttpServletDispatcher.service(HttpServletDispatcher.java:51)
	at jakarta.servlet.http.HttpServlet.service(HttpServlet.java:723)
	at org.apache.catalina.core.ApplicationFilterChain.internalDoFilter(ApplicationFilterChain.java:197)
	at org.apache.catalina.core.ApplicationFilterChain.doFilter(ApplicationFilterChain.java:142)
	at org.apache.tomcat.websocket.server.WsFilter.doFilter(WsFilter.java:57)
	at org.apache.catalina.core.ApplicationFilterChain.internalDoFilter(ApplicationFilterChain.java:166)
	at org.apache.catalina.core.ApplicationFilterChain.doFilter(ApplicationFilterChain.java:142)
	at com.google.inject.servlet.FilterChainInvocation.doFilter(FilterChainInvocation.java:89)
	at com.axelor.web.servlet.MaintenanceFilter.doFilter(MaintenanceFilter.java:49)
	at com.google.inject.servlet.FilterChainInvocation.doFilter(FilterChainInvocation.java:82)
	at org.apache.shiro.guice.web.SimpleFilterChain.doFilter(SimpleFilterChain.java:48)
	at org.pac4j.jee.filter.SecurityFilter.lambda$internalFilter$0(SecurityFilter.java:84)
	at org.pac4j.core.engine.DefaultSecurityLogic.perform(DefaultSecurityLogic.java:151)
	at org.pac4j.jee.filter.SecurityFilter.internalFilter(SecurityFilter.java:82)
	at org.pac4j.jee.config.AbstractConfigFilter.doFilter(AbstractConfigFilter.java:92)
	at org.apache.shiro.guice.web.SimpleFilterChain.doFilter(SimpleFilterChain.java:45)
	at com.axelor.auth.pac4j.SessionInfoFilter.doFilterInternal(SessionInfoFilter.java:42)
	at org.apache.shiro.web.servlet.OncePerRequestFilter.doFilter(OncePerRequestFilter.java:156)
	at org.apache.shiro.guice.web.SimpleFilterChain.doFilter(SimpleFilterChain.java:45)
	at org.apache.shiro.web.servlet.AdviceFilter.executeChain(AdviceFilter.java:109)
	at org.apache.shiro.web.servlet.AdviceFilter.doFilterInternal(AdviceFilter.java:138)
	at org.apache.shiro.web.servlet.OncePerRequestFilter.doFilter(OncePerRequestFilter.java:156)
	at org.apache.shiro.guice.web.SimpleFilterChain.doFilter(SimpleFilterChain.java:45)
	at org.apache.shiro.web.servlet.AbstractShiroFilter.executeChain(AbstractShiroFilter.java:463)
	at org.apache.shiro.web.servlet.AbstractShiroFilter.lambda$doFilterInternal$0(AbstractShiroFilter.java:378)
	at org.apache.shiro.subject.support.SubjectCallable.doCall(SubjectCallable.java:91)
	at org.apache.shiro.subject.support.SubjectCallable.call(SubjectCallable.java:84)
	at org.apache.shiro.subject.support.DelegatingSubject.execute(DelegatingSubject.java:389)
	at org.apache.shiro.web.servlet.AbstractShiroFilter.doFilterInternal(AbstractShiroFilter.java:376)
	at org.apache.shiro.web.servlet.OncePerRequestFilter.doFilter(OncePerRequestFilter.java:156)
	at com.google.inject.servlet.FilterChainInvocation.doFilter(FilterChainInvocation.java:82)
	at com.axelor.app.internal.AppFilter.doFilter(AppFilter.java:86)
	at com.google.inject.servlet.FilterChainInvocation.doFilter(FilterChainInvocation.java:82)
	at com.google.inject.persist.PersistFilter.doFilter(PersistFilter.java:94)
	at com.google.inject.servlet.FilterChainInvocation.doFilter(FilterChainInvocation.java:82)
	at com.axelor.db.tenants.TenantFilter.doFilter(TenantFilter.java:69)
	at com.google.inject.servlet.FilterChainInvocation.doFilter(FilterChainInvocation.java:82)
	at com.axelor.web.servlet.CorsFilter.doFilter(CorsFilter.java:124)
	at com.google.inject.servlet.FilterChainInvocation.doFilter(FilterChainInvocation.java:82)
	at com.axelor.web.servlet.ProxyFilter.doFilter(ProxyFilter.java:34)
	at com.google.inject.servlet.FilterChainInvocation.doFilter(FilterChainInvocation.java:82)
	at com.google.inject.servlet.ManagedFilterPipeline.dispatch(ManagedFilterPipeline.java:121)
	at com.google.inject.servlet.GuiceFilter.doFilter(GuiceFilter.java:133)
	at org.apache.catalina.core.ApplicationFilterChain.internalDoFilter(ApplicationFilterChain.java:166)
	at org.apache.catalina.core.ApplicationFilterChain.doFilter(ApplicationFilterChain.java:142)
	at org.apache.catalina.core.StandardWrapperValve.invoke(StandardWrapperValve.java:165)
	at org.apache.catalina.core.StandardContextValve.invoke(StandardContextValve.java:88)
	at org.apache.catalina.authenticator.AuthenticatorBase.invoke(AuthenticatorBase.java:535)
	at org.apache.catalina.core.StandardHostValve.invoke(StandardHostValve.java:115)
	at org.apache.catalina.valves.ErrorReportValve.invoke(ErrorReportValve.java:86)
	at org.apache.catalina.core.StandardEngineValve.invoke(StandardEngineValve.java:71)
	at org.apache.catalina.connector.CoyoteAdapter.service(CoyoteAdapter.java:348)
	at org.apache.coyote.http11.Http11Processor.service(Http11Processor.java:408)
	at org.apache.coyote.AbstractProcessorLight.process(AbstractProcessorLight.java:71)
	at org.apache.coyote.AbstractProtocol$ConnectionHandler.process(AbstractProtocol.java:1307)
	at org.apache.tomcat.util.net.NioEndpoint$SocketProcessor.doRun(NioEndpoint.java:2032)
	at org.apache.tomcat.util.net.SocketProcessorBase.run(SocketProcessorBase.java:74)
	at org.apache.tomcat.util.threads.ThreadPoolExecutor.runWorker(ThreadPoolExecutor.java:976)
	at org.apache.tomcat.util.threads.ThreadPoolExecutor$Worker.run(ThreadPoolExecutor.java:494)
	at org.apache.tomcat.util.threads.TaskThread$WrappingRunnable.run(TaskThread.java:80)
	at java.base/java.lang.Thread.run(Thread.java:1583)

2026-10-06 20:32:20.288 ERROR 10548 --- [.1-18080-exec-3] com.axelor.meta.ActionHandler            : null
java.lang.reflect.InvocationTargetException
	at java.base/jdk.internal.reflect.DirectMethodHandleAccessor.invoke(DirectMethodHandleAccessor.java:118)
	at java.base/java.lang.reflect.Method.invoke(Method.java:580)
	at com.axelor.meta.ActionHandler.call(ActionHandler.java:230)
	at com.axelor.meta.schema.actions.ActionMethod.evaluate(ActionMethod.java:63)
	at com.axelor.meta.schema.actions.Action.execute(Action.java:89)
	at com.axelor.meta.schema.actions.Action.wrap(Action.java:102)
	at com.axelor.meta.schema.actions.ActionGroup.evaluate(ActionGroup.java:221)
	at com.axelor.meta.schema.actions.Action.execute(Action.java:85)
	at com.axelor.meta.schema.actions.Action.wrap(Action.java:102)
	at com.axelor.meta.ActionHandler.execute(ActionHandler.java:490)
	at com.axelor.meta.ActionExecutor.execute(ActionExecutor.java:44)
	at com.axelor.meta.ActionExecutor$$EnhancerByGuice$$54e4e45.GUICE$TRAMPOLINE(<generated>)
	at com.google.inject.internal.InterceptorStackCallback$InterceptedMethodInvocation.proceed(InterceptorStackCallback.java:74)
	at com.axelor.rpc.ResponseInterceptor.invoke(ResponseInterceptor.java:41)
	at com.google.inject.internal.InterceptorStackCallback$InterceptedMethodInvocation.proceed(InterceptorStackCallback.java:75)
	at com.google.inject.internal.InterceptorStackCallback.invoke(InterceptorStackCallback.java:55)
	at com.axelor.meta.ActionExecutor$$EnhancerByGuice$$54e4e45.execute(<generated>)
	at com.axelor.web.service.ActionService.execute(ActionService.java:106)
	at com.axelor.web.service.ActionService$$EnhancerByGuice$$9331bc4.GUICE$TRAMPOLINE(<generated>)
	at com.google.inject.internal.InterceptorStackCallback$InterceptedMethodInvocation.proceed(InterceptorStackCallback.java:74)
	at com.axelor.rpc.RequestFilter.invoke(RequestFilter.java:42)
	at com.google.inject.internal.InterceptorStackCallback$InterceptedMethodInvocation.proceed(InterceptorStackCallback.java:75)
	at com.axelor.rpc.ResponseInterceptor.invoke(ResponseInterceptor.java:50)
	at com.google.inject.internal.InterceptorStackCallback$InterceptedMethodInvocation.proceed(InterceptorStackCallback.java:75)
	at com.google.inject.internal.InterceptorStackCallback.invoke(InterceptorStackCallback.java:55)
	at com.axelor.web.service.ActionService$$EnhancerByGuice$$9331bc4.execute(<generated>)
	at java.base/jdk.internal.reflect.DirectMethodHandleAccessor.invoke(DirectMethodHandleAccessor.java:103)
	at java.base/java.lang.reflect.Method.invoke(Method.java:580)
	at org.jboss.resteasy.core.MethodInjectorImpl.invoke(MethodInjectorImpl.java:154)
	at org.jboss.resteasy.core.MethodInjectorImpl.invoke(MethodInjectorImpl.java:118)
	at org.jboss.resteasy.core.ResourceMethodInvoker.internalInvokeOnTarget(ResourceMethodInvoker.java:560)
	at org.jboss.resteasy.core.ResourceMethodInvoker.invokeOnTargetAfterFilter(ResourceMethodInvoker.java:452)
	at org.jboss.resteasy.core.ResourceMethodInvoker.lambda$invokeOnTarget$0(ResourceMethodInvoker.java:413)
	at org.jboss.resteasy.core.interception.jaxrs.PreMatchContainerRequestContext.filter(PreMatchContainerRequestContext.java:321)
	at org.jboss.resteasy.core.ResourceMethodInvoker.invokeOnTarget(ResourceMethodInvoker.java:415)
	at org.jboss.resteasy.core.ResourceMethodInvoker.invoke(ResourceMethodInvoker.java:378)
	at org.jboss.resteasy.core.ResourceMethodInvoker.invoke(ResourceMethodInvoker.java:356)
	at org.jboss.resteasy.core.ResourceMethodInvoker.invoke(ResourceMethodInvoker.java:70)
	at org.jboss.resteasy.core.SynchronousDispatcher.invoke(SynchronousDispatcher.java:434)
	at org.jboss.resteasy.core.SynchronousDispatcher.lambda$invoke$0(SynchronousDispatcher.java:245)
	at org.jboss.resteasy.core.SynchronousDispatcher.lambda$preprocess$0(SynchronousDispatcher.java:159)
	at org.jboss.resteasy.core.interception.jaxrs.PreMatchContainerRequestContext.filter(PreMatchContainerRequestContext.java:321)
	at org.jboss.resteasy.core.SynchronousDispatcher.preprocess(SynchronousDispatcher.java:162)
	at org.jboss.resteasy.core.SynchronousDispatcher.invoke(SynchronousDispatcher.java:234)
	at org.jboss.resteasy.plugins.server.servlet.ServletContainerDispatcher.service(ServletContainerDispatcher.java:222)
	at org.jboss.resteasy.plugins.server.servlet.HttpServletDispatcher.service(HttpServletDispatcher.java:55)
	at org.jboss.resteasy.plugins.server.servlet.HttpServletDispatcher.service(HttpServletDispatcher.java:51)
	at jakarta.servlet.http.HttpServlet.service(HttpServlet.java:723)
	at org.apache.catalina.core.ApplicationFilterChain.internalDoFilter(ApplicationFilterChain.java:197)
	at org.apache.catalina.core.ApplicationFilterChain.doFilter(ApplicationFilterChain.java:142)
	at org.apache.tomcat.websocket.server.WsFilter.doFilter(WsFilter.java:57)
	at org.apache.catalina.core.ApplicationFilterChain.internalDoFilter(ApplicationFilterChain.java:166)
	at org.apache.catalina.core.ApplicationFilterChain.doFilter(ApplicationFilterChain.java:142)
	at com.google.inject.servlet.FilterChainInvocation.doFilter(FilterChainInvocation.java:89)
	at com.axelor.web.servlet.MaintenanceFilter.doFilter(MaintenanceFilter.java:49)
	at com.google.inject.servlet.FilterChainInvocation.doFilter(FilterChainInvocation.java:82)
	at org.apache.shiro.guice.web.SimpleFilterChain.doFilter(SimpleFilterChain.java:48)
	at org.pac4j.jee.filter.SecurityFilter.lambda$internalFilter$0(SecurityFilter.java:84)
	at org.pac4j.core.engine.DefaultSecurityLogic.perform(DefaultSecurityLogic.java:151)
	at org.pac4j.jee.filter.SecurityFilter.internalFilter(SecurityFilter.java:82)
	at org.pac4j.jee.config.AbstractConfigFilter.doFilter(AbstractConfigFilter.java:92)
	at org.apache.shiro.guice.web.SimpleFilterChain.doFilter(SimpleFilterChain.java:45)
	at com.axelor.auth.pac4j.SessionInfoFilter.doFilterInternal(SessionInfoFilter.java:42)
	at org.apache.shiro.web.servlet.OncePerRequestFilter.doFilter(OncePerRequestFilter.java:156)
	at org.apache.shiro.guice.web.SimpleFilterChain.doFilter(SimpleFilterChain.java:45)
	at org.apache.shiro.web.servlet.AdviceFilter.executeChain(AdviceFilter.java:109)
	at org.apache.shiro.web.servlet.AdviceFilter.doFilterInternal(AdviceFilter.java:138)
	at org.apache.shiro.web.servlet.OncePerRequestFilter.doFilter(OncePerRequestFilter.java:156)
	at org.apache.shiro.guice.web.SimpleFilterChain.doFilter(SimpleFilterChain.java:45)
	at org.apache.shiro.web.servlet.AbstractShiroFilter.executeChain(AbstractShiroFilter.java:463)
	at org.apache.shiro.web.servlet.AbstractShiroFilter.lambda$doFilterInternal$0(AbstractShiroFilter.java:378)
	at org.apache.shiro.subject.support.SubjectCallable.doCall(SubjectCallable.java:91)
	at org.apache.shiro.subject.support.SubjectCallable.call(SubjectCallable.java:84)
	at org.apache.shiro.subject.support.DelegatingSubject.execute(DelegatingSubject.java:389)
	at org.apache.shiro.web.servlet.AbstractShiroFilter.doFilterInternal(AbstractShiroFilter.java:376)
	at org.apache.shiro.web.servlet.OncePerRequestFilter.doFilter(OncePerRequestFilter.java:156)
	at com.google.inject.servlet.FilterChainInvocation.doFilter(FilterChainInvocation.java:82)
	at com.axelor.app.internal.AppFilter.doFilter(AppFilter.java:86)
	at com.google.inject.servlet.FilterChainInvocation.doFilter(FilterChainInvocation.java:82)
	at com.google.inject.persist.PersistFilter.doFilter(PersistFilter.java:94)
	at com.google.inject.servlet.FilterChainInvocation.doFilter(FilterChainInvocation.java:82)
	at com.axelor.db.tenants.TenantFilter.doFilter(TenantFilter.java:69)
	at com.google.inject.servlet.FilterChainInvocation.doFilter(FilterChainInvocation.java:82)
	at com.axelor.web.servlet.CorsFilter.doFilter(CorsFilter.java:124)
	at com.google.inject.servlet.FilterChainInvocation.doFilter(FilterChainInvocation.java:82)
	at com.axelor.web.servlet.ProxyFilter.doFilter(ProxyFilter.java:34)
	at com.google.inject.servlet.FilterChainInvocation.doFilter(FilterChainInvocation.java:82)
	at com.google.inject.servlet.ManagedFilterPipeline.dispatch(ManagedFilterPipeline.java:121)
	at com.google.inject.servlet.GuiceFilter.doFilter(GuiceFilter.java:133)
	at org.apache.catalina.core.ApplicationFilterChain.internalDoFilter(ApplicationFilterChain.java:166)
	at org.apache.catalina.core.ApplicationFilterChain.doFilter(ApplicationFilterChain.java:142)
	at org.apache.catalina.core.StandardWrapperValve.invoke(StandardWrapperValve.java:165)
	at org.apache.catalina.core.StandardContextValve.invoke(StandardContextValve.java:88)
	at org.apache.catalina.authenticator.AuthenticatorBase.invoke(AuthenticatorBase.java:535)
	at org.apache.catalina.core.StandardHostValve.invoke(StandardHostValve.java:115)
	at org.apache.catalina.valves.ErrorReportValve.invoke(ErrorReportValve.java:86)
	at org.apache.catalina.core.StandardEngineValve.invoke(StandardEngineValve.java:71)
	at org.apache.catalina.connector.CoyoteAdapter.service(CoyoteAdapter.java:348)
	at org.apache.coyote.http11.Http11Processor.service(Http11Processor.java:408)
	at org.apache.coyote.AbstractProcessorLight.process(AbstractProcessorLight.java:71)
	at org.apache.coyote.AbstractProtocol$ConnectionHandler.process(AbstractProtocol.java:1307)
	at org.apache.tomcat.util.net.NioEndpoint$SocketProcessor.doRun(NioEndpoint.java:2032)
	at org.apache.tomcat.util.net.SocketProcessorBase.run(SocketProcessorBase.java:74)
	at org.apache.tomcat.util.threads.ThreadPoolExecutor.runWorker(ThreadPoolExecutor.java:976)
	at org.apache.tomcat.util.threads.ThreadPoolExecutor$Worker.run(ThreadPoolExecutor.java:494)
	at org.apache.tomcat.util.threads.TaskThread$WrappingRunnable.run(TaskThread.java:80)
	at java.base/java.lang.Thread.run(Thread.java:1583)
Caused by: com.cencomun.core.CoreFault: Pilot role denied: cancel
	at com.cencomun.core.PilotPolicy.actor(PilotPolicy.java:17)
	at com.cencomun.core.PilotService.actor(PilotService.java:29)
	at com.cencomun.core.PilotService.act(PilotService.java:126)
	at com.google.inject.persist.jpa.JpaLocalTxnInterceptor.invoke(JpaLocalTxnInterceptor.java:66)
	at com.cencomun.core.PilotController.action(PilotController.java:28)
	at com.cencomun.core.PilotController.cancel(PilotController.java:33)
	at java.base/jdk.internal.reflect.DirectMethodHandleAccessor.invoke(DirectMethodHandleAccessor.java:103)
	at java.base/java.lang.reflect.Method.invoke(Method.java:580)
	at com.axelor.meta.ActionHandler.call(ActionHandler.java:230)
	at com.axelor.meta.schema.actions.ActionMethod.evaluate(ActionMethod.java:63)
	at com.axelor.meta.schema.actions.Action.execute(Action.java:89)
	at com.axelor.meta.schema.actions.Action.wrap(Action.java:102)
	at com.axelor.meta.schema.actions.ActionGroup.evaluate(ActionGroup.java:221)
	at com.axelor.meta.schema.actions.Action.execute(Action.java:85)
	at com.axelor.meta.schema.actions.Action.wrap(Action.java:102)
	at com.axelor.meta.ActionHandler.execute(ActionHandler.java:490)
	at com.axelor.meta.ActionExecutor.execute(ActionExecutor.java:44)
	at com.axelor.rpc.ResponseInterceptor.invoke(ResponseInterceptor.java:41)
	at com.axelor.web.service.ActionService.execute(ActionService.java:106)
	at com.axelor.rpc.RequestFilter.invoke(RequestFilter.java:42)
	at com.axelor.rpc.ResponseInterceptor.invoke(ResponseInterceptor.java:50)
	... 81 common frames omitted
2026-10-06 20:32:20.306 ERROR 10548 --- [.1-18080-exec-5] com.axelor.meta.ActionHandler            : null
java.lang.reflect.InvocationTargetException
	at java.base/jdk.internal.reflect.DirectMethodHandleAccessor.invoke(DirectMethodHandleAccessor.java:118)
	at java.base/java.lang.reflect.Method.invoke(Method.java:580)
	at com.axelor.meta.ActionHandler.call(ActionHandler.java:230)
	at com.axelor.meta.schema.actions.ActionMethod.evaluate(ActionMethod.java:63)
	at com.axelor.meta.schema.actions.Action.execute(Action.java:89)
	at com.axelor.meta.schema.actions.Action.wrap(Action.java:102)
	at com.axelor.meta.schema.actions.ActionGroup.evaluate(ActionGroup.java:221)
	at com.axelor.meta.schema.actions.Action.execute(Action.java:85)
	at com.axelor.meta.schema.actions.Action.wrap(Action.java:102)
	at com.axelor.meta.ActionHandler.execute(ActionHandler.java:490)
	at com.axelor.meta.ActionExecutor.execute(ActionExecutor.java:44)
	at com.axelor.meta.ActionExecutor$$EnhancerByGuice$$54e4e45.GUICE$TRAMPOLINE(<generated>)
	at com.google.inject.internal.InterceptorStackCallback$InterceptedMethodInvocation.proceed(InterceptorStackCallback.java:74)
	at com.axelor.rpc.ResponseInterceptor.invoke(ResponseInterceptor.java:41)
	at com.google.inject.internal.InterceptorStackCallback$InterceptedMethodInvocation.proceed(InterceptorStackCallback.java:75)
	at com.google.inject.internal.InterceptorStackCallback.invoke(InterceptorStackCallback.java:55)
	at com.axelor.meta.ActionExecutor$$EnhancerByGuice$$54e4e45.execute(<generated>)
	at com.axelor.web.service.ActionService.execute(ActionService.java:106)
	at com.axelor.web.service.ActionService$$EnhancerByGuice$$9331bc4.GUICE$TRAMPOLINE(<generated>)
	at com.google.inject.internal.InterceptorStackCallback$InterceptedMethodInvocation.proceed(InterceptorStackCallback.java:74)
	at com.axelor.rpc.RequestFilter.invoke(RequestFilter.java:42)
	at com.google.inject.internal.InterceptorStackCallback$InterceptedMethodInvocation.proceed(InterceptorStackCallback.java:75)
	at com.axelor.rpc.ResponseInterceptor.invoke(ResponseInterceptor.java:50)
	at com.google.inject.internal.InterceptorStackCallback$InterceptedMethodInvocation.proceed(InterceptorStackCallback.java:75)
	at com.google.inject.internal.InterceptorStackCallback.invoke(InterceptorStackCallback.java:55)
	at com.axelor.web.service.ActionService$$EnhancerByGuice$$9331bc4.execute(<generated>)
	at java.base/jdk.internal.reflect.DirectMethodHandleAccessor.invoke(DirectMethodHandleAccessor.java:103)
	at java.base/java.lang.reflect.Method.invoke(Method.java:580)
	at org.jboss.resteasy.core.MethodInjectorImpl.invoke(MethodInjectorImpl.java:154)
	at org.jboss.resteasy.core.MethodInjectorImpl.invoke(MethodInjectorImpl.java:118)
	at org.jboss.resteasy.core.ResourceMethodInvoker.internalInvokeOnTarget(ResourceMethodInvoker.java:560)
	at org.jboss.resteasy.core.ResourceMethodInvoker.invokeOnTargetAfterFilter(ResourceMethodInvoker.java:452)
	at org.jboss.resteasy.core.ResourceMethodInvoker.lambda$invokeOnTarget$0(ResourceMethodInvoker.java:413)
	at org.jboss.resteasy.core.interception.jaxrs.PreMatchContainerRequestContext.filter(PreMatchContainerRequestContext.java:321)
	at org.jboss.resteasy.core.ResourceMethodInvoker.invokeOnTarget(ResourceMethodInvoker.java:415)
	at org.jboss.resteasy.core.ResourceMethodInvoker.invoke(ResourceMethodInvoker.java:378)
	at org.jboss.resteasy.core.ResourceMethodInvoker.invoke(ResourceMethodInvoker.java:356)
	at org.jboss.resteasy.core.ResourceMethodInvoker.invoke(ResourceMethodInvoker.java:70)
	at org.jboss.resteasy.core.SynchronousDispatcher.invoke(SynchronousDispatcher.java:434)
	at org.jboss.resteasy.core.SynchronousDispatcher.lambda$invoke$0(SynchronousDispatcher.java:245)
	at org.jboss.resteasy.core.SynchronousDispatcher.lambda$preprocess$0(SynchronousDispatcher.java:159)
	at org.jboss.resteasy.core.interception.jaxrs.PreMatchContainerRequestContext.filter(PreMatchContainerRequestContext.java:321)
	at org.jboss.resteasy.core.SynchronousDispatcher.preprocess(SynchronousDispatcher.java:162)
	at org.jboss.resteasy.core.SynchronousDispatcher.invoke(SynchronousDispatcher.java:234)
	at org.jboss.resteasy.plugins.server.servlet.ServletContainerDispatcher.service(ServletContainerDispatcher.java:222)
	at org.jboss.resteasy.plugins.server.servlet.HttpServletDispatcher.service(HttpServletDispatcher.java:55)
	at org.jboss.resteasy.plugins.server.servlet.HttpServletDispatcher.service(HttpServletDispatcher.java:51)
	at jakarta.servlet.http.HttpServlet.service(HttpServlet.java:723)
	at org.apache.catalina.core.ApplicationFilterChain.internalDoFilter(ApplicationFilterChain.java:197)
	at org.apache.catalina.core.ApplicationFilterChain.doFilter(ApplicationFilterChain.java:142)
	at org.apache.tomcat.websocket.server.WsFilter.doFilter(WsFilter.java:57)
	at org.apache.catalina.core.ApplicationFilterChain.internalDoFilter(ApplicationFilterChain.java:166)
	at org.apache.catalina.core.ApplicationFilterChain.doFilter(ApplicationFilterChain.java:142)
	at com.google.inject.servlet.FilterChainInvocation.doFilter(FilterChainInvocation.java:89)
	at com.axelor.web.servlet.MaintenanceFilter.doFilter(MaintenanceFilter.java:49)
	at com.google.inject.servlet.FilterChainInvocation.doFilter(FilterChainInvocation.java:82)
	at org.apache.shiro.guice.web.SimpleFilterChain.doFilter(SimpleFilterChain.java:48)
	at org.pac4j.jee.filter.SecurityFilter.lambda$internalFilter$0(SecurityFilter.java:84)
	at org.pac4j.core.engine.DefaultSecurityLogic.perform(DefaultSecurityLogic.java:151)
	at org.pac4j.jee.filter.SecurityFilter.internalFilter(SecurityFilter.java:82)
	at org.pac4j.jee.config.AbstractConfigFilter.doFilter(AbstractConfigFilter.java:92)
	at org.apache.shiro.guice.web.SimpleFilterChain.doFilter(SimpleFilterChain.java:45)
	at com.axelor.auth.pac4j.SessionInfoFilter.doFilterInternal(SessionInfoFilter.java:42)
	at org.apache.shiro.web.servlet.OncePerRequestFilter.doFilter(OncePerRequestFilter.java:156)
	at org.apache.shiro.guice.web.SimpleFilterChain.doFilter(SimpleFilterChain.java:45)
	at org.apache.shiro.web.servlet.AdviceFilter.executeChain(AdviceFilter.java:109)
	at org.apache.shiro.web.servlet.AdviceFilter.doFilterInternal(AdviceFilter.java:138)
	at org.apache.shiro.web.servlet.OncePerRequestFilter.doFilter(OncePerRequestFilter.java:156)
	at org.apache.shiro.guice.web.SimpleFilterChain.doFilter(SimpleFilterChain.java:45)
	at org.apache.shiro.web.servlet.AbstractShiroFilter.executeChain(AbstractShiroFilter.java:463)
	at org.apache.shiro.web.servlet.AbstractShiroFilter.lambda$doFilterInternal$0(AbstractShiroFilter.java:378)
	at org.apache.shiro.subject.support.SubjectCallable.doCall(SubjectCallable.java:91)
	at org.apache.shiro.subject.support.SubjectCallable.call(SubjectCallable.java:84)
	at org.apache.shiro.subject.support.DelegatingSubject.execute(DelegatingSubject.java:389)
	at org.apache.shiro.web.servlet.AbstractShiroFilter.doFilterInternal(AbstractShiroFilter.java:376)
	at org.apache.shiro.web.servlet.OncePerRequestFilter.doFilter(OncePerRequestFilter.java:156)
	at com.google.inject.servlet.FilterChainInvocation.doFilter(FilterChainInvocation.java:82)
	at com.axelor.app.internal.AppFilter.doFilter(AppFilter.java:86)
	at com.google.inject.servlet.FilterChainInvocation.doFilter(FilterChainInvocation.java:82)
	at com.google.inject.persist.PersistFilter.doFilter(PersistFilter.java:94)
	at com.google.inject.servlet.FilterChainInvocation.doFilter(FilterChainInvocation.java:82)
	at com.axelor.db.tenants.TenantFilter.doFilter(TenantFilter.java:69)
	at com.google.inject.servlet.FilterChainInvocation.doFilter(FilterChainInvocation.java:82)
	at com.axelor.web.servlet.CorsFilter.doFilter(CorsFilter.java:124)
	at com.google.inject.servlet.FilterChainInvocation.doFilter(FilterChainInvocation.java:82)
	at com.axelor.web.servlet.ProxyFilter.doFilter(ProxyFilter.java:34)
	at com.google.inject.servlet.FilterChainInvocation.doFilter(FilterChainInvocation.java:82)
	at com.google.inject.servlet.ManagedFilterPipeline.dispatch(ManagedFilterPipeline.java:121)
	at com.google.inject.servlet.GuiceFilter.doFilter(GuiceFilter.java:133)
	at org.apache.catalina.core.ApplicationFilterChain.internalDoFilter(ApplicationFilterChain.java:166)
	at org.apache.catalina.core.ApplicationFilterChain.doFilter(ApplicationFilterChain.java:142)
	at org.apache.catalina.core.StandardWrapperValve.invoke(StandardWrapperValve.java:165)
	at org.apache.catalina.core.StandardContextValve.invoke(StandardContextValve.java:88)
	at org.apache.catalina.authenticator.AuthenticatorBase.invoke(AuthenticatorBase.java:535)
	at org.apache.catalina.core.StandardHostValve.invoke(StandardHostValve.java:115)
	at org.apache.catalina.valves.ErrorReportValve.invoke(ErrorReportValve.java:86)
	at org.apache.catalina.core.StandardEngineValve.invoke(StandardEngineValve.java:71)
	at org.apache.catalina.connector.CoyoteAdapter.service(CoyoteAdapter.java:348)
	at org.apache.coyote.http11.Http11Processor.service(Http11Processor.java:408)
	at org.apache.coyote.AbstractProcessorLight.process(AbstractProcessorLight.java:71)
	at org.apache.coyote.AbstractProtocol$ConnectionHandler.process(AbstractProtocol.java:1307)
	at org.apache.tomcat.util.net.NioEndpoint$SocketProcessor.doRun(NioEndpoint.java:2032)
	at org.apache.tomcat.util.net.SocketProcessorBase.run(SocketProcessorBase.java:74)
	at org.apache.tomcat.util.threads.ThreadPoolExecutor.runWorker(ThreadPoolExecutor.java:976)
	at org.apache.tomcat.util.threads.ThreadPoolExecutor$Worker.run(ThreadPoolExecutor.java:494)
	at org.apache.tomcat.util.threads.TaskThread$WrappingRunnable.run(TaskThread.java:80)
	at java.base/java.lang.Thread.run(Thread.java:1583)
Caused by: com.cencomun.core.CoreFault: Pilot role denied: settle
	at com.cencomun.core.PilotPolicy.actor(PilotPolicy.java:17)
	at com.cencomun.core.PilotService.actor(PilotService.java:29)
	at com.cencomun.core.PilotService.act(PilotService.java:126)
	at com.google.inject.persist.jpa.JpaLocalTxnInterceptor.invoke(JpaLocalTxnInterceptor.java:66)
	at com.cencomun.core.PilotController.action(PilotController.java:28)
	at com.cencomun.core.PilotController.settle(PilotController.java:34)
	at java.base/jdk.internal.reflect.DirectMethodHandleAccessor.invoke(DirectMethodHandleAccessor.java:103)
	at java.base/java.lang.reflect.Method.invoke(Method.java:580)
	at com.axelor.meta.ActionHandler.call(ActionHandler.java:230)
	at com.axelor.meta.schema.actions.ActionMethod.evaluate(ActionMethod.java:63)
	at com.axelor.meta.schema.actions.Action.execute(Action.java:89)
	at com.axelor.meta.schema.actions.Action.wrap(Action.java:102)
	at com.axelor.meta.schema.actions.ActionGroup.evaluate(ActionGroup.java:221)
	at com.axelor.meta.schema.actions.Action.execute(Action.java:85)
	at com.axelor.meta.schema.actions.Action.wrap(Action.java:102)
	at com.axelor.meta.ActionHandler.execute(ActionHandler.java:490)
	at com.axelor.meta.ActionExecutor.execute(ActionExecutor.java:44)
	at com.axelor.rpc.ResponseInterceptor.invoke(ResponseInterceptor.java:41)
	at com.axelor.web.service.ActionService.execute(ActionService.java:106)
	at com.axelor.rpc.RequestFilter.invoke(RequestFilter.java:42)
	at com.axelor.rpc.ResponseInterceptor.invoke(ResponseInterceptor.java:50)
	... 81 common frames omitted
2026-10-06 20:32:20.321 ERROR 10548 --- [1-18080-exec-10] com.axelor.meta.ActionHandler            : null
java.lang.reflect.InvocationTargetException
	at java.base/jdk.internal.reflect.DirectMethodHandleAccessor.invoke(DirectMethodHandleAccessor.java:118)
	at java.base/java.lang.reflect.Method.invoke(Method.java:580)
	at com.axelor.meta.ActionHandler.call(ActionHandler.java:230)
	at com.axelor.meta.schema.actions.ActionMethod.evaluate(ActionMethod.java:63)
	at com.axelor.meta.schema.actions.Action.execute(Action.java:89)
	at com.axelor.meta.schema.actions.Action.wrap(Action.java:102)
	at com.axelor.meta.schema.actions.ActionGroup.evaluate(ActionGroup.java:221)
	at com.axelor.meta.schema.actions.Action.execute(Action.java:85)
	at com.axelor.meta.schema.actions.Action.wrap(Action.java:102)
	at com.axelor.meta.ActionHandler.execute(ActionHandler.java:490)
	at com.axelor.meta.ActionExecutor.execute(ActionExecutor.java:44)
	at com.axelor.meta.ActionExecutor$$EnhancerByGuice$$54e4e45.GUICE$TRAMPOLINE(<generated>)
	at com.google.inject.internal.InterceptorStackCallback$InterceptedMethodInvocation.proceed(InterceptorStackCallback.java:74)
	at com.axelor.rpc.ResponseInterceptor.invoke(ResponseInterceptor.java:41)
	at com.google.inject.internal.InterceptorStackCallback$InterceptedMethodInvocation.proceed(InterceptorStackCallback.java:75)
	at com.google.inject.internal.InterceptorStackCallback.invoke(InterceptorStackCallback.java:55)
	at com.axelor.meta.ActionExecutor$$EnhancerByGuice$$54e4e45.execute(<generated>)
	at com.axelor.web.service.ActionService.execute(ActionService.java:106)
	at com.axelor.web.service.ActionService$$EnhancerByGuice$$9331bc4.GUICE$TRAMPOLINE(<generated>)
	at com.google.inject.internal.InterceptorStackCallback$InterceptedMethodInvocation.proceed(InterceptorStackCallback.java:74)
	at com.axelor.rpc.RequestFilter.invoke(RequestFilter.java:42)
	at com.google.inject.internal.InterceptorStackCallback$InterceptedMethodInvocation.proceed(InterceptorStackCallback.java:75)
	at com.axelor.rpc.ResponseInterceptor.invoke(ResponseInterceptor.java:50)
	at com.google.inject.internal.InterceptorStackCallback$InterceptedMethodInvocation.proceed(InterceptorStackCallback.java:75)
	at com.google.inject.internal.InterceptorStackCallback.invoke(InterceptorStackCallback.java:55)
	at com.axelor.web.service.ActionService$$EnhancerByGuice$$9331bc4.execute(<generated>)
	at java.base/jdk.internal.reflect.DirectMethodHandleAccessor.invoke(DirectMethodHandleAccessor.java:103)
	at java.base/java.lang.reflect.Method.invoke(Method.java:580)
	at org.jboss.resteasy.core.MethodInjectorImpl.invoke(MethodInjectorImpl.java:154)
	at org.jboss.resteasy.core.MethodInjectorImpl.invoke(MethodInjectorImpl.java:118)
	at org.jboss.resteasy.core.ResourceMethodInvoker.internalInvokeOnTarget(ResourceMethodInvoker.java:560)
	at org.jboss.resteasy.core.ResourceMethodInvoker.invokeOnTargetAfterFilter(ResourceMethodInvoker.java:452)
	at org.jboss.resteasy.core.ResourceMethodInvoker.lambda$invokeOnTarget$0(ResourceMethodInvoker.java:413)
	at org.jboss.resteasy.core.interception.jaxrs.PreMatchContainerRequestContext.filter(PreMatchContainerRequestContext.java:321)
	at org.jboss.resteasy.core.ResourceMethodInvoker.invokeOnTarget(ResourceMethodInvoker.java:415)
	at org.jboss.resteasy.core.ResourceMethodInvoker.invoke(ResourceMethodInvoker.java:378)
	at org.jboss.resteasy.core.ResourceMethodInvoker.invoke(ResourceMethodInvoker.java:356)
	at org.jboss.resteasy.core.ResourceMethodInvoker.invoke(ResourceMethodInvoker.java:70)
	at org.jboss.resteasy.core.SynchronousDispatcher.invoke(SynchronousDispatcher.java:434)
	at org.jboss.resteasy.core.SynchronousDispatcher.lambda$invoke$0(SynchronousDispatcher.java:245)
	at org.jboss.resteasy.core.SynchronousDispatcher.lambda$preprocess$0(SynchronousDispatcher.java:159)
	at org.jboss.resteasy.core.interception.jaxrs.PreMatchContainerRequestContext.filter(PreMatchContainerRequestContext.java:321)
	at org.jboss.resteasy.core.SynchronousDispatcher.preprocess(SynchronousDispatcher.java:162)
	at org.jboss.resteasy.core.SynchronousDispatcher.invoke(SynchronousDispatcher.java:234)
	at org.jboss.resteasy.plugins.server.servlet.ServletContainerDispatcher.service(ServletContainerDispatcher.java:222)
	at org.jboss.resteasy.plugins.server.servlet.HttpServletDispatcher.service(HttpServletDispatcher.java:55)
	at org.jboss.resteasy.plugins.server.servlet.HttpServletDispatcher.service(HttpServletDispatcher.java:51)
	at jakarta.servlet.http.HttpServlet.service(HttpServlet.java:723)
	at org.apache.catalina.core.ApplicationFilterChain.internalDoFilter(ApplicationFilterChain.java:197)
	at org.apache.catalina.core.ApplicationFilterChain.doFilter(ApplicationFilterChain.java:142)
	at org.apache.tomcat.websocket.server.WsFilter.doFilter(WsFilter.java:57)
	at org.apache.catalina.core.ApplicationFilterChain.internalDoFilter(ApplicationFilterChain.java:166)
	at org.apache.catalina.core.ApplicationFilterChain.doFilter(ApplicationFilterChain.java:142)
	at com.google.inject.servlet.FilterChainInvocation.doFilter(FilterChainInvocation.java:89)
	at com.axelor.web.servlet.MaintenanceFilter.doFilter(MaintenanceFilter.java:49)
	at com.google.inject.servlet.FilterChainInvocation.doFilter(FilterChainInvocation.java:82)
	at org.apache.shiro.guice.web.SimpleFilterChain.doFilter(SimpleFilterChain.java:48)
	at org.pac4j.jee.filter.SecurityFilter.lambda$internalFilter$0(SecurityFilter.java:84)
	at org.pac4j.core.engine.DefaultSecurityLogic.perform(DefaultSecurityLogic.java:151)
	at org.pac4j.jee.filter.SecurityFilter.internalFilter(SecurityFilter.java:82)
	at org.pac4j.jee.config.AbstractConfigFilter.doFilter(AbstractConfigFilter.java:92)
	at org.apache.shiro.guice.web.SimpleFilterChain.doFilter(SimpleFilterChain.java:45)
	at com.axelor.auth.pac4j.SessionInfoFilter.doFilterInternal(SessionInfoFilter.java:42)
	at org.apache.shiro.web.servlet.OncePerRequestFilter.doFilter(OncePerRequestFilter.java:156)
	at org.apache.shiro.guice.web.SimpleFilterChain.doFilter(SimpleFilterChain.java:45)
	at org.apache.shiro.web.servlet.AdviceFilter.executeChain(AdviceFilter.java:109)
	at org.apache.shiro.web.servlet.AdviceFilter.doFilterInternal(AdviceFilter.java:138)
	at org.apache.shiro.web.servlet.OncePerRequestFilter.doFilter(OncePerRequestFilter.java:156)
	at org.apache.shiro.guice.web.SimpleFilterChain.doFilter(SimpleFilterChain.java:45)
	at org.apache.shiro.web.servlet.AbstractShiroFilter.executeChain(AbstractShiroFilter.java:463)
	at org.apache.shiro.web.servlet.AbstractShiroFilter.lambda$doFilterInternal$0(AbstractShiroFilter.java:378)
	at org.apache.shiro.subject.support.SubjectCallable.doCall(SubjectCallable.java:91)
	at org.apache.shiro.subject.support.SubjectCallable.call(SubjectCallable.java:84)
	at org.apache.shiro.subject.support.DelegatingSubject.execute(DelegatingSubject.java:389)
	at org.apache.shiro.web.servlet.AbstractShiroFilter.doFilterInternal(AbstractShiroFilter.java:376)
	at org.apache.shiro.web.servlet.OncePerRequestFilter.doFilter(OncePerRequestFilter.java:156)
	at com.google.inject.servlet.FilterChainInvocation.doFilter(FilterChainInvocation.java:82)
	at com.axelor.app.internal.AppFilter.doFilter(AppFilter.java:86)
	at com.google.inject.servlet.FilterChainInvocation.doFilter(FilterChainInvocation.java:82)
	at com.google.inject.persist.PersistFilter.doFilter(PersistFilter.java:94)
	at com.google.inject.servlet.FilterChainInvocation.doFilter(FilterChainInvocation.java:82)
	at com.axelor.db.tenants.TenantFilter.doFilter(TenantFilter.java:69)
	at com.google.inject.servlet.FilterChainInvocation.doFilter(FilterChainInvocation.java:82)
	at com.axelor.web.servlet.CorsFilter.doFilter(CorsFilter.java:124)
	at com.google.inject.servlet.FilterChainInvocation.doFilter(FilterChainInvocation.java:82)
	at com.axelor.web.servlet.ProxyFilter.doFilter(ProxyFilter.java:34)
	at com.google.inject.servlet.FilterChainInvocation.doFilter(FilterChainInvocation.java:82)
	at com.google.inject.servlet.ManagedFilterPipeline.dispatch(ManagedFilterPipeline.java:121)
	at com.google.inject.servlet.GuiceFilter.doFilter(GuiceFilter.java:133)
	at org.apache.catalina.core.ApplicationFilterChain.internalDoFilter(ApplicationFilterChain.java:166)
	at org.apache.catalina.core.ApplicationFilterChain.doFilter(ApplicationFilterChain.java:142)
	at org.apache.catalina.core.StandardWrapperValve.invoke(StandardWrapperValve.java:165)
	at org.apache.catalina.core.StandardContextValve.invoke(StandardContextValve.java:88)
	at org.apache.catalina.authenticator.AuthenticatorBase.invoke(AuthenticatorBase.java:535)
	at org.apache.catalina.core.StandardHostValve.invoke(StandardHostValve.java:115)
	at org.apache.catalina.valves.ErrorReportValve.invoke(ErrorReportValve.java:86)
	at org.apache.catalina.core.StandardEngineValve.invoke(StandardEngineValve.java:71)
	at org.apache.catalina.connector.CoyoteAdapter.service(CoyoteAdapter.java:348)
	at org.apache.coyote.http11.Http11Processor.service(Http11Processor.java:408)
	at org.apache.coyote.AbstractProcessorLight.process(AbstractProcessorLight.java:71)
	at org.apache.coyote.AbstractProtocol$ConnectionHandler.process(AbstractProtocol.java:1307)
	at org.apache.tomcat.util.net.NioEndpoint$SocketProcessor.doRun(NioEndpoint.java:2032)
	at org.apache.tomcat.util.net.SocketProcessorBase.run(SocketProcessorBase.java:74)
	at org.apache.tomcat.util.threads.ThreadPoolExecutor.runWorker(ThreadPoolExecutor.java:976)
	at org.apache.tomcat.util.threads.ThreadPoolExecutor$Worker.run(ThreadPoolExecutor.java:494)
	at org.apache.tomcat.util.threads.TaskThread$WrappingRunnable.run(TaskThread.java:80)
	at java.base/java.lang.Thread.run(Thread.java:1583)
Caused by: com.cencomun.core.CoreFault: Pilot role denied: close
	at com.cencomun.core.PilotPolicy.actor(PilotPolicy.java:17)
	at com.cencomun.core.PilotService.actor(PilotService.java:29)
	at com.cencomun.core.PilotService.close(PilotService.java:202)
	at com.google.inject.persist.jpa.JpaLocalTxnInterceptor.invoke(JpaLocalTxnInterceptor.java:66)
	at com.cencomun.core.PilotController.close(PilotController.java:42)
	at java.base/jdk.internal.reflect.DirectMethodHandleAccessor.invoke(DirectMethodHandleAccessor.java:103)
	at java.base/java.lang.reflect.Method.invoke(Method.java:580)
	at com.axelor.meta.ActionHandler.call(ActionHandler.java:230)
	at com.axelor.meta.schema.actions.ActionMethod.evaluate(ActionMethod.java:63)
	at com.axelor.meta.schema.actions.Action.execute(Action.java:89)
	at com.axelor.meta.schema.actions.Action.wrap(Action.java:102)
	at com.axelor.meta.schema.actions.ActionGroup.evaluate(ActionGroup.java:221)
	at com.axelor.meta.schema.actions.Action.execute(Action.java:85)
	at com.axelor.meta.schema.actions.Action.wrap(Action.java:102)
	at com.axelor.meta.ActionHandler.execute(ActionHandler.java:490)
	at com.axelor.meta.ActionExecutor.execute(ActionExecutor.java:44)
	at com.axelor.rpc.ResponseInterceptor.invoke(ResponseInterceptor.java:41)
	at com.axelor.web.service.ActionService.execute(ActionService.java:106)
	at com.axelor.rpc.RequestFilter.invoke(RequestFilter.java:42)
	at com.axelor.rpc.ResponseInterceptor.invoke(ResponseInterceptor.java:50)
	... 81 common frames omitted
2026-10-06 20:32:20.512 ERROR 10548 --- [.1-18080-exec-7] com.axelor.rpc.ResponseInterceptor       : Error: Use the authenticated Cencomun workflow service
2026-10-06 20:32:20.574 ERROR 10548 --- [.1-18080-exec-1] com.axelor.rpc.ResponseInterceptor       : Authorization Error: [Message=You are not authorized to update this resource., User=pilot-supervisor, Detail=com.axelor.apps.base.db.Product#1]
2026-10-06 20:32:20.715 ERROR 10548 --- [.1-18080-exec-3] c.a.a.b.s.exception.TraceBackService     : jakarta.ws.rs.ForbiddenException: Permission denied: authenticated Core workflow required for native writes
	at com.cencomun.core.CoreNativeScope.require(CoreNativeScope.java:10)
	at com.cencomun.core.CoreNativePermissionInterceptor.invoke(CoreNativePermissionInterceptor.java:9)
	at com.google.inject.persist.jpa.JpaLocalTxnInterceptor.invoke(JpaLocalTxnInterceptor.java:66)
	at com.axelor.apps.sale.web.SaleOrderController.cancelSaleOrder(SaleOrderController.java:271)
	at com.axelor.apps.base.module.ControllerMethodInterceptor.invoke(ControllerMethodInterceptor.java:36)
	at java.base/jdk.internal.reflect.DirectMethodHandleAccessor.invoke(DirectMethodHandleAccessor.java:103)
	at java.base/java.lang.reflect.Method.invoke(Method.java:580)
	at com.axelor.meta.ActionHandler.call(ActionHandler.java:230)
	at com.axelor.meta.schema.actions.ActionMethod.evaluate(ActionMethod.java:63)
	at com.axelor.meta.schema.actions.Action.execute(Action.java:89)
	at com.axelor.meta.schema.actions.Action.wrap(Action.java:102)
	at com.axelor.meta.schema.actions.ActionGroup.evaluate(ActionGroup.java:221)
	at com.axelor.meta.schema.actions.Action.execute(Action.java:85)
	at com.axelor.meta.schema.actions.Action.wrap(Action.java:102)
	at com.axelor.meta.ActionHandler.execute(ActionHandler.java:490)
	at com.axelor.meta.ActionExecutor.execute(ActionExecutor.java:44)
	at com.axelor.rpc.ResponseInterceptor.invoke(ResponseInterceptor.java:41)
	at com.axelor.web.service.ActionService.execute(ActionService.java:106)
	at com.axelor.rpc.RequestFilter.invoke(RequestFilter.java:42)
	at com.axelor.rpc.ResponseInterceptor.invoke(ResponseInterceptor.java:50)
	at java.base/jdk.internal.reflect.DirectMethodHandleAccessor.invoke(DirectMethodHandleAccessor.java:103)
	at java.base/java.lang.reflect.Method.invoke(Method.java:580)
	at org.jboss.resteasy.core.MethodInjectorImpl.invoke(MethodInjectorImpl.java:154)
	at org.jboss.resteasy.core.MethodInjectorImpl.invoke(MethodInjectorImpl.java:118)
	at org.jboss.resteasy.core.ResourceMethodInvoker.internalInvokeOnTarget(ResourceMethodInvoker.java:560)
	at org.jboss.resteasy.core.ResourceMethodInvoker.invokeOnTargetAfterFilter(ResourceMethodInvoker.java:452)
	at org.jboss.resteasy.core.ResourceMethodInvoker.lambda$invokeOnTarget$0(ResourceMethodInvoker.java:413)
	at org.jboss.resteasy.core.interception.jaxrs.PreMatchContainerRequestContext.filter(PreMatchContainerRequestContext.java:321)
	at org.jboss.resteasy.core.ResourceMethodInvoker.invokeOnTarget(ResourceMethodInvoker.java:415)
	at org.jboss.resteasy.core.ResourceMethodInvoker.invoke(ResourceMethodInvoker.java:378)
	at org.jboss.resteasy.core.ResourceMethodInvoker.invoke(ResourceMethodInvoker.java:356)
	at org.jboss.resteasy.core.ResourceMethodInvoker.invoke(ResourceMethodInvoker.java:70)
	at org.jboss.resteasy.core.SynchronousDispatcher.invoke(SynchronousDispatcher.java:434)
	at org.jboss.resteasy.core.SynchronousDispatcher.lambda$invoke$0(SynchronousDispatcher.java:245)
	at org.jboss.resteasy.core.SynchronousDispatcher.lambda$preprocess$0(SynchronousDispatcher.java:159)
	at org.jboss.resteasy.core.interception.jaxrs.PreMatchContainerRequestContext.filter(PreMatchContainerRequestContext.java:321)
	at org.jboss.resteasy.core.SynchronousDispatcher.preprocess(SynchronousDispatcher.java:162)
	at org.jboss.resteasy.core.SynchronousDispatcher.invoke(SynchronousDispatcher.java:234)
	at org.jboss.resteasy.plugins.server.servlet.ServletContainerDispatcher.service(ServletContainerDispatcher.java:222)
	at org.jboss.resteasy.plugins.server.servlet.HttpServletDispatcher.service(HttpServletDispatcher.java:55)
	at org.jboss.resteasy.plugins.server.servlet.HttpServletDispatcher.service(HttpServletDispatcher.java:51)
	at jakarta.servlet.http.HttpServlet.service(HttpServlet.java:723)
	at org.apache.catalina.core.ApplicationFilterChain.internalDoFilter(ApplicationFilterChain.java:197)
	at org.apache.catalina.core.ApplicationFilterChain.doFilter(ApplicationFilterChain.java:142)
	at org.apache.tomcat.websocket.server.WsFilter.doFilter(WsFilter.java:57)
	at org.apache.catalina.core.ApplicationFilterChain.internalDoFilter(ApplicationFilterChain.java:166)
	at org.apache.catalina.core.ApplicationFilterChain.doFilter(ApplicationFilterChain.java:142)
	at com.google.inject.servlet.FilterChainInvocation.doFilter(FilterChainInvocation.java:89)
	at com.axelor.web.servlet.MaintenanceFilter.doFilter(MaintenanceFilter.java:49)
	at com.google.inject.servlet.FilterChainInvocation.doFilter(FilterChainInvocation.java:82)
	at org.apache.shiro.guice.web.SimpleFilterChain.doFilter(SimpleFilterChain.java:48)
	at org.pac4j.jee.filter.SecurityFilter.lambda$internalFilter$0(SecurityFilter.java:84)
	at org.pac4j.core.engine.DefaultSecurityLogic.perform(DefaultSecurityLogic.java:151)
	at org.pac4j.jee.filter.SecurityFilter.internalFilter(SecurityFilter.java:82)
	at org.pac4j.jee.config.AbstractConfigFilter.doFilter(AbstractConfigFilter.java:92)
	at org.apache.shiro.guice.web.SimpleFilterChain.doFilter(SimpleFilterChain.java:45)
	at com.axelor.auth.pac4j.SessionInfoFilter.doFilterInternal(SessionInfoFilter.java:42)
	at org.apache.shiro.web.servlet.OncePerRequestFilter.doFilter(OncePerRequestFilter.java:156)
	at org.apache.shiro.guice.web.SimpleFilterChain.doFilter(SimpleFilterChain.java:45)
	at org.apache.shiro.web.servlet.AdviceFilter.executeChain(AdviceFilter.java:109)
	at org.apache.shiro.web.servlet.AdviceFilter.doFilterInternal(AdviceFilter.java:138)
	at org.apache.shiro.web.servlet.OncePerRequestFilter.doFilter(OncePerRequestFilter.java:156)
	at org.apache.shiro.guice.web.SimpleFilterChain.doFilter(SimpleFilterChain.java:45)
	at org.apache.shiro.web.servlet.AbstractShiroFilter.executeChain(AbstractShiroFilter.java:463)
	at org.apache.shiro.web.servlet.AbstractShiroFilter.lambda$doFilterInternal$0(AbstractShiroFilter.java:378)
	at org.apache.shiro.subject.support.SubjectCallable.doCall(SubjectCallable.java:91)
	at org.apache.shiro.subject.support.SubjectCallable.call(SubjectCallable.java:84)
	at org.apache.shiro.subject.support.DelegatingSubject.execute(DelegatingSubject.java:389)
	at org.apache.shiro.web.servlet.AbstractShiroFilter.doFilterInternal(AbstractShiroFilter.java:376)
	at org.apache.shiro.web.servlet.OncePerRequestFilter.doFilter(OncePerRequestFilter.java:156)
	at com.google.inject.servlet.FilterChainInvocation.doFilter(FilterChainInvocation.java:82)
	at com.axelor.app.internal.AppFilter.doFilter(AppFilter.java:86)
	at com.google.inject.servlet.FilterChainInvocation.doFilter(FilterChainInvocation.java:82)
	at com.google.inject.persist.PersistFilter.doFilter(PersistFilter.java:94)
	at com.google.inject.servlet.FilterChainInvocation.doFilter(FilterChainInvocation.java:82)
	at com.axelor.db.tenants.TenantFilter.doFilter(TenantFilter.java:69)
	at com.google.inject.servlet.FilterChainInvocation.doFilter(FilterChainInvocation.java:82)
	at com.axelor.web.servlet.CorsFilter.doFilter(CorsFilter.java:124)
	at com.google.inject.servlet.FilterChainInvocation.doFilter(FilterChainInvocation.java:82)
	at com.axelor.web.servlet.ProxyFilter.doFilter(ProxyFilter.java:34)
	at com.google.inject.servlet.FilterChainInvocation.doFilter(FilterChainInvocation.java:82)
	at com.google.inject.servlet.ManagedFilterPipeline.dispatch(ManagedFilterPipeline.java:121)
	at com.google.inject.servlet.GuiceFilter.doFilter(GuiceFilter.java:133)
	at org.apache.catalina.core.ApplicationFilterChain.internalDoFilter(ApplicationFilterChain.java:166)
	at org.apache.catalina.core.ApplicationFilterChain.doFilter(ApplicationFilterChain.java:142)
	at org.apache.catalina.core.StandardWrapperValve.invoke(StandardWrapperValve.java:165)
	at org.apache.catalina.core.StandardContextValve.invoke(StandardContextValve.java:88)
	at org.apache.catalina.authenticator.AuthenticatorBase.invoke(AuthenticatorBase.java:535)
	at org.apache.catalina.core.StandardHostValve.invoke(StandardHostValve.java:115)
	at org.apache.catalina.valves.ErrorReportValve.invoke(ErrorReportValve.java:86)
	at org.apache.catalina.core.StandardEngineValve.invoke(StandardEngineValve.java:71)
	at org.apache.catalina.connector.CoyoteAdapter.service(CoyoteAdapter.java:348)
	at org.apache.coyote.http11.Http11Processor.service(Http11Processor.java:408)
	at org.apache.coyote.AbstractProcessorLight.process(AbstractProcessorLight.java:71)
	at org.apache.coyote.AbstractProtocol$ConnectionHandler.process(AbstractProtocol.java:1307)
	at org.apache.tomcat.util.net.NioEndpoint$SocketProcessor.doRun(NioEndpoint.java:2032)
	at org.apache.tomcat.util.net.SocketProcessorBase.run(SocketProcessorBase.java:74)
	at org.apache.tomcat.util.threads.ThreadPoolExecutor.runWorker(ThreadPoolExecutor.java:976)
	at org.apache.tomcat.util.threads.ThreadPoolExecutor$Worker.run(ThreadPoolExecutor.java:494)
	at org.apache.tomcat.util.threads.TaskThread$WrappingRunnable.run(TaskThread.java:80)
	at java.base/java.lang.Thread.run(Thread.java:1583)

2026-10-06 20:32:29.488  WARN 10548 --- [.1-18080-exec-6] c.a.a.a.s.n.InvoiceNoteCreationHelper    : Note type AAI doesn't exist
2026-10-06 20:32:29.496  WARN 10548 --- [.1-18080-exec-6] c.a.a.a.s.n.InvoiceNoteCreationHelper    : Note type ABL doesn't exist
2026-10-06 20:32:29.503  WARN 10548 --- [.1-18080-exec-6] c.a.a.a.s.n.InvoiceNoteCreationHelper    : Note type PMT doesn't exist
2026-10-06 20:32:29.509  WARN 10548 --- [.1-18080-exec-6] c.a.a.a.s.n.InvoiceNoteCreationHelper    : Note type PMD doesn't exist
2026-10-06 20:32:29.515  WARN 10548 --- [.1-18080-exec-6] c.a.a.a.s.n.InvoiceNoteCreationHelper    : Note type REG doesn't exist
2026-10-06 20:32:29.523  WARN 10548 --- [.1-18080-exec-6] c.a.a.a.s.n.InvoiceNoteCreationHelper    : Note type SUR doesn't exist
2026-10-06 20:32:29.529  WARN 10548 --- [.1-18080-exec-6] c.a.a.a.s.n.InvoiceNoteCreationHelper    : Note type AAB doesn't exist
2026-10-06 20:32:29.535  WARN 10548 --- [.1-18080-exec-6] c.a.a.a.s.n.InvoiceNoteCreationHelper    : Note type REG doesn't exist
2026-10-06 20:33:21.781 ERROR 10548 --- [.1-18080-exec-1] com.axelor.meta.ActionHandler            : null
java.lang.reflect.InvocationTargetException
	at java.base/jdk.internal.reflect.DirectMethodHandleAccessor.invoke(DirectMethodHandleAccessor.java:118)
	at java.base/java.lang.reflect.Method.invoke(Method.java:580)
	at com.axelor.meta.ActionHandler.call(ActionHandler.java:230)
	at com.axelor.meta.schema.actions.ActionMethod.evaluate(ActionMethod.java:63)
	at com.axelor.meta.schema.actions.Action.execute(Action.java:89)
	at com.axelor.meta.schema.actions.Action.wrap(Action.java:102)
	at com.axelor.meta.schema.actions.ActionGroup.evaluate(ActionGroup.java:221)
	at com.axelor.meta.schema.actions.Action.execute(Action.java:85)
	at com.axelor.meta.schema.actions.Action.wrap(Action.java:102)
	at com.axelor.meta.ActionHandler.execute(ActionHandler.java:490)
	at com.axelor.meta.ActionExecutor.execute(ActionExecutor.java:44)
	at com.axelor.meta.ActionExecutor$$EnhancerByGuice$$54e4e45.GUICE$TRAMPOLINE(<generated>)
	at com.google.inject.internal.InterceptorStackCallback$InterceptedMethodInvocation.proceed(InterceptorStackCallback.java:74)
	at com.axelor.rpc.ResponseInterceptor.invoke(ResponseInterceptor.java:41)
	at com.google.inject.internal.InterceptorStackCallback$InterceptedMethodInvocation.proceed(InterceptorStackCallback.java:75)
	at com.google.inject.internal.InterceptorStackCallback.invoke(InterceptorStackCallback.java:55)
	at com.axelor.meta.ActionExecutor$$EnhancerByGuice$$54e4e45.execute(<generated>)
	at com.axelor.web.service.ActionService.execute(ActionService.java:106)
	at com.axelor.web.service.ActionService$$EnhancerByGuice$$9331bc4.GUICE$TRAMPOLINE(<generated>)
	at com.google.inject.internal.InterceptorStackCallback$InterceptedMethodInvocation.proceed(InterceptorStackCallback.java:74)
	at com.axelor.rpc.RequestFilter.invoke(RequestFilter.java:42)
	at com.google.inject.internal.InterceptorStackCallback$InterceptedMethodInvocation.proceed(InterceptorStackCallback.java:75)
	at com.axelor.rpc.ResponseInterceptor.invoke(ResponseInterceptor.java:50)
	at com.google.inject.internal.InterceptorStackCallback$InterceptedMethodInvocation.proceed(InterceptorStackCallback.java:75)
	at com.google.inject.internal.InterceptorStackCallback.invoke(InterceptorStackCallback.java:55)
	at com.axelor.web.service.ActionService$$EnhancerByGuice$$9331bc4.execute(<generated>)
	at java.base/jdk.internal.reflect.DirectMethodHandleAccessor.invoke(DirectMethodHandleAccessor.java:103)
	at java.base/java.lang.reflect.Method.invoke(Method.java:580)
	at org.jboss.resteasy.core.MethodInjectorImpl.invoke(MethodInjectorImpl.java:154)
	at org.jboss.resteasy.core.MethodInjectorImpl.invoke(MethodInjectorImpl.java:118)
	at org.jboss.resteasy.core.ResourceMethodInvoker.internalInvokeOnTarget(ResourceMethodInvoker.java:560)
	at org.jboss.resteasy.core.ResourceMethodInvoker.invokeOnTargetAfterFilter(ResourceMethodInvoker.java:452)
	at org.jboss.resteasy.core.ResourceMethodInvoker.lambda$invokeOnTarget$0(ResourceMethodInvoker.java:413)
	at org.jboss.resteasy.core.interception.jaxrs.PreMatchContainerRequestContext.filter(PreMatchContainerRequestContext.java:321)
	at org.jboss.resteasy.core.ResourceMethodInvoker.invokeOnTarget(ResourceMethodInvoker.java:415)
	at org.jboss.resteasy.core.ResourceMethodInvoker.invoke(ResourceMethodInvoker.java:378)
	at org.jboss.resteasy.core.ResourceMethodInvoker.invoke(ResourceMethodInvoker.java:356)
	at org.jboss.resteasy.core.ResourceMethodInvoker.invoke(ResourceMethodInvoker.java:70)
	at org.jboss.resteasy.core.SynchronousDispatcher.invoke(SynchronousDispatcher.java:434)
	at org.jboss.resteasy.core.SynchronousDispatcher.lambda$invoke$0(SynchronousDispatcher.java:245)
	at org.jboss.resteasy.core.SynchronousDispatcher.lambda$preprocess$0(SynchronousDispatcher.java:159)
	at org.jboss.resteasy.core.interception.jaxrs.PreMatchContainerRequestContext.filter(PreMatchContainerRequestContext.java:321)
	at org.jboss.resteasy.core.SynchronousDispatcher.preprocess(SynchronousDispatcher.java:162)
	at org.jboss.resteasy.core.SynchronousDispatcher.invoke(SynchronousDispatcher.java:234)
	at org.jboss.resteasy.plugins.server.servlet.ServletContainerDispatcher.service(ServletContainerDispatcher.java:222)
	at org.jboss.resteasy.plugins.server.servlet.HttpServletDispatcher.service(HttpServletDispatcher.java:55)
	at org.jboss.resteasy.plugins.server.servlet.HttpServletDispatcher.service(HttpServletDispatcher.java:51)
	at jakarta.servlet.http.HttpServlet.service(HttpServlet.java:723)
	at org.apache.catalina.core.ApplicationFilterChain.internalDoFilter(ApplicationFilterChain.java:197)
	at org.apache.catalina.core.ApplicationFilterChain.doFilter(ApplicationFilterChain.java:142)
	at org.apache.tomcat.websocket.server.WsFilter.doFilter(WsFilter.java:57)
	at org.apache.catalina.core.ApplicationFilterChain.internalDoFilter(ApplicationFilterChain.java:166)
	at org.apache.catalina.core.ApplicationFilterChain.doFilter(ApplicationFilterChain.java:142)
	at com.google.inject.servlet.FilterChainInvocation.doFilter(FilterChainInvocation.java:89)
	at com.axelor.web.servlet.MaintenanceFilter.doFilter(MaintenanceFilter.java:49)
	at com.google.inject.servlet.FilterChainInvocation.doFilter(FilterChainInvocation.java:82)
	at org.apache.shiro.guice.web.SimpleFilterChain.doFilter(SimpleFilterChain.java:48)
	at org.pac4j.jee.filter.SecurityFilter.lambda$internalFilter$0(SecurityFilter.java:84)
	at org.pac4j.core.engine.DefaultSecurityLogic.perform(DefaultSecurityLogic.java:151)
	at org.pac4j.jee.filter.SecurityFilter.internalFilter(SecurityFilter.java:82)
	at org.pac4j.jee.config.AbstractConfigFilter.doFilter(AbstractConfigFilter.java:92)
	at org.apache.shiro.guice.web.SimpleFilterChain.doFilter(SimpleFilterChain.java:45)
	at com.axelor.auth.pac4j.SessionInfoFilter.doFilterInternal(SessionInfoFilter.java:42)
	at org.apache.shiro.web.servlet.OncePerRequestFilter.doFilter(OncePerRequestFilter.java:156)
	at org.apache.shiro.guice.web.SimpleFilterChain.doFilter(SimpleFilterChain.java:45)
	at org.apache.shiro.web.servlet.AdviceFilter.executeChain(AdviceFilter.java:109)
	at org.apache.shiro.web.servlet.AdviceFilter.doFilterInternal(AdviceFilter.java:138)
	at org.apache.shiro.web.servlet.OncePerRequestFilter.doFilter(OncePerRequestFilter.java:156)
	at org.apache.shiro.guice.web.SimpleFilterChain.doFilter(SimpleFilterChain.java:45)
	at org.apache.shiro.web.servlet.AbstractShiroFilter.executeChain(AbstractShiroFilter.java:463)
	at org.apache.shiro.web.servlet.AbstractShiroFilter.lambda$doFilterInternal$0(AbstractShiroFilter.java:378)
	at org.apache.shiro.subject.support.SubjectCallable.doCall(SubjectCallable.java:91)
	at org.apache.shiro.subject.support.SubjectCallable.call(SubjectCallable.java:84)
	at org.apache.shiro.subject.support.DelegatingSubject.execute(DelegatingSubject.java:389)
	at org.apache.shiro.web.servlet.AbstractShiroFilter.doFilterInternal(AbstractShiroFilter.java:376)
	at org.apache.shiro.web.servlet.OncePerRequestFilter.doFilter(OncePerRequestFilter.java:156)
	at com.google.inject.servlet.FilterChainInvocation.doFilter(FilterChainInvocation.java:82)
	at com.axelor.app.internal.AppFilter.doFilter(AppFilter.java:86)
	at com.google.inject.servlet.FilterChainInvocation.doFilter(FilterChainInvocation.java:82)
	at com.google.inject.persist.PersistFilter.doFilter(PersistFilter.java:94)
	at com.google.inject.servlet.FilterChainInvocation.doFilter(FilterChainInvocation.java:82)
	at com.axelor.db.tenants.TenantFilter.doFilter(TenantFilter.java:69)
	at com.google.inject.servlet.FilterChainInvocation.doFilter(FilterChainInvocation.java:82)
	at com.axelor.web.servlet.CorsFilter.doFilter(CorsFilter.java:124)
	at com.google.inject.servlet.FilterChainInvocation.doFilter(FilterChainInvocation.java:82)
	at com.axelor.web.servlet.ProxyFilter.doFilter(ProxyFilter.java:34)
	at com.google.inject.servlet.FilterChainInvocation.doFilter(FilterChainInvocation.java:82)
	at com.google.inject.servlet.ManagedFilterPipeline.dispatch(ManagedFilterPipeline.java:121)
	at com.google.inject.servlet.GuiceFilter.doFilter(GuiceFilter.java:133)
	at org.apache.catalina.core.ApplicationFilterChain.internalDoFilter(ApplicationFilterChain.java:166)
	at org.apache.catalina.core.ApplicationFilterChain.doFilter(ApplicationFilterChain.java:142)
	at org.apache.catalina.core.StandardWrapperValve.invoke(StandardWrapperValve.java:165)
	at org.apache.catalina.core.StandardContextValve.invoke(StandardContextValve.java:88)
	at org.apache.catalina.authenticator.AuthenticatorBase.invoke(AuthenticatorBase.java:535)
	at org.apache.catalina.core.StandardHostValve.invoke(StandardHostValve.java:115)
	at org.apache.catalina.valves.ErrorReportValve.invoke(ErrorReportValve.java:86)
	at org.apache.catalina.core.StandardEngineValve.invoke(StandardEngineValve.java:71)
	at org.apache.catalina.connector.CoyoteAdapter.service(CoyoteAdapter.java:348)
	at org.apache.coyote.http11.Http11Processor.service(Http11Processor.java:408)
	at org.apache.coyote.AbstractProcessorLight.process(AbstractProcessorLight.java:71)
	at org.apache.coyote.AbstractProtocol$ConnectionHandler.process(AbstractProtocol.java:1307)
	at org.apache.tomcat.util.net.NioEndpoint$SocketProcessor.doRun(NioEndpoint.java:2032)
	at org.apache.tomcat.util.net.SocketProcessorBase.run(SocketProcessorBase.java:74)
	at org.apache.tomcat.util.threads.ThreadPoolExecutor.runWorker(ThreadPoolExecutor.java:976)
	at org.apache.tomcat.util.threads.ThreadPoolExecutor$Worker.run(ThreadPoolExecutor.java:494)
	at org.apache.tomcat.util.threads.TaskThread$WrappingRunnable.run(TaskThread.java:80)
	at java.base/java.lang.Thread.run(Thread.java:1583)
Caused by: com.cencomun.core.CoreFault: Product outside pilot catalog
	at com.cencomun.core.PilotService.previewLine(PilotService.java:63)
	at com.google.inject.persist.jpa.JpaLocalTxnInterceptor.invoke(JpaLocalTxnInterceptor.java:66)
	at com.cencomun.core.PilotController.line(PilotController.java:21)
	at java.base/jdk.internal.reflect.DirectMethodHandleAccessor.invoke(DirectMethodHandleAccessor.java:103)
	at java.base/java.lang.reflect.Method.invoke(Method.java:580)
	at com.axelor.meta.ActionHandler.call(ActionHandler.java:230)
	at com.axelor.meta.schema.actions.ActionMethod.evaluate(ActionMethod.java:63)
	at com.axelor.meta.schema.actions.Action.execute(Action.java:89)
	at com.axelor.meta.schema.actions.Action.wrap(Action.java:102)
	at com.axelor.meta.schema.actions.ActionGroup.evaluate(ActionGroup.java:221)
	at com.axelor.meta.schema.actions.Action.execute(Action.java:85)
	at com.axelor.meta.schema.actions.Action.wrap(Action.java:102)
	at com.axelor.meta.ActionHandler.execute(ActionHandler.java:490)
	at com.axelor.meta.ActionExecutor.execute(ActionExecutor.java:44)
	at com.axelor.rpc.ResponseInterceptor.invoke(ResponseInterceptor.java:41)
	at com.axelor.web.service.ActionService.execute(ActionService.java:106)
	at com.axelor.rpc.RequestFilter.invoke(RequestFilter.java:42)
	at com.axelor.rpc.ResponseInterceptor.invoke(ResponseInterceptor.java:50)
	... 81 common frames omitted
2026-10-06 20:33:21.897 ERROR 10548 --- [.1-18080-exec-3] com.axelor.meta.ActionHandler            : null
java.lang.reflect.InvocationTargetException
	at java.base/jdk.internal.reflect.DirectMethodHandleAccessor.invoke(DirectMethodHandleAccessor.java:118)
	at java.base/java.lang.reflect.Method.invoke(Method.java:580)
	at com.axelor.meta.ActionHandler.call(ActionHandler.java:230)
	at com.axelor.meta.schema.actions.ActionMethod.evaluate(ActionMethod.java:63)
	at com.axelor.meta.schema.actions.Action.execute(Action.java:89)
	at com.axelor.meta.schema.actions.Action.wrap(Action.java:102)
	at com.axelor.meta.schema.actions.ActionGroup.evaluate(ActionGroup.java:221)
	at com.axelor.meta.schema.actions.Action.execute(Action.java:85)
	at com.axelor.meta.schema.actions.Action.wrap(Action.java:102)
	at com.axelor.meta.ActionHandler.execute(ActionHandler.java:490)
	at com.axelor.meta.ActionExecutor.execute(ActionExecutor.java:44)
	at com.axelor.meta.ActionExecutor$$EnhancerByGuice$$54e4e45.GUICE$TRAMPOLINE(<generated>)
	at com.google.inject.internal.InterceptorStackCallback$InterceptedMethodInvocation.proceed(InterceptorStackCallback.java:74)
	at com.axelor.rpc.ResponseInterceptor.invoke(ResponseInterceptor.java:41)
	at com.google.inject.internal.InterceptorStackCallback$InterceptedMethodInvocation.proceed(InterceptorStackCallback.java:75)
	at com.google.inject.internal.InterceptorStackCallback.invoke(InterceptorStackCallback.java:55)
	at com.axelor.meta.ActionExecutor$$EnhancerByGuice$$54e4e45.execute(<generated>)
	at com.axelor.web.service.ActionService.execute(ActionService.java:106)
	at com.axelor.web.service.ActionService$$EnhancerByGuice$$9331bc4.GUICE$TRAMPOLINE(<generated>)
	at com.google.inject.internal.InterceptorStackCallback$InterceptedMethodInvocation.proceed(InterceptorStackCallback.java:74)
	at com.axelor.rpc.RequestFilter.invoke(RequestFilter.java:42)
	at com.google.inject.internal.InterceptorStackCallback$InterceptedMethodInvocation.proceed(InterceptorStackCallback.java:75)
	at com.axelor.rpc.ResponseInterceptor.invoke(ResponseInterceptor.java:50)
	at com.google.inject.internal.InterceptorStackCallback$InterceptedMethodInvocation.proceed(InterceptorStackCallback.java:75)
	at com.google.inject.internal.InterceptorStackCallback.invoke(InterceptorStackCallback.java:55)
	at com.axelor.web.service.ActionService$$EnhancerByGuice$$9331bc4.execute(<generated>)
	at java.base/jdk.internal.reflect.DirectMethodHandleAccessor.invoke(DirectMethodHandleAccessor.java:103)
	at java.base/java.lang.reflect.Method.invoke(Method.java:580)
	at org.jboss.resteasy.core.MethodInjectorImpl.invoke(MethodInjectorImpl.java:154)
	at org.jboss.resteasy.core.MethodInjectorImpl.invoke(MethodInjectorImpl.java:118)
	at org.jboss.resteasy.core.ResourceMethodInvoker.internalInvokeOnTarget(ResourceMethodInvoker.java:560)
	at org.jboss.resteasy.core.ResourceMethodInvoker.invokeOnTargetAfterFilter(ResourceMethodInvoker.java:452)
	at org.jboss.resteasy.core.ResourceMethodInvoker.lambda$invokeOnTarget$0(ResourceMethodInvoker.java:413)
	at org.jboss.resteasy.core.interception.jaxrs.PreMatchContainerRequestContext.filter(PreMatchContainerRequestContext.java:321)
	at org.jboss.resteasy.core.ResourceMethodInvoker.invokeOnTarget(ResourceMethodInvoker.java:415)
	at org.jboss.resteasy.core.ResourceMethodInvoker.invoke(ResourceMethodInvoker.java:378)
	at org.jboss.resteasy.core.ResourceMethodInvoker.invoke(ResourceMethodInvoker.java:356)
	at org.jboss.resteasy.core.ResourceMethodInvoker.invoke(ResourceMethodInvoker.java:70)
	at org.jboss.resteasy.core.SynchronousDispatcher.invoke(SynchronousDispatcher.java:434)
	at org.jboss.resteasy.core.SynchronousDispatcher.lambda$invoke$0(SynchronousDispatcher.java:245)
	at org.jboss.resteasy.core.SynchronousDispatcher.lambda$preprocess$0(SynchronousDispatcher.java:159)
	at org.jboss.resteasy.core.interception.jaxrs.PreMatchContainerRequestContext.filter(PreMatchContainerRequestContext.java:321)
	at org.jboss.resteasy.core.SynchronousDispatcher.preprocess(SynchronousDispatcher.java:162)
	at org.jboss.resteasy.core.SynchronousDispatcher.invoke(SynchronousDispatcher.java:234)
	at org.jboss.resteasy.plugins.server.servlet.ServletContainerDispatcher.service(ServletContainerDispatcher.java:222)
	at org.jboss.resteasy.plugins.server.servlet.HttpServletDispatcher.service(HttpServletDispatcher.java:55)
	at org.jboss.resteasy.plugins.server.servlet.HttpServletDispatcher.service(HttpServletDispatcher.java:51)
	at jakarta.servlet.http.HttpServlet.service(HttpServlet.java:723)
	at org.apache.catalina.core.ApplicationFilterChain.internalDoFilter(ApplicationFilterChain.java:197)
	at org.apache.catalina.core.ApplicationFilterChain.doFilter(ApplicationFilterChain.java:142)
	at org.apache.tomcat.websocket.server.WsFilter.doFilter(WsFilter.java:57)
	at org.apache.catalina.core.ApplicationFilterChain.internalDoFilter(ApplicationFilterChain.java:166)
	at org.apache.catalina.core.ApplicationFilterChain.doFilter(ApplicationFilterChain.java:142)
	at com.google.inject.servlet.FilterChainInvocation.doFilter(FilterChainInvocation.java:89)
	at com.axelor.web.servlet.MaintenanceFilter.doFilter(MaintenanceFilter.java:49)
	at com.google.inject.servlet.FilterChainInvocation.doFilter(FilterChainInvocation.java:82)
	at org.apache.shiro.guice.web.SimpleFilterChain.doFilter(SimpleFilterChain.java:48)
	at org.pac4j.jee.filter.SecurityFilter.lambda$internalFilter$0(SecurityFilter.java:84)
	at org.pac4j.core.engine.DefaultSecurityLogic.perform(DefaultSecurityLogic.java:151)
	at org.pac4j.jee.filter.SecurityFilter.internalFilter(SecurityFilter.java:82)
	at org.pac4j.jee.config.AbstractConfigFilter.doFilter(AbstractConfigFilter.java:92)
	at org.apache.shiro.guice.web.SimpleFilterChain.doFilter(SimpleFilterChain.java:45)
	at com.axelor.auth.pac4j.SessionInfoFilter.doFilterInternal(SessionInfoFilter.java:42)
	at org.apache.shiro.web.servlet.OncePerRequestFilter.doFilter(OncePerRequestFilter.java:156)
	at org.apache.shiro.guice.web.SimpleFilterChain.doFilter(SimpleFilterChain.java:45)
	at org.apache.shiro.web.servlet.AdviceFilter.executeChain(AdviceFilter.java:109)
	at org.apache.shiro.web.servlet.AdviceFilter.doFilterInternal(AdviceFilter.java:138)
	at org.apache.shiro.web.servlet.OncePerRequestFilter.doFilter(OncePerRequestFilter.java:156)
	at org.apache.shiro.guice.web.SimpleFilterChain.doFilter(SimpleFilterChain.java:45)
	at org.apache.shiro.web.servlet.AbstractShiroFilter.executeChain(AbstractShiroFilter.java:463)
	at org.apache.shiro.web.servlet.AbstractShiroFilter.lambda$doFilterInternal$0(AbstractShiroFilter.java:378)
	at org.apache.shiro.subject.support.SubjectCallable.doCall(SubjectCallable.java:91)
	at org.apache.shiro.subject.support.SubjectCallable.call(SubjectCallable.java:84)
	at org.apache.shiro.subject.support.DelegatingSubject.execute(DelegatingSubject.java:389)
	at org.apache.shiro.web.servlet.AbstractShiroFilter.doFilterInternal(AbstractShiroFilter.java:376)
	at org.apache.shiro.web.servlet.OncePerRequestFilter.doFilter(OncePerRequestFilter.java:156)
	at com.google.inject.servlet.FilterChainInvocation.doFilter(FilterChainInvocation.java:82)
	at com.axelor.app.internal.AppFilter.doFilter(AppFilter.java:86)
	at com.google.inject.servlet.FilterChainInvocation.doFilter(FilterChainInvocation.java:82)
	at com.google.inject.persist.PersistFilter.doFilter(PersistFilter.java:94)
	at com.google.inject.servlet.FilterChainInvocation.doFilter(FilterChainInvocation.java:82)
	at com.axelor.db.tenants.TenantFilter.doFilter(TenantFilter.java:69)
	at com.google.inject.servlet.FilterChainInvocation.doFilter(FilterChainInvocation.java:82)
	at com.axelor.web.servlet.CorsFilter.doFilter(CorsFilter.java:124)
	at com.google.inject.servlet.FilterChainInvocation.doFilter(FilterChainInvocation.java:82)
	at com.axelor.web.servlet.ProxyFilter.doFilter(ProxyFilter.java:34)
	at com.google.inject.servlet.FilterChainInvocation.doFilter(FilterChainInvocation.java:82)
	at com.google.inject.servlet.ManagedFilterPipeline.dispatch(ManagedFilterPipeline.java:121)
	at com.google.inject.servlet.GuiceFilter.doFilter(GuiceFilter.java:133)
	at org.apache.catalina.core.ApplicationFilterChain.internalDoFilter(ApplicationFilterChain.java:166)
	at org.apache.catalina.core.ApplicationFilterChain.doFilter(ApplicationFilterChain.java:142)
	at org.apache.catalina.core.StandardWrapperValve.invoke(StandardWrapperValve.java:165)
	at org.apache.catalina.core.StandardContextValve.invoke(StandardContextValve.java:88)
	at org.apache.catalina.authenticator.AuthenticatorBase.invoke(AuthenticatorBase.java:535)
	at org.apache.catalina.core.StandardHostValve.invoke(StandardHostValve.java:115)
	at org.apache.catalina.valves.ErrorReportValve.invoke(ErrorReportValve.java:86)
	at org.apache.catalina.core.StandardEngineValve.invoke(StandardEngineValve.java:71)
	at org.apache.catalina.connector.CoyoteAdapter.service(CoyoteAdapter.java:348)
	at org.apache.coyote.http11.Http11Processor.service(Http11Processor.java:408)
	at org.apache.coyote.AbstractProcessorLight.process(AbstractProcessorLight.java:71)
	at org.apache.coyote.AbstractProtocol$ConnectionHandler.process(AbstractProtocol.java:1307)
	at org.apache.tomcat.util.net.NioEndpoint$SocketProcessor.doRun(NioEndpoint.java:2032)
	at org.apache.tomcat.util.net.SocketProcessorBase.run(SocketProcessorBase.java:74)
	at org.apache.tomcat.util.threads.ThreadPoolExecutor.runWorker(ThreadPoolExecutor.java:976)
	at org.apache.tomcat.util.threads.ThreadPoolExecutor$Worker.run(ThreadPoolExecutor.java:494)
	at org.apache.tomcat.util.threads.TaskThread$WrappingRunnable.run(TaskThread.java:80)
	at java.base/java.lang.Thread.run(Thread.java:1583)
Caused by: com.cencomun.core.CoreFault: Product outside pilot catalog
	at com.cencomun.core.PilotService.previewLine(PilotService.java:63)
	at com.google.inject.persist.jpa.JpaLocalTxnInterceptor.invoke(JpaLocalTxnInterceptor.java:66)
	at com.cencomun.core.PilotController.line(PilotController.java:21)
	at java.base/jdk.internal.reflect.DirectMethodHandleAccessor.invoke(DirectMethodHandleAccessor.java:103)
	at java.base/java.lang.reflect.Method.invoke(Method.java:580)
	at com.axelor.meta.ActionHandler.call(ActionHandler.java:230)
	at com.axelor.meta.schema.actions.ActionMethod.evaluate(ActionMethod.java:63)
	at com.axelor.meta.schema.actions.Action.execute(Action.java:89)
	at com.axelor.meta.schema.actions.Action.wrap(Action.java:102)
	at com.axelor.meta.schema.actions.ActionGroup.evaluate(ActionGroup.java:221)
	at com.axelor.meta.schema.actions.Action.execute(Action.java:85)
	at com.axelor.meta.schema.actions.Action.wrap(Action.java:102)
	at com.axelor.meta.ActionHandler.execute(ActionHandler.java:490)
	at com.axelor.meta.ActionExecutor.execute(ActionExecutor.java:44)
	at com.axelor.rpc.ResponseInterceptor.invoke(ResponseInterceptor.java:41)
	at com.axelor.web.service.ActionService.execute(ActionService.java:106)
	at com.axelor.rpc.RequestFilter.invoke(RequestFilter.java:42)
	at com.axelor.rpc.ResponseInterceptor.invoke(ResponseInterceptor.java:50)
	... 81 common frames omitted
2026-10-06 20:34:00.705 ERROR 10548 --- [1-18080-exec-10] com.axelor.meta.ActionHandler            : null
java.lang.reflect.InvocationTargetException
	at java.base/jdk.internal.reflect.DirectMethodHandleAccessor.invoke(DirectMethodHandleAccessor.java:118)
	at java.base/java.lang.reflect.Method.invoke(Method.java:580)
	at com.axelor.meta.ActionHandler.call(ActionHandler.java:230)
	at com.axelor.meta.schema.actions.ActionMethod.evaluate(ActionMethod.java:63)
	at com.axelor.meta.schema.actions.Action.execute(Action.java:89)
	at com.axelor.meta.schema.actions.Action.wrap(Action.java:102)
	at com.axelor.meta.schema.actions.ActionGroup.evaluate(ActionGroup.java:221)
	at com.axelor.meta.schema.actions.Action.execute(Action.java:85)
	at com.axelor.meta.schema.actions.Action.wrap(Action.java:102)
	at com.axelor.meta.ActionHandler.execute(ActionHandler.java:490)
	at com.axelor.meta.ActionExecutor.execute(ActionExecutor.java:44)
	at com.axelor.meta.ActionExecutor$$EnhancerByGuice$$54e4e45.GUICE$TRAMPOLINE(<generated>)
	at com.google.inject.internal.InterceptorStackCallback$InterceptedMethodInvocation.proceed(InterceptorStackCallback.java:74)
	at com.axelor.rpc.ResponseInterceptor.invoke(ResponseInterceptor.java:41)
	at com.google.inject.internal.InterceptorStackCallback$InterceptedMethodInvocation.proceed(InterceptorStackCallback.java:75)
	at com.google.inject.internal.InterceptorStackCallback.invoke(InterceptorStackCallback.java:55)
	at com.axelor.meta.ActionExecutor$$EnhancerByGuice$$54e4e45.execute(<generated>)
	at com.axelor.web.service.ActionService.execute(ActionService.java:106)
	at com.axelor.web.service.ActionService$$EnhancerByGuice$$9331bc4.GUICE$TRAMPOLINE(<generated>)
	at com.google.inject.internal.InterceptorStackCallback$InterceptedMethodInvocation.proceed(InterceptorStackCallback.java:74)
	at com.axelor.rpc.RequestFilter.invoke(RequestFilter.java:42)
	at com.google.inject.internal.InterceptorStackCallback$InterceptedMethodInvocation.proceed(InterceptorStackCallback.java:75)
	at com.axelor.rpc.ResponseInterceptor.invoke(ResponseInterceptor.java:50)
	at com.google.inject.internal.InterceptorStackCallback$InterceptedMethodInvocation.proceed(InterceptorStackCallback.java:75)
	at com.google.inject.internal.InterceptorStackCallback.invoke(InterceptorStackCallback.java:55)
	at com.axelor.web.service.ActionService$$EnhancerByGuice$$9331bc4.execute(<generated>)
	at java.base/jdk.internal.reflect.DirectMethodHandleAccessor.invoke(DirectMethodHandleAccessor.java:103)
	at java.base/java.lang.reflect.Method.invoke(Method.java:580)
	at org.jboss.resteasy.core.MethodInjectorImpl.invoke(MethodInjectorImpl.java:154)
	at org.jboss.resteasy.core.MethodInjectorImpl.invoke(MethodInjectorImpl.java:118)
	at org.jboss.resteasy.core.ResourceMethodInvoker.internalInvokeOnTarget(ResourceMethodInvoker.java:560)
	at org.jboss.resteasy.core.ResourceMethodInvoker.invokeOnTargetAfterFilter(ResourceMethodInvoker.java:452)
	at org.jboss.resteasy.core.ResourceMethodInvoker.lambda$invokeOnTarget$0(ResourceMethodInvoker.java:413)
	at org.jboss.resteasy.core.interception.jaxrs.PreMatchContainerRequestContext.filter(PreMatchContainerRequestContext.java:321)
	at org.jboss.resteasy.core.ResourceMethodInvoker.invokeOnTarget(ResourceMethodInvoker.java:415)
	at org.jboss.resteasy.core.ResourceMethodInvoker.invoke(ResourceMethodInvoker.java:378)
	at org.jboss.resteasy.core.ResourceMethodInvoker.invoke(ResourceMethodInvoker.java:356)
	at org.jboss.resteasy.core.ResourceMethodInvoker.invoke(ResourceMethodInvoker.java:70)
	at org.jboss.resteasy.core.SynchronousDispatcher.invoke(SynchronousDispatcher.java:434)
	at org.jboss.resteasy.core.SynchronousDispatcher.lambda$invoke$0(SynchronousDispatcher.java:245)
	at org.jboss.resteasy.core.SynchronousDispatcher.lambda$preprocess$0(SynchronousDispatcher.java:159)
	at org.jboss.resteasy.core.interception.jaxrs.PreMatchContainerRequestContext.filter(PreMatchContainerRequestContext.java:321)
	at org.jboss.resteasy.core.SynchronousDispatcher.preprocess(SynchronousDispatcher.java:162)
	at org.jboss.resteasy.core.SynchronousDispatcher.invoke(SynchronousDispatcher.java:234)
	at org.jboss.resteasy.plugins.server.servlet.ServletContainerDispatcher.service(ServletContainerDispatcher.java:222)
	at org.jboss.resteasy.plugins.server.servlet.HttpServletDispatcher.service(HttpServletDispatcher.java:55)
	at org.jboss.resteasy.plugins.server.servlet.HttpServletDispatcher.service(HttpServletDispatcher.java:51)
	at jakarta.servlet.http.HttpServlet.service(HttpServlet.java:723)
	at org.apache.catalina.core.ApplicationFilterChain.internalDoFilter(ApplicationFilterChain.java:197)
	at org.apache.catalina.core.ApplicationFilterChain.doFilter(ApplicationFilterChain.java:142)
	at org.apache.tomcat.websocket.server.WsFilter.doFilter(WsFilter.java:57)
	at org.apache.catalina.core.ApplicationFilterChain.internalDoFilter(ApplicationFilterChain.java:166)
	at org.apache.catalina.core.ApplicationFilterChain.doFilter(ApplicationFilterChain.java:142)
	at com.google.inject.servlet.FilterChainInvocation.doFilter(FilterChainInvocation.java:89)
	at com.axelor.web.servlet.MaintenanceFilter.doFilter(MaintenanceFilter.java:49)
	at com.google.inject.servlet.FilterChainInvocation.doFilter(FilterChainInvocation.java:82)
	at org.apache.shiro.guice.web.SimpleFilterChain.doFilter(SimpleFilterChain.java:48)
	at org.pac4j.jee.filter.SecurityFilter.lambda$internalFilter$0(SecurityFilter.java:84)
	at org.pac4j.core.engine.DefaultSecurityLogic.perform(DefaultSecurityLogic.java:151)
	at org.pac4j.jee.filter.SecurityFilter.internalFilter(SecurityFilter.java:82)
	at org.pac4j.jee.config.AbstractConfigFilter.doFilter(AbstractConfigFilter.java:92)
	at org.apache.shiro.guice.web.SimpleFilterChain.doFilter(SimpleFilterChain.java:45)
	at com.axelor.auth.pac4j.SessionInfoFilter.doFilterInternal(SessionInfoFilter.java:42)
	at org.apache.shiro.web.servlet.OncePerRequestFilter.doFilter(OncePerRequestFilter.java:156)
	at org.apache.shiro.guice.web.SimpleFilterChain.doFilter(SimpleFilterChain.java:45)
	at org.apache.shiro.web.servlet.AdviceFilter.executeChain(AdviceFilter.java:109)
	at org.apache.shiro.web.servlet.AdviceFilter.doFilterInternal(AdviceFilter.java:138)
	at org.apache.shiro.web.servlet.OncePerRequestFilter.doFilter(OncePerRequestFilter.java:156)
	at org.apache.shiro.guice.web.SimpleFilterChain.doFilter(SimpleFilterChain.java:45)
	at org.apache.shiro.web.servlet.AbstractShiroFilter.executeChain(AbstractShiroFilter.java:463)
	at org.apache.shiro.web.servlet.AbstractShiroFilter.lambda$doFilterInternal$0(AbstractShiroFilter.java:378)
	at org.apache.shiro.subject.support.SubjectCallable.doCall(SubjectCallable.java:91)
	at org.apache.shiro.subject.support.SubjectCallable.call(SubjectCallable.java:84)
	at org.apache.shiro.subject.support.DelegatingSubject.execute(DelegatingSubject.java:389)
	at org.apache.shiro.web.servlet.AbstractShiroFilter.doFilterInternal(AbstractShiroFilter.java:376)
	at org.apache.shiro.web.servlet.OncePerRequestFilter.doFilter(OncePerRequestFilter.java:156)
	at com.google.inject.servlet.FilterChainInvocation.doFilter(FilterChainInvocation.java:82)
	at com.axelor.app.internal.AppFilter.doFilter(AppFilter.java:86)
	at com.google.inject.servlet.FilterChainInvocation.doFilter(FilterChainInvocation.java:82)
	at com.google.inject.persist.PersistFilter.doFilter(PersistFilter.java:94)
	at com.google.inject.servlet.FilterChainInvocation.doFilter(FilterChainInvocation.java:82)
	at com.axelor.db.tenants.TenantFilter.doFilter(TenantFilter.java:69)
	at com.google.inject.servlet.FilterChainInvocation.doFilter(FilterChainInvocation.java:82)
	at com.axelor.web.servlet.CorsFilter.doFilter(CorsFilter.java:124)
	at com.google.inject.servlet.FilterChainInvocation.doFilter(FilterChainInvocation.java:82)
	at com.axelor.web.servlet.ProxyFilter.doFilter(ProxyFilter.java:34)
	at com.google.inject.servlet.FilterChainInvocation.doFilter(FilterChainInvocation.java:82)
	at com.google.inject.servlet.ManagedFilterPipeline.dispatch(ManagedFilterPipeline.java:121)
	at com.google.inject.servlet.GuiceFilter.doFilter(GuiceFilter.java:133)
	at org.apache.catalina.core.ApplicationFilterChain.internalDoFilter(ApplicationFilterChain.java:166)
	at org.apache.catalina.core.ApplicationFilterChain.doFilter(ApplicationFilterChain.java:142)
	at org.apache.catalina.core.StandardWrapperValve.invoke(StandardWrapperValve.java:165)
	at org.apache.catalina.core.StandardContextValve.invoke(StandardContextValve.java:88)
	at org.apache.catalina.authenticator.AuthenticatorBase.invoke(AuthenticatorBase.java:535)
	at org.apache.catalina.core.StandardHostValve.invoke(StandardHostValve.java:115)
	at org.apache.catalina.valves.ErrorReportValve.invoke(ErrorReportValve.java:86)
	at org.apache.catalina.core.StandardEngineValve.invoke(StandardEngineValve.java:71)
	at org.apache.catalina.connector.CoyoteAdapter.service(CoyoteAdapter.java:348)
	at org.apache.coyote.http11.Http11Processor.service(Http11Processor.java:408)
	at org.apache.coyote.AbstractProcessorLight.process(AbstractProcessorLight.java:71)
	at org.apache.coyote.AbstractProtocol$ConnectionHandler.process(AbstractProtocol.java:1307)
	at org.apache.tomcat.util.net.NioEndpoint$SocketProcessor.doRun(NioEndpoint.java:2032)
	at org.apache.tomcat.util.net.SocketProcessorBase.run(SocketProcessorBase.java:74)
	at org.apache.tomcat.util.threads.ThreadPoolExecutor.runWorker(ThreadPoolExecutor.java:976)
	at org.apache.tomcat.util.threads.ThreadPoolExecutor$Worker.run(ThreadPoolExecutor.java:494)
	at org.apache.tomcat.util.threads.TaskThread$WrappingRunnable.run(TaskThread.java:80)
	at java.base/java.lang.Thread.run(Thread.java:1583)
Caused by: com.cencomun.core.CoreFault: Confirmed cash close immutable
	at com.cencomun.core.PilotService.close(PilotService.java:205)
	at com.google.inject.persist.jpa.JpaLocalTxnInterceptor.invoke(JpaLocalTxnInterceptor.java:66)
	at com.cencomun.core.PilotController.close(PilotController.java:42)
	at java.base/jdk.internal.reflect.DirectMethodHandleAccessor.invoke(DirectMethodHandleAccessor.java:103)
	at java.base/java.lang.reflect.Method.invoke(Method.java:580)
	at com.axelor.meta.ActionHandler.call(ActionHandler.java:230)
	at com.axelor.meta.schema.actions.ActionMethod.evaluate(ActionMethod.java:63)
	at com.axelor.meta.schema.actions.Action.execute(Action.java:89)
	at com.axelor.meta.schema.actions.Action.wrap(Action.java:102)
	at com.axelor.meta.schema.actions.ActionGroup.evaluate(ActionGroup.java:221)
	at com.axelor.meta.schema.actions.Action.execute(Action.java:85)
	at com.axelor.meta.schema.actions.Action.wrap(Action.java:102)
	at com.axelor.meta.ActionHandler.execute(ActionHandler.java:490)
	at com.axelor.meta.ActionExecutor.execute(ActionExecutor.java:44)
	at com.axelor.rpc.ResponseInterceptor.invoke(ResponseInterceptor.java:41)
	at com.axelor.web.service.ActionService.execute(ActionService.java:106)
	at com.axelor.rpc.RequestFilter.invoke(RequestFilter.java:42)
	at com.axelor.rpc.ResponseInterceptor.invoke(ResponseInterceptor.java:50)
	... 81 common frames omitted
