Oct 06, 2026 8:16:35 PM org.apache.coyote.AbstractProtocol init
INFO: Initializing ProtocolHandler ["http-nio-127.0.0.1-18080"]
Oct 06, 2026 8:16:35 PM org.apache.catalina.core.StandardService startInternal
INFO: Starting service [Tomcat]
Oct 06, 2026 8:16:35 PM org.apache.catalina.core.StandardEngine startInternal
INFO: Starting Servlet engine: [Apache Tomcat/10.1.57]
Oct 06, 2026 8:16:35 PM org.apache.catalina.startup.ExpandWar expand
INFO: An expanded directory [/workspace/axelor-pilot-state/tomcat/webapps/axelor-erp] was found with a last modified time that did not match the associated WAR. It will be deleted.
Oct 06, 2026 8:16:38 PM org.apache.catalina.startup.ContextConfig getDefaultWebXmlFragment
INFO: No global web.xml found
Oct 06, 2026 8:16:48 PM org.apache.jasper.servlet.TldScanner scanJars
INFO: At least one JAR was scanned for TLDs yet contained no TLDs. Enable debug logging for this logger for a complete list of JARs that were scanned but no TLDs were found in them. Skipping unneeded JARs during scanning can improve startup time and JSP compilation time.
2026-10-06 20:16:48.900  INFO 8841 --- [           main] com.axelor.db.JpaModule                  : JCache provider: com.github.benmanes.caffeine.jcache.spi.CaffeineCachingProvider
2026-10-06 20:16:50.365  INFO 8841 --- [           main] com.axelor.app.AppModule                 : Configuring app modules...
2026-10-06 20:16:51.749  INFO 8841 --- [           main] com.axelor.app.AppModule                 : View processors: com.axelor.studio.service.ViewProcessorImpl, com.axelor.apps.base.service.meta.BaseViewProcessor
2026-10-06 20:16:52.227  INFO 8841 --- [           main] com.axelor.app.AppModule                 : Script policy configurators: com.axelor.studio.scripting.StudioScriptPolicyConfigurator, com.axelor.apps.base.module.BaseCustomPolicy, com.axelor.apps.account.module.AccountCustomPolicy, com.axelor.apps.crm.module.CrmCustomPolicy, com.axelor.apps.intervention.module.InterventionCustomPolicy
2026-10-06 20:16:52.263  INFO 8841 --- [           main] com.axelor.app.AppModule                 : Cache provider: caffeine
2026-10-06 20:16:54.969  INFO 8841 --- [           main] c.axelor.web.socket.WebSocketEndpoint    : Registering channel: tags
2026-10-06 20:16:54.969  INFO 8841 --- [           main] c.axelor.web.socket.WebSocketEndpoint    : Registering channel: mail
2026-10-06 20:16:55.109  INFO 8841 --- [           main] com.axelor.auth.pac4j.AuthPac4jModule    : JCache provider: com.github.benmanes.caffeine.jcache.spi.CaffeineCachingProvider
2026-10-06 20:16:55.243  INFO 8841 --- [           main] c.axelor.auth.pac4j.ClientListService    : Indirect clients: AxelorFormClient, MfaClient
2026-10-06 20:16:55.243  INFO 8841 --- [           main] c.axelor.auth.pac4j.ClientListService    : Direct clients: AxelorApiKeyClient
2026-10-06 20:17:11.251  INFO 8841 --- [           main] c.a.d.h.dialect.CustomDialectResolver    : Database dialect: AxelorPostgreSQLDialect, version: 16.15
2026-10-06 20:17:32.593  INFO 8841 --- [           main] com.axelor.web.AppStartup                : Initializing...
2026-10-06 20:17:35.921  INFO 8841 --- [           main] c.a.s.b.s.BpmAsyncExecutorServiceImpl    : BPM async ForkJoinPool initialized: parallelism=4
2026-10-06 20:17:35.987  INFO 8841 --- [           main] com.axelor.meta.loader.ModuleManager     : Loading package axelor-core...
2026-10-06 20:17:35.987  INFO 8841 --- [           main] com.axelor.meta.loader.ModuleManager     : Loading package axelor-web...
2026-10-06 20:17:35.987  INFO 8841 --- [           main] com.axelor.meta.loader.ModuleManager     : Loading package axelor-utils...
2026-10-06 20:17:35.987  INFO 8841 --- [           main] com.axelor.meta.loader.ModuleManager     : Loading package axelor-message...
2026-10-06 20:17:35.987  INFO 8841 --- [           main] com.axelor.meta.loader.ModuleManager     : Loading package axelor-studio...
2026-10-06 20:17:35.987  INFO 8841 --- [           main] com.axelor.meta.loader.ModuleManager     : Loading package axelor-base...
2026-10-06 20:17:35.987  INFO 8841 --- [           main] com.axelor.meta.loader.ModuleManager     : Loading package axelor-account...
2026-10-06 20:17:35.988  INFO 8841 --- [           main] com.axelor.meta.loader.ModuleManager     : Loading package axelor-bank-payment...
2026-10-06 20:17:35.988  INFO 8841 --- [           main] com.axelor.meta.loader.ModuleManager     : Loading package axelor-project...
2026-10-06 20:17:35.988  INFO 8841 --- [           main] com.axelor.meta.loader.ModuleManager     : Loading package axelor-human-resource...
2026-10-06 20:17:35.988  INFO 8841 --- [           main] com.axelor.meta.loader.ModuleManager     : Loading package axelor-crm...
2026-10-06 20:17:35.988  INFO 8841 --- [           main] com.axelor.meta.loader.ModuleManager     : Loading package axelor-sale...
2026-10-06 20:17:35.988  INFO 8841 --- [           main] com.axelor.meta.loader.ModuleManager     : Loading package axelor-purchase...
2026-10-06 20:17:35.988  INFO 8841 --- [           main] com.axelor.meta.loader.ModuleManager     : Loading package axelor-stock...
2026-10-06 20:17:35.988  INFO 8841 --- [           main] com.axelor.meta.loader.ModuleManager     : Loading package axelor-supplychain...
2026-10-06 20:17:35.988  INFO 8841 --- [           main] com.axelor.meta.loader.ModuleManager     : Loading package axelor-contract...
2026-10-06 20:17:35.988  INFO 8841 --- [           main] com.axelor.meta.loader.ModuleManager     : Loading package axelor-budget...
2026-10-06 20:17:35.988  INFO 8841 --- [           main] com.axelor.meta.loader.ModuleManager     : Loading package axelor-cash-management...
2026-10-06 20:17:35.988  INFO 8841 --- [           main] com.axelor.meta.loader.ModuleManager     : Loading package axelor-helpdesk...
2026-10-06 20:17:35.988  INFO 8841 --- [           main] com.axelor.meta.loader.ModuleManager     : Loading package axelor-client-portal...
2026-10-06 20:17:35.988  INFO 8841 --- [           main] com.axelor.meta.loader.ModuleManager     : Loading package axelor-fleet...
2026-10-06 20:17:35.988  INFO 8841 --- [           main] com.axelor.meta.loader.ModuleManager     : Loading package axelor-gdpr...
2026-10-06 20:17:35.988  INFO 8841 --- [           main] com.axelor.meta.loader.ModuleManager     : Loading package axelor-intervention...
2026-10-06 20:17:35.988  INFO 8841 --- [           main] com.axelor.meta.loader.ModuleManager     : Loading package axelor-quality...
2026-10-06 20:17:35.988  INFO 8841 --- [           main] com.axelor.meta.loader.ModuleManager     : Loading package axelor-production...
2026-10-06 20:17:35.988  INFO 8841 --- [           main] com.axelor.meta.loader.ModuleManager     : Loading package axelor-maintenance...
2026-10-06 20:17:35.988  INFO 8841 --- [           main] com.axelor.meta.loader.ModuleManager     : Loading package axelor-marketing...
2026-10-06 20:17:35.988  INFO 8841 --- [           main] com.axelor.meta.loader.ModuleManager     : Loading package axelor-mobile-settings...
2026-10-06 20:17:35.988  INFO 8841 --- [           main] com.axelor.meta.loader.ModuleManager     : Loading package axelor-supplier-management...
2026-10-06 20:17:35.988  INFO 8841 --- [           main] com.axelor.meta.loader.ModuleManager     : Loading package axelor-supplier-portal...
2026-10-06 20:17:35.988  INFO 8841 --- [           main] com.axelor.meta.loader.ModuleManager     : Loading package axelor-talent...
2026-10-06 20:17:35.988  INFO 8841 --- [           main] com.axelor.meta.loader.ModuleManager     : Loading package cencomun-baseline...
2026-10-06 20:17:35.988  INFO 8841 --- [           main] com.axelor.meta.loader.ModuleManager     : Loading package axelor-erp...
2026-10-06 20:17:35.990  INFO 8841 --- [           main] c.a.app.leader.LeaderElectionWorker      : Leader Election Worker started.
2026-10-06 20:17:37.705  INFO 8841 --- [           main] c.a.s.bpm.listener.AppEntityListener     : BPM app state changed: active=false
2026-10-06 20:17:37.712  INFO 8841 --- [           main] c.a.s.b.s.init.ProcessEngineServiceImpl  : Engine removed for tenant: default
2026-10-06 20:17:40.375  INFO 8841 --- [           main] c.a.s.ls.LinkScriptBindingsServiceImpl   : Registering LinkScript function: com.axelor.studio.ls.builtin.LinkScriptRequest.request as request
2026-10-06 20:17:40.375  INFO 8841 --- [           main] c.a.s.ls.LinkScriptBindingsServiceImpl   : Registering LinkScript function: com.axelor.studio.ls.builtin.LinkScriptFunctions.inject as inject
2026-10-06 20:17:40.375  INFO 8841 --- [           main] c.a.s.ls.LinkScriptBindingsServiceImpl   : Registering LinkScript function: com.axelor.studio.ls.builtin.LinkScriptFunctions.echo as echo
2026-10-06 20:17:40.375  INFO 8841 --- [           main] c.a.s.ls.LinkScriptBindingsServiceImpl   : Registering LinkScript function: com.axelor.studio.ls.builtin.LinkScriptFunctions.run as run
2026-10-06 20:17:40.376  INFO 8841 --- [           main] c.a.s.ls.LinkScriptBindingsServiceImpl   : Registering LinkScript binding: com.axelor.studio.ls.LinkScriptService
2026-10-06 20:17:40.376  INFO 8841 --- [           main] c.a.s.ls.LinkScriptBindingsServiceImpl   : Registering LinkScript binding: com.axelor.studio.ls.builtin.LinkScriptLogger.get as __log__
2026-10-06 20:17:40.439  INFO 8841 --- [           main] c.a.s.b.s.init.BpmEngineEventService     : Non-distributed cache, skipping BPM event subscription
2026-10-06 20:17:40.672  INFO 8841 --- [           main] com.axelor.web.AppStartup                : Ready to serve...
2026-10-06 20:19:33.258  INFO 8841 --- [1-18080-exec-10] com.axelor.meta.loader.ModuleManager     : Updating package axelor-core...
2026-10-06 20:19:35.686  INFO 8841 --- [1-18080-exec-10] com.axelor.meta.loader.ModuleManager     : Updating package axelor-web...
2026-10-06 20:19:36.104  INFO 8841 --- [1-18080-exec-10] com.axelor.meta.loader.ModuleManager     : Updating package axelor-utils...
2026-10-06 20:19:36.141  INFO 8841 --- [1-18080-exec-10] com.axelor.meta.loader.ModuleManager     : Updating package axelor-message...
2026-10-06 20:19:36.395  INFO 8841 --- [1-18080-exec-10] com.axelor.meta.loader.ModuleManager     : Updating package axelor-studio...
2026-10-06 20:19:40.503  INFO 8841 --- [1-18080-exec-10] com.axelor.meta.loader.ModuleManager     : Updating package axelor-base...
2026-10-06 20:19:52.163  INFO 8841 --- [1-18080-exec-10] com.axelor.meta.loader.ModuleManager     : Updating package axelor-account...
2026-10-06 20:20:00.206  INFO 8841 --- [1-18080-exec-10] com.axelor.meta.loader.ModuleManager     : Updating package axelor-bank-payment...
2026-10-06 20:20:01.291  INFO 8841 --- [1-18080-exec-10] com.axelor.meta.loader.ModuleManager     : Updating package axelor-project...
2026-10-06 20:20:02.130  INFO 8841 --- [1-18080-exec-10] com.axelor.meta.loader.ModuleManager     : Updating package axelor-human-resource...
2026-10-06 20:20:05.324  INFO 8841 --- [1-18080-exec-10] com.axelor.meta.loader.ModuleManager     : Updating package axelor-crm...
2026-10-06 20:20:06.299  INFO 8841 --- [1-18080-exec-10] com.axelor.meta.loader.ModuleManager     : Updating package axelor-sale...
2026-10-06 20:20:07.382  INFO 8841 --- [1-18080-exec-10] com.axelor.meta.loader.ModuleManager     : Updating package axelor-purchase...
2026-10-06 20:20:07.988  INFO 8841 --- [1-18080-exec-10] com.axelor.meta.loader.ModuleManager     : Updating package axelor-stock...
2026-10-06 20:20:09.481  INFO 8841 --- [1-18080-exec-10] com.axelor.meta.loader.ModuleManager     : Updating package axelor-supplychain...
2026-10-06 20:20:09.772 ERROR 8841 --- [l-6087-thread-4] com.axelor.meta.loader.AbstractLoader    : Duplicate FormView found without 'id': invoice-line-form
2026-10-06 20:20:11.281  INFO 8841 --- [1-18080-exec-10] com.axelor.meta.loader.ModuleManager     : Updating package axelor-contract...
2026-10-06 20:20:11.794  INFO 8841 --- [1-18080-exec-10] com.axelor.meta.loader.ModuleManager     : Updating package axelor-budget...
2026-10-06 20:20:12.523  INFO 8841 --- [1-18080-exec-10] com.axelor.meta.loader.ModuleManager     : Updating package axelor-cash-management...
2026-10-06 20:20:12.688  INFO 8841 --- [1-18080-exec-10] com.axelor.meta.loader.ModuleManager     : Updating package axelor-helpdesk...
2026-10-06 20:20:12.825  INFO 8841 --- [1-18080-exec-10] com.axelor.meta.loader.ModuleManager     : Updating package axelor-client-portal...
2026-10-06 20:20:12.905  INFO 8841 --- [1-18080-exec-10] com.axelor.meta.loader.ModuleManager     : Updating package axelor-fleet...
2026-10-06 20:20:13.036  INFO 8841 --- [1-18080-exec-10] com.axelor.meta.loader.ModuleManager     : Updating package axelor-gdpr...
2026-10-06 20:20:13.146  INFO 8841 --- [1-18080-exec-10] com.axelor.meta.loader.ModuleManager     : Updating package axelor-intervention...
2026-10-06 20:20:13.702  INFO 8841 --- [1-18080-exec-10] com.axelor.meta.loader.ModuleManager     : Updating package axelor-quality...
2026-10-06 20:20:14.447  INFO 8841 --- [1-18080-exec-10] com.axelor.meta.loader.ModuleManager     : Updating package axelor-production...
2026-10-06 20:20:15.057 ERROR 8841 --- [l-6961-thread-2] com.axelor.meta.loader.AbstractLoader    : Duplicate Action found without 'id': action-prod-process-method-compute-hazard-phrases
2026-10-06 20:20:16.626  INFO 8841 --- [1-18080-exec-10] com.axelor.meta.loader.ModuleManager     : Updating package axelor-maintenance...
2026-10-06 20:20:16.756  INFO 8841 --- [1-18080-exec-10] com.axelor.meta.loader.ModuleManager     : Updating package axelor-marketing...
2026-10-06 20:20:16.874  INFO 8841 --- [1-18080-exec-10] com.axelor.meta.loader.ModuleManager     : Updating package axelor-mobile-settings...
2026-10-06 20:20:17.016  INFO 8841 --- [1-18080-exec-10] com.axelor.meta.loader.ModuleManager     : Updating package axelor-supplier-management...
2026-10-06 20:20:17.064  INFO 8841 --- [1-18080-exec-10] com.axelor.meta.loader.ModuleManager     : Updating package axelor-supplier-portal...
2026-10-06 20:20:17.114  INFO 8841 --- [1-18080-exec-10] com.axelor.meta.loader.ModuleManager     : Updating package axelor-talent...
2026-10-06 20:20:17.380  INFO 8841 --- [1-18080-exec-10] com.axelor.meta.loader.ModuleManager     : Updating package cencomun-baseline...
2026-10-06 20:20:17.471  INFO 8841 --- [1-18080-exec-10] com.axelor.meta.loader.ModuleManager     : Updating package axelor-erp...
2026-10-06 20:20:17.702  INFO 8841 --- [1-18080-exec-10] com.axelor.meta.loader.ViewLoader        : Generating computed views...
2026-10-06 20:20:18.310 ERROR 8841 --- [l-7382-thread-2] c.a.m.loader.ComputedViewXmlProcessor    : View user-preferences-form(id=project-user-preferences-form): extend target not found: //field[@name='change']
2026-10-06 20:20:18.313 ERROR 8841 --- [l-7382-thread-1] c.a.m.loader.ComputedViewXmlProcessor    : View message-form(id=base-message-form): extend target not found: //field[@name='$statusSelectTag']
2026-10-06 20:20:18.659 ERROR 8841 --- [1-18080-exec-10] com.axelor.meta.loader.ViewLoader        : Found 2 duplicate item(s): [action-prod-process-method-compute-hazard-phrases, invoice-line-form]
2026-10-06 20:20:18.684  INFO 8841 --- [1-18080-exec-10] com.axelor.meta.web.MetaController       : Restore meta time: 00:00:45
2026-10-06 20:20:43.113 ERROR 8841 --- [1-18080-exec-10] com.axelor.rpc.ResponseInterceptor       : Error: Use the authenticated Cencomun workflow service
2026-10-06 20:20:43.199 ERROR 8841 --- [.1-18080-exec-2] com.axelor.rpc.ResponseInterceptor       : Authorization Error: [Message=You are not authorized to update this resource., User=pilot-operator, Detail=com.axelor.apps.base.db.Product#1]
2026-10-06 20:20:43.775  INFO 8841 --- [.1-18080-exec-1] .a.a.b.s.a.SequenceIncrementExecutorImpl : SequenceIncrementExecutor initialized with single-thread executor
2026-10-06 20:20:43.776  INFO 8841 --- [.1-18080-exec-1] a.a.b.s.a.SequenceReservationServiceImpl : SequenceReservationService initialized with single-thread executor
2026-10-06 20:20:44.072 ERROR 8841 --- [.1-18080-exec-1] c.a.a.b.s.exception.TraceBackService     : java.lang.IllegalArgumentException: Invalid collection item for field: cancelReason
	at com.axelor.rpc.ContextHandler.createOrFind(ContextHandler.java:159)
	at com.axelor.rpc.ContextHandler.validate(ContextHandler.java:172)
	at com.axelor.rpc.ContextHandler.validate(ContextHandler.java:184)
	at com.axelor.rpc.ContextHandler.intercept(ContextHandler.java:292)
	at com.axelor.apps.sale.db.SaleOrder$ByteBuddy$Ifqed6Eq.getCancelReason(Unknown Source)
	at com.axelor.apps.sale.web.SaleOrderController.cancelSaleOrder(SaleOrderController.java:273)
	at com.axelor.apps.sale.web.SaleOrderController$$EnhancerByGuice$$ffffffff80c60d82.GUICE$TRAMPOLINE(<generated>)
	at com.google.inject.internal.InterceptorStackCallback$InterceptedMethodInvocation.proceed(InterceptorStackCallback.java:74)
	at com.axelor.apps.base.module.ControllerMethodInterceptor.invoke(ControllerMethodInterceptor.java:36)
	at com.google.inject.internal.InterceptorStackCallback$InterceptedMethodInvocation.proceed(InterceptorStackCallback.java:75)
	at com.google.inject.internal.InterceptorStackCallback.invoke(InterceptorStackCallback.java:55)
	at com.axelor.apps.sale.web.SaleOrderController$$EnhancerByGuice$$ffffffff80c60d82.cancelSaleOrder(<generated>)
	at java.base/jdk.internal.reflect.DirectMethodHandleAccessor.invoke(DirectMethodHandleAccessor.java:103)
	at java.base/java.lang.reflect.Method.invoke(Method.java:580)
	at com.axelor.meta.ActionHandler.call(ActionHandler.java:230)
	at com.axelor.meta.schema.actions.ActionMethod.evaluate(ActionMethod.java:63)
	at com.axelor.meta.schema.actions.Action.execute(Action.java:89)
	at com.axelor.meta.schema.actions.Action.wrap(Action.java:102)
	at com.axelor.meta.schema.actions.ActionGroup.evaluate(ActionGroup.java:221)
	at com.axelor.meta.schema.actions.Action.execute(Action.java:85)
	at com.axelor.meta.schema.actions.Action.wrap(Action.java:102)
	at com.axelor.meta.ActionHandler.execute(ActionHandler.java:490)
	at com.axelor.meta.ActionExecutor.execute(ActionExecutor.java:44)
	at com.axelor.meta.ActionExecutor$$EnhancerByGuice$$3b6179d.GUICE$TRAMPOLINE(<generated>)
	at com.google.inject.internal.InterceptorStackCallback$InterceptedMethodInvocation.proceed(InterceptorStackCallback.java:74)
	at com.axelor.rpc.ResponseInterceptor.invoke(ResponseInterceptor.java:41)
	at com.google.inject.internal.InterceptorStackCallback$InterceptedMethodInvocation.proceed(InterceptorStackCallback.java:75)
	at com.google.inject.internal.InterceptorStackCallback.invoke(InterceptorStackCallback.java:55)
	at com.axelor.meta.ActionExecutor$$EnhancerByGuice$$3b6179d.execute(<generated>)
	at com.axelor.web.service.ActionService.execute(ActionService.java:106)
	at com.axelor.web.service.ActionService$$EnhancerByGuice$$7893d67.GUICE$TRAMPOLINE(<generated>)
	at com.google.inject.internal.InterceptorStackCallback$InterceptedMethodInvocation.proceed(InterceptorStackCallback.java:74)
	at com.axelor.rpc.RequestFilter.invoke(RequestFilter.java:42)
	at com.google.inject.internal.InterceptorStackCallback$InterceptedMethodInvocation.proceed(InterceptorStackCallback.java:75)
	at com.axelor.rpc.ResponseInterceptor.invoke(ResponseInterceptor.java:50)
	at com.google.inject.internal.InterceptorStackCallback$InterceptedMethodInvocation.proceed(InterceptorStackCallback.java:75)
	at com.google.inject.internal.InterceptorStackCallback.invoke(InterceptorStackCallback.java:55)
	at com.axelor.web.service.ActionService$$EnhancerByGuice$$7893d67.execute(<generated>)
	at java.base/jdk.internal.reflect.DirectMethodHandleAccessor.invoke(DirectMethodHandleAccessor.java:103)
	at java.base/java.lang.reflect.Method.invoke(Method.java:580)
	at org.jboss.resteasy.core.MethodInjectorImpl.invoke(MethodInjectorImpl.java:154)
	at org.jboss.resteasy.core.MethodInjectorImpl.invoke(MethodInjectorImpl.java:118)
	at org.jboss.resteasy.core.ResourceMethodInvoker.internalInvokeOnTarget(ResourceMethodInvoker.java:560)
	at org.jboss.resteasy.core.ResourceMethodInvoker.invokeOnTargetAfterFilter(ResourceMethodInvoker.java:452)
	at org.jboss.resteasy.core.ResourceMethodInvoker.lambda$invokeOnTarget$0(ResourceMethodInvoker.java:413)
	at org.jboss.resteasy.core.interception.jaxrs.PreMatchContainerRequestContext.filter(PreMatchContainerRequestContext.java:321)
	at org.jboss.resteasy.core.ResourceMethodInvoker.invokeOnTarget(ResourceMethodInvoker.java:415)
	at org.jboss.resteasy.core.ResourceMethodInvoker.invoke(ResourceMethodInvoker.java:378)
	at org.jboss.resteasy.core.ResourceMethodInvoker.invoke(ResourceMethodInvoker.java:356)
	at org.jboss.resteasy.core.ResourceMethodInvoker.invoke(ResourceMethodInvoker.java:70)
	at org.jboss.resteasy.core.SynchronousDispatcher.invoke(SynchronousDispatcher.java:434)
	at org.jboss.resteasy.core.SynchronousDispatcher.lambda$invoke$0(SynchronousDispatcher.java:245)
	at org.jboss.resteasy.core.SynchronousDispatcher.lambda$preprocess$0(SynchronousDispatcher.java:159)
	at org.jboss.resteasy.core.interception.jaxrs.PreMatchContainerRequestContext.filter(PreMatchContainerRequestContext.java:321)
	at org.jboss.resteasy.core.SynchronousDispatcher.preprocess(SynchronousDispatcher.java:162)
	at org.jboss.resteasy.core.SynchronousDispatcher.invoke(SynchronousDispatcher.java:234)
	at org.jboss.resteasy.plugins.server.servlet.ServletContainerDispatcher.service(ServletContainerDispatcher.java:222)
	at org.jboss.resteasy.plugins.server.servlet.HttpServletDispatcher.service(HttpServletDispatcher.java:55)
	at org.jboss.resteasy.plugins.server.servlet.HttpServletDispatcher.service(HttpServletDispatcher.java:51)
	at jakarta.servlet.http.HttpServlet.service(HttpServlet.java:723)
	at org.apache.catalina.core.ApplicationFilterChain.internalDoFilter(ApplicationFilterChain.java:197)
	at org.apache.catalina.core.ApplicationFilterChain.doFilter(ApplicationFilterChain.java:142)
	at org.apache.tomcat.websocket.server.WsFilter.doFilter(WsFilter.java:57)
	at org.apache.catalina.core.ApplicationFilterChain.internalDoFilter(ApplicationFilterChain.java:166)
	at org.apache.catalina.core.ApplicationFilterChain.doFilter(ApplicationFilterChain.java:142)
	at com.google.inject.servlet.FilterChainInvocation.doFilter(FilterChainInvocation.java:89)
	at com.axelor.web.servlet.MaintenanceFilter.doFilter(MaintenanceFilter.java:49)
	at com.google.inject.servlet.FilterChainInvocation.doFilter(FilterChainInvocation.java:82)
	at org.apache.shiro.guice.web.SimpleFilterChain.doFilter(SimpleFilterChain.java:48)
	at org.pac4j.jee.filter.SecurityFilter.lambda$internalFilter$0(SecurityFilter.java:84)
	at org.pac4j.core.engine.DefaultSecurityLogic.perform(DefaultSecurityLogic.java:151)
	at org.pac4j.jee.filter.SecurityFilter.internalFilter(SecurityFilter.java:82)
	at org.pac4j.jee.config.AbstractConfigFilter.doFilter(AbstractConfigFilter.java:92)
	at org.apache.shiro.guice.web.SimpleFilterChain.doFilter(SimpleFilterChain.java:45)
	at com.axelor.auth.pac4j.SessionInfoFilter.doFilterInternal(SessionInfoFilter.java:42)
	at org.apache.shiro.web.servlet.OncePerRequestFilter.doFilter(OncePerRequestFilter.java:156)
	at org.apache.shiro.guice.web.SimpleFilterChain.doFilter(SimpleFilterChain.java:45)
	at org.apache.shiro.web.servlet.AdviceFilter.executeChain(AdviceFilter.java:109)
	at org.apache.shiro.web.servlet.AdviceFilter.doFilterInternal(AdviceFilter.java:138)
	at org.apache.shiro.web.servlet.OncePerRequestFilter.doFilter(OncePerRequestFilter.java:156)
	at org.apache.shiro.guice.web.SimpleFilterChain.doFilter(SimpleFilterChain.java:45)
	at org.apache.shiro.web.servlet.AbstractShiroFilter.executeChain(AbstractShiroFilter.java:463)
	at org.apache.shiro.web.servlet.AbstractShiroFilter.lambda$doFilterInternal$0(AbstractShiroFilter.java:378)
	at org.apache.shiro.subject.support.SubjectCallable.doCall(SubjectCallable.java:91)
	at org.apache.shiro.subject.support.SubjectCallable.call(SubjectCallable.java:84)
	at org.apache.shiro.subject.support.DelegatingSubject.execute(DelegatingSubject.java:389)
	at org.apache.shiro.web.servlet.AbstractShiroFilter.doFilterInternal(AbstractShiroFilter.java:376)
	at org.apache.shiro.web.servlet.OncePerRequestFilter.doFilter(OncePerRequestFilter.java:156)
	at com.google.inject.servlet.FilterChainInvocation.doFilter(FilterChainInvocation.java:82)
	at com.axelor.app.internal.AppFilter.doFilter(AppFilter.java:86)
	at com.google.inject.servlet.FilterChainInvocation.doFilter(FilterChainInvocation.java:82)
	at com.google.inject.persist.PersistFilter.doFilter(PersistFilter.java:94)
	at com.google.inject.servlet.FilterChainInvocation.doFilter(FilterChainInvocation.java:82)
	at com.axelor.db.tenants.TenantFilter.doFilter(TenantFilter.java:69)
	at com.google.inject.servlet.FilterChainInvocation.doFilter(FilterChainInvocation.java:82)
	at com.axelor.web.servlet.CorsFilter.doFilter(CorsFilter.java:124)
	at com.google.inject.servlet.FilterChainInvocation.doFilter(FilterChainInvocation.java:82)
	at com.axelor.web.servlet.ProxyFilter.doFilter(ProxyFilter.java:34)
	at com.google.inject.servlet.FilterChainInvocation.doFilter(FilterChainInvocation.java:82)
	at com.google.inject.servlet.ManagedFilterPipeline.dispatch(ManagedFilterPipeline.java:121)
	at com.google.inject.servlet.GuiceFilter.doFilter(GuiceFilter.java:133)
	at org.apache.catalina.core.ApplicationFilterChain.internalDoFilter(ApplicationFilterChain.java:166)
	at org.apache.catalina.core.ApplicationFilterChain.doFilter(ApplicationFilterChain.java:142)
	at org.apache.catalina.core.StandardWrapperValve.invoke(StandardWrapperValve.java:165)
	at org.apache.catalina.core.StandardContextValve.invoke(StandardContextValve.java:88)
	at org.apache.catalina.authenticator.AuthenticatorBase.invoke(AuthenticatorBase.java:535)
	at org.apache.catalina.core.StandardHostValve.invoke(StandardHostValve.java:115)
	at org.apache.catalina.valves.ErrorReportValve.invoke(ErrorReportValve.java:86)
	at org.apache.catalina.core.StandardEngineValve.invoke(StandardEngineValve.java:71)
	at org.apache.catalina.connector.CoyoteAdapter.service(CoyoteAdapter.java:348)
	at org.apache.coyote.http11.Http11Processor.service(Http11Processor.java:408)
	at org.apache.coyote.AbstractProcessorLight.process(AbstractProcessorLight.java:71)
	at org.apache.coyote.AbstractProtocol$ConnectionHandler.process(AbstractProtocol.java:1307)
	at org.apache.tomcat.util.net.NioEndpoint$SocketProcessor.doRun(NioEndpoint.java:2032)
	at org.apache.tomcat.util.net.SocketProcessorBase.run(SocketProcessorBase.java:74)
	at org.apache.tomcat.util.threads.ThreadPoolExecutor.runWorker(ThreadPoolExecutor.java:976)
	at org.apache.tomcat.util.threads.ThreadPoolExecutor$Worker.run(ThreadPoolExecutor.java:494)
	at org.apache.tomcat.util.threads.TaskThread$WrappingRunnable.run(TaskThread.java:80)
	at java.base/java.lang.Thread.run(Thread.java:1583)

2026-10-06 20:21:00.664 ERROR 8841 --- [1-18080-exec-10] com.axelor.rpc.ResponseInterceptor       : Error: Use the authenticated Cencomun workflow service
2026-10-06 20:21:00.707 ERROR 8841 --- [.1-18080-exec-2] com.axelor.rpc.ResponseInterceptor       : Authorization Error: [Message=You are not authorized to update this resource., User=pilot-operator, Detail=com.axelor.apps.base.db.Product#1]
2026-10-06 20:21:00.846 ERROR 8841 --- [.1-18080-exec-1] c.a.a.b.s.exception.TraceBackService     : jakarta.ws.rs.ForbiddenException: Permission denied: authenticated Core workflow required for native writes
	at com.cencomun.core.CoreNativeScope.require(CoreNativeScope.java:10)
	at com.cencomun.core.CoreNativePermissionInterceptor.invoke(CoreNativePermissionInterceptor.java:9)
	at com.google.inject.persist.jpa.JpaLocalTxnInterceptor.invoke(JpaLocalTxnInterceptor.java:66)
	at com.axelor.apps.sale.web.SaleOrderController.cancelSaleOrder(SaleOrderController.java:271)
	at com.axelor.apps.base.module.ControllerMethodInterceptor.invoke(ControllerMethodInterceptor.java:36)
	at java.base/jdk.internal.reflect.DirectMethodHandleAccessor.invoke(DirectMethodHandleAccessor.java:103)
	at java.base/java.lang.reflect.Method.invoke(Method.java:580)
	at com.axelor.meta.ActionHandler.call(ActionHandler.java:230)
	at com.axelor.meta.schema.actions.ActionMethod.evaluate(ActionMethod.java:63)
	at com.axelor.meta.schema.actions.Action.execute(Action.java:89)
	at com.axelor.meta.schema.actions.Action.wrap(Action.java:102)
	at com.axelor.meta.schema.actions.ActionGroup.evaluate(ActionGroup.java:221)
	at com.axelor.meta.schema.actions.Action.execute(Action.java:85)
	at com.axelor.meta.schema.actions.Action.wrap(Action.java:102)
	at com.axelor.meta.ActionHandler.execute(ActionHandler.java:490)
	at com.axelor.meta.ActionExecutor.execute(ActionExecutor.java:44)
	at com.axelor.rpc.ResponseInterceptor.invoke(ResponseInterceptor.java:41)
	at com.axelor.web.service.ActionService.execute(ActionService.java:106)
	at com.axelor.rpc.RequestFilter.invoke(RequestFilter.java:42)
	at com.axelor.rpc.ResponseInterceptor.invoke(ResponseInterceptor.java:50)
	at java.base/jdk.internal.reflect.DirectMethodHandleAccessor.invoke(DirectMethodHandleAccessor.java:103)
	at java.base/java.lang.reflect.Method.invoke(Method.java:580)
	at org.jboss.resteasy.core.MethodInjectorImpl.invoke(MethodInjectorImpl.java:154)
	at org.jboss.resteasy.core.MethodInjectorImpl.invoke(MethodInjectorImpl.java:118)
	at org.jboss.resteasy.core.ResourceMethodInvoker.internalInvokeOnTarget(ResourceMethodInvoker.java:560)
	at org.jboss.resteasy.core.ResourceMethodInvoker.invokeOnTargetAfterFilter(ResourceMethodInvoker.java:452)
	at org.jboss.resteasy.core.ResourceMethodInvoker.lambda$invokeOnTarget$0(ResourceMethodInvoker.java:413)
	at org.jboss.resteasy.core.interception.jaxrs.PreMatchContainerRequestContext.filter(PreMatchContainerRequestContext.java:321)
	at org.jboss.resteasy.core.ResourceMethodInvoker.invokeOnTarget(ResourceMethodInvoker.java:415)
	at org.jboss.resteasy.core.ResourceMethodInvoker.invoke(ResourceMethodInvoker.java:378)
	at org.jboss.resteasy.core.ResourceMethodInvoker.invoke(ResourceMethodInvoker.java:356)
	at org.jboss.resteasy.core.ResourceMethodInvoker.invoke(ResourceMethodInvoker.java:70)
	at org.jboss.resteasy.core.SynchronousDispatcher.invoke(SynchronousDispatcher.java:434)
	at org.jboss.resteasy.core.SynchronousDispatcher.lambda$invoke$0(SynchronousDispatcher.java:245)
	at org.jboss.resteasy.core.SynchronousDispatcher.lambda$preprocess$0(SynchronousDispatcher.java:159)
	at org.jboss.resteasy.core.interception.jaxrs.PreMatchContainerRequestContext.filter(PreMatchContainerRequestContext.java:321)
	at org.jboss.resteasy.core.SynchronousDispatcher.preprocess(SynchronousDispatcher.java:162)
	at org.jboss.resteasy.core.SynchronousDispatcher.invoke(SynchronousDispatcher.java:234)
	at org.jboss.resteasy.plugins.server.servlet.ServletContainerDispatcher.service(ServletContainerDispatcher.java:222)
	at org.jboss.resteasy.plugins.server.servlet.HttpServletDispatcher.service(HttpServletDispatcher.java:55)
	at org.jboss.resteasy.plugins.server.servlet.HttpServletDispatcher.service(HttpServletDispatcher.java:51)
	at jakarta.servlet.http.HttpServlet.service(HttpServlet.java:723)
	at org.apache.catalina.core.ApplicationFilterChain.internalDoFilter(ApplicationFilterChain.java:197)
	at org.apache.catalina.core.ApplicationFilterChain.doFilter(ApplicationFilterChain.java:142)
	at org.apache.tomcat.websocket.server.WsFilter.doFilter(WsFilter.java:57)
	at org.apache.catalina.core.ApplicationFilterChain.internalDoFilter(ApplicationFilterChain.java:166)
	at org.apache.catalina.core.ApplicationFilterChain.doFilter(ApplicationFilterChain.java:142)
	at com.google.inject.servlet.FilterChainInvocation.doFilter(FilterChainInvocation.java:89)
	at com.axelor.web.servlet.MaintenanceFilter.doFilter(MaintenanceFilter.java:49)
	at com.google.inject.servlet.FilterChainInvocation.doFilter(FilterChainInvocation.java:82)
	at org.apache.shiro.guice.web.SimpleFilterChain.doFilter(SimpleFilterChain.java:48)
	at org.pac4j.jee.filter.SecurityFilter.lambda$internalFilter$0(SecurityFilter.java:84)
	at org.pac4j.core.engine.DefaultSecurityLogic.perform(DefaultSecurityLogic.java:151)
	at org.pac4j.jee.filter.SecurityFilter.internalFilter(SecurityFilter.java:82)
	at org.pac4j.jee.config.AbstractConfigFilter.doFilter(AbstractConfigFilter.java:92)
	at org.apache.shiro.guice.web.SimpleFilterChain.doFilter(SimpleFilterChain.java:45)
	at com.axelor.auth.pac4j.SessionInfoFilter.doFilterInternal(SessionInfoFilter.java:42)
	at org.apache.shiro.web.servlet.OncePerRequestFilter.doFilter(OncePerRequestFilter.java:156)
	at org.apache.shiro.guice.web.SimpleFilterChain.doFilter(SimpleFilterChain.java:45)
	at org.apache.shiro.web.servlet.AdviceFilter.executeChain(AdviceFilter.java:109)
	at org.apache.shiro.web.servlet.AdviceFilter.doFilterInternal(AdviceFilter.java:138)
	at org.apache.shiro.web.servlet.OncePerRequestFilter.doFilter(OncePerRequestFilter.java:156)
	at org.apache.shiro.guice.web.SimpleFilterChain.doFilter(SimpleFilterChain.java:45)
	at org.apache.shiro.web.servlet.AbstractShiroFilter.executeChain(AbstractShiroFilter.java:463)
	at org.apache.shiro.web.servlet.AbstractShiroFilter.lambda$doFilterInternal$0(AbstractShiroFilter.java:378)
	at org.apache.shiro.subject.support.SubjectCallable.doCall(SubjectCallable.java:91)
	at org.apache.shiro.subject.support.SubjectCallable.call(SubjectCallable.java:84)
	at org.apache.shiro.subject.support.DelegatingSubject.execute(DelegatingSubject.java:389)
	at org.apache.shiro.web.servlet.AbstractShiroFilter.doFilterInternal(AbstractShiroFilter.java:376)
	at org.apache.shiro.web.servlet.OncePerRequestFilter.doFilter(OncePerRequestFilter.java:156)
	at com.google.inject.servlet.FilterChainInvocation.doFilter(FilterChainInvocation.java:82)
	at com.axelor.app.internal.AppFilter.doFilter(AppFilter.java:86)
	at com.google.inject.servlet.FilterChainInvocation.doFilter(FilterChainInvocation.java:82)
	at com.google.inject.persist.PersistFilter.doFilter(PersistFilter.java:94)
	at com.google.inject.servlet.FilterChainInvocation.doFilter(FilterChainInvocation.java:82)
	at com.axelor.db.tenants.TenantFilter.doFilter(TenantFilter.java:69)
	at com.google.inject.servlet.FilterChainInvocation.doFilter(FilterChainInvocation.java:82)
	at com.axelor.web.servlet.CorsFilter.doFilter(CorsFilter.java:124)
	at com.google.inject.servlet.FilterChainInvocation.doFilter(FilterChainInvocation.java:82)
	at com.axelor.web.servlet.ProxyFilter.doFilter(ProxyFilter.java:34)
	at com.google.inject.servlet.FilterChainInvocation.doFilter(FilterChainInvocation.java:82)
	at com.google.inject.servlet.ManagedFilterPipeline.dispatch(ManagedFilterPipeline.java:121)
	at com.google.inject.servlet.GuiceFilter.doFilter(GuiceFilter.java:133)
	at org.apache.catalina.core.ApplicationFilterChain.internalDoFilter(ApplicationFilterChain.java:166)
	at org.apache.catalina.core.ApplicationFilterChain.doFilter(ApplicationFilterChain.java:142)
	at org.apache.catalina.core.StandardWrapperValve.invoke(StandardWrapperValve.java:165)
	at org.apache.catalina.core.StandardContextValve.invoke(StandardContextValve.java:88)
	at org.apache.catalina.authenticator.AuthenticatorBase.invoke(AuthenticatorBase.java:535)
	at org.apache.catalina.core.StandardHostValve.invoke(StandardHostValve.java:115)
	at org.apache.catalina.valves.ErrorReportValve.invoke(ErrorReportValve.java:86)
	at org.apache.catalina.core.StandardEngineValve.invoke(StandardEngineValve.java:71)
	at org.apache.catalina.connector.CoyoteAdapter.service(CoyoteAdapter.java:348)
	at org.apache.coyote.http11.Http11Processor.service(Http11Processor.java:408)
	at org.apache.coyote.AbstractProcessorLight.process(AbstractProcessorLight.java:71)
	at org.apache.coyote.AbstractProtocol$ConnectionHandler.process(AbstractProtocol.java:1307)
	at org.apache.tomcat.util.net.NioEndpoint$SocketProcessor.doRun(NioEndpoint.java:2032)
	at org.apache.tomcat.util.net.SocketProcessorBase.run(SocketProcessorBase.java:74)
	at org.apache.tomcat.util.threads.ThreadPoolExecutor.runWorker(ThreadPoolExecutor.java:976)
	at org.apache.tomcat.util.threads.ThreadPoolExecutor$Worker.run(ThreadPoolExecutor.java:494)
	at org.apache.tomcat.util.threads.TaskThread$WrappingRunnable.run(TaskThread.java:80)
	at java.base/java.lang.Thread.run(Thread.java:1583)

2026-10-06 20:21:11.729 ERROR 8841 --- [.1-18080-exec-8] com.axelor.rpc.ResponseInterceptor       : Error: Use the authenticated Cencomun workflow service
2026-10-06 20:21:11.773 ERROR 8841 --- [.1-18080-exec-6] com.axelor.rpc.ResponseInterceptor       : Authorization Error: [Message=You are not authorized to update this resource., User=pilot-operator, Detail=com.axelor.apps.base.db.Product#1]
2026-10-06 20:21:11.885 ERROR 8841 --- [.1-18080-exec-2] c.a.a.b.s.exception.TraceBackService     : jakarta.ws.rs.ForbiddenException: Permission denied: authenticated Core workflow required for native writes
	at com.cencomun.core.CoreNativeScope.require(CoreNativeScope.java:10)
	at com.cencomun.core.CoreNativePermissionInterceptor.invoke(CoreNativePermissionInterceptor.java:9)
	at com.google.inject.persist.jpa.JpaLocalTxnInterceptor.invoke(JpaLocalTxnInterceptor.java:66)
	at com.axelor.apps.sale.web.SaleOrderController.cancelSaleOrder(SaleOrderController.java:271)
	at com.axelor.apps.base.module.ControllerMethodInterceptor.invoke(ControllerMethodInterceptor.java:36)
	at java.base/jdk.internal.reflect.DirectMethodHandleAccessor.invoke(DirectMethodHandleAccessor.java:103)
	at java.base/java.lang.reflect.Method.invoke(Method.java:580)
	at com.axelor.meta.ActionHandler.call(ActionHandler.java:230)
	at com.axelor.meta.schema.actions.ActionMethod.evaluate(ActionMethod.java:63)
	at com.axelor.meta.schema.actions.Action.execute(Action.java:89)
	at com.axelor.meta.schema.actions.Action.wrap(Action.java:102)
	at com.axelor.meta.schema.actions.ActionGroup.evaluate(ActionGroup.java:221)
	at com.axelor.meta.schema.actions.Action.execute(Action.java:85)
	at com.axelor.meta.schema.actions.Action.wrap(Action.java:102)
	at com.axelor.meta.ActionHandler.execute(ActionHandler.java:490)
	at com.axelor.meta.ActionExecutor.execute(ActionExecutor.java:44)
	at com.axelor.rpc.ResponseInterceptor.invoke(ResponseInterceptor.java:41)
	at com.axelor.web.service.ActionService.execute(ActionService.java:106)
	at com.axelor.rpc.RequestFilter.invoke(RequestFilter.java:42)
	at com.axelor.rpc.ResponseInterceptor.invoke(ResponseInterceptor.java:50)
	at java.base/jdk.internal.reflect.DirectMethodHandleAccessor.invoke(DirectMethodHandleAccessor.java:103)
	at java.base/java.lang.reflect.Method.invoke(Method.java:580)
	at org.jboss.resteasy.core.MethodInjectorImpl.invoke(MethodInjectorImpl.java:154)
	at org.jboss.resteasy.core.MethodInjectorImpl.invoke(MethodInjectorImpl.java:118)
	at org.jboss.resteasy.core.ResourceMethodInvoker.internalInvokeOnTarget(ResourceMethodInvoker.java:560)
	at org.jboss.resteasy.core.ResourceMethodInvoker.invokeOnTargetAfterFilter(ResourceMethodInvoker.java:452)
	at org.jboss.resteasy.core.ResourceMethodInvoker.lambda$invokeOnTarget$0(ResourceMethodInvoker.java:413)
	at org.jboss.resteasy.core.interception.jaxrs.PreMatchContainerRequestContext.filter(PreMatchContainerRequestContext.java:321)
	at org.jboss.resteasy.core.ResourceMethodInvoker.invokeOnTarget(ResourceMethodInvoker.java:415)
	at org.jboss.resteasy.core.ResourceMethodInvoker.invoke(ResourceMethodInvoker.java:378)
	at org.jboss.resteasy.core.ResourceMethodInvoker.invoke(ResourceMethodInvoker.java:356)
	at org.jboss.resteasy.core.ResourceMethodInvoker.invoke(ResourceMethodInvoker.java:70)
	at org.jboss.resteasy.core.SynchronousDispatcher.invoke(SynchronousDispatcher.java:434)
	at org.jboss.resteasy.core.SynchronousDispatcher.lambda$invoke$0(SynchronousDispatcher.java:245)
	at org.jboss.resteasy.core.SynchronousDispatcher.lambda$preprocess$0(SynchronousDispatcher.java:159)
	at org.jboss.resteasy.core.interception.jaxrs.PreMatchContainerRequestContext.filter(PreMatchContainerRequestContext.java:321)
	at org.jboss.resteasy.core.SynchronousDispatcher.preprocess(SynchronousDispatcher.java:162)
	at org.jboss.resteasy.core.SynchronousDispatcher.invoke(SynchronousDispatcher.java:234)
	at org.jboss.resteasy.plugins.server.servlet.ServletContainerDispatcher.service(ServletContainerDispatcher.java:222)
	at org.jboss.resteasy.plugins.server.servlet.HttpServletDispatcher.service(HttpServletDispatcher.java:55)
	at org.jboss.resteasy.plugins.server.servlet.HttpServletDispatcher.service(HttpServletDispatcher.java:51)
	at jakarta.servlet.http.HttpServlet.service(HttpServlet.java:723)
	at org.apache.catalina.core.ApplicationFilterChain.internalDoFilter(ApplicationFilterChain.java:197)
	at org.apache.catalina.core.ApplicationFilterChain.doFilter(ApplicationFilterChain.java:142)
	at org.apache.tomcat.websocket.server.WsFilter.doFilter(WsFilter.java:57)
	at org.apache.catalina.core.ApplicationFilterChain.internalDoFilter(ApplicationFilterChain.java:166)
	at org.apache.catalina.core.ApplicationFilterChain.doFilter(ApplicationFilterChain.java:142)
	at com.google.inject.servlet.FilterChainInvocation.doFilter(FilterChainInvocation.java:89)
	at com.axelor.web.servlet.MaintenanceFilter.doFilter(MaintenanceFilter.java:49)
	at com.google.inject.servlet.FilterChainInvocation.doFilter(FilterChainInvocation.java:82)
	at org.apache.shiro.guice.web.SimpleFilterChain.doFilter(SimpleFilterChain.java:48)
	at org.pac4j.jee.filter.SecurityFilter.lambda$internalFilter$0(SecurityFilter.java:84)
	at org.pac4j.core.engine.DefaultSecurityLogic.perform(DefaultSecurityLogic.java:151)
	at org.pac4j.jee.filter.SecurityFilter.internalFilter(SecurityFilter.java:82)
	at org.pac4j.jee.config.AbstractConfigFilter.doFilter(AbstractConfigFilter.java:92)
	at org.apache.shiro.guice.web.SimpleFilterChain.doFilter(SimpleFilterChain.java:45)
	at com.axelor.auth.pac4j.SessionInfoFilter.doFilterInternal(SessionInfoFilter.java:42)
	at org.apache.shiro.web.servlet.OncePerRequestFilter.doFilter(OncePerRequestFilter.java:156)
	at org.apache.shiro.guice.web.SimpleFilterChain.doFilter(SimpleFilterChain.java:45)
	at org.apache.shiro.web.servlet.AdviceFilter.executeChain(AdviceFilter.java:109)
	at org.apache.shiro.web.servlet.AdviceFilter.doFilterInternal(AdviceFilter.java:138)
	at org.apache.shiro.web.servlet.OncePerRequestFilter.doFilter(OncePerRequestFilter.java:156)
	at org.apache.shiro.guice.web.SimpleFilterChain.doFilter(SimpleFilterChain.java:45)
	at org.apache.shiro.web.servlet.AbstractShiroFilter.executeChain(AbstractShiroFilter.java:463)
	at org.apache.shiro.web.servlet.AbstractShiroFilter.lambda$doFilterInternal$0(AbstractShiroFilter.java:378)
	at org.apache.shiro.subject.support.SubjectCallable.doCall(SubjectCallable.java:91)
	at org.apache.shiro.subject.support.SubjectCallable.call(SubjectCallable.java:84)
	at org.apache.shiro.subject.support.DelegatingSubject.execute(DelegatingSubject.java:389)
	at org.apache.shiro.web.servlet.AbstractShiroFilter.doFilterInternal(AbstractShiroFilter.java:376)
	at org.apache.shiro.web.servlet.OncePerRequestFilter.doFilter(OncePerRequestFilter.java:156)
	at com.google.inject.servlet.FilterChainInvocation.doFilter(FilterChainInvocation.java:82)
	at com.axelor.app.internal.AppFilter.doFilter(AppFilter.java:86)
	at com.google.inject.servlet.FilterChainInvocation.doFilter(FilterChainInvocation.java:82)
	at com.google.inject.persist.PersistFilter.doFilter(PersistFilter.java:94)
	at com.google.inject.servlet.FilterChainInvocation.doFilter(FilterChainInvocation.java:82)
	at com.axelor.db.tenants.TenantFilter.doFilter(TenantFilter.java:69)
	at com.google.inject.servlet.FilterChainInvocation.doFilter(FilterChainInvocation.java:82)
	at com.axelor.web.servlet.CorsFilter.doFilter(CorsFilter.java:124)
	at com.google.inject.servlet.FilterChainInvocation.doFilter(FilterChainInvocation.java:82)
	at com.axelor.web.servlet.ProxyFilter.doFilter(ProxyFilter.java:34)
	at com.google.inject.servlet.FilterChainInvocation.doFilter(FilterChainInvocation.java:82)
	at com.google.inject.servlet.ManagedFilterPipeline.dispatch(ManagedFilterPipeline.java:121)
	at com.google.inject.servlet.GuiceFilter.doFilter(GuiceFilter.java:133)
	at org.apache.catalina.core.ApplicationFilterChain.internalDoFilter(ApplicationFilterChain.java:166)
	at org.apache.catalina.core.ApplicationFilterChain.doFilter(ApplicationFilterChain.java:142)
	at org.apache.catalina.core.StandardWrapperValve.invoke(StandardWrapperValve.java:165)
	at org.apache.catalina.core.StandardContextValve.invoke(StandardContextValve.java:88)
	at org.apache.catalina.authenticator.AuthenticatorBase.invoke(AuthenticatorBase.java:535)
	at org.apache.catalina.core.StandardHostValve.invoke(StandardHostValve.java:115)
	at org.apache.catalina.valves.ErrorReportValve.invoke(ErrorReportValve.java:86)
	at org.apache.catalina.core.StandardEngineValve.invoke(StandardEngineValve.java:71)
	at org.apache.catalina.connector.CoyoteAdapter.service(CoyoteAdapter.java:348)
	at org.apache.coyote.http11.Http11Processor.service(Http11Processor.java:408)
	at org.apache.coyote.AbstractProcessorLight.process(AbstractProcessorLight.java:71)
	at org.apache.coyote.AbstractProtocol$ConnectionHandler.process(AbstractProtocol.java:1307)
	at org.apache.tomcat.util.net.NioEndpoint$SocketProcessor.doRun(NioEndpoint.java:2032)
	at org.apache.tomcat.util.net.SocketProcessorBase.run(SocketProcessorBase.java:74)
	at org.apache.tomcat.util.threads.ThreadPoolExecutor.runWorker(ThreadPoolExecutor.java:976)
	at org.apache.tomcat.util.threads.ThreadPoolExecutor$Worker.run(ThreadPoolExecutor.java:494)
	at org.apache.tomcat.util.threads.TaskThread$WrappingRunnable.run(TaskThread.java:80)
	at java.base/java.lang.Thread.run(Thread.java:1583)

2026-10-06 20:21:11.906 ERROR 8841 --- [.1-18080-exec-1] com.axelor.meta.ActionHandler            : null
java.lang.reflect.InvocationTargetException
	at java.base/jdk.internal.reflect.DirectMethodHandleAccessor.invoke(DirectMethodHandleAccessor.java:118)
	at java.base/java.lang.reflect.Method.invoke(Method.java:580)
	at com.axelor.meta.ActionHandler.call(ActionHandler.java:230)
	at com.axelor.meta.schema.actions.ActionMethod.evaluate(ActionMethod.java:63)
	at com.axelor.meta.schema.actions.Action.execute(Action.java:89)
	at com.axelor.meta.schema.actions.Action.wrap(Action.java:102)
	at com.axelor.meta.schema.actions.ActionGroup.evaluate(ActionGroup.java:221)
	at com.axelor.meta.schema.actions.Action.execute(Action.java:85)
	at com.axelor.meta.schema.actions.Action.wrap(Action.java:102)
	at com.axelor.meta.ActionHandler.execute(ActionHandler.java:490)
	at com.axelor.meta.ActionExecutor.execute(ActionExecutor.java:44)
	at com.axelor.meta.ActionExecutor$$EnhancerByGuice$$3b6179d.GUICE$TRAMPOLINE(<generated>)
	at com.google.inject.internal.InterceptorStackCallback$InterceptedMethodInvocation.proceed(InterceptorStackCallback.java:74)
	at com.axelor.rpc.ResponseInterceptor.invoke(ResponseInterceptor.java:41)
	at com.google.inject.internal.InterceptorStackCallback$InterceptedMethodInvocation.proceed(InterceptorStackCallback.java:75)
	at com.google.inject.internal.InterceptorStackCallback.invoke(InterceptorStackCallback.java:55)
	at com.axelor.meta.ActionExecutor$$EnhancerByGuice$$3b6179d.execute(<generated>)
	at com.axelor.web.service.ActionService.execute(ActionService.java:106)
	at com.axelor.web.service.ActionService$$EnhancerByGuice$$7893d67.GUICE$TRAMPOLINE(<generated>)
	at com.google.inject.internal.InterceptorStackCallback$InterceptedMethodInvocation.proceed(InterceptorStackCallback.java:74)
	at com.axelor.rpc.RequestFilter.invoke(RequestFilter.java:42)
	at com.google.inject.internal.InterceptorStackCallback$InterceptedMethodInvocation.proceed(InterceptorStackCallback.java:75)
	at com.axelor.rpc.ResponseInterceptor.invoke(ResponseInterceptor.java:50)
	at com.google.inject.internal.InterceptorStackCallback$InterceptedMethodInvocation.proceed(InterceptorStackCallback.java:75)
	at com.google.inject.internal.InterceptorStackCallback.invoke(InterceptorStackCallback.java:55)
	at com.axelor.web.service.ActionService$$EnhancerByGuice$$7893d67.execute(<generated>)
	at java.base/jdk.internal.reflect.DirectMethodHandleAccessor.invoke(DirectMethodHandleAccessor.java:103)
	at java.base/java.lang.reflect.Method.invoke(Method.java:580)
	at org.jboss.resteasy.core.MethodInjectorImpl.invoke(MethodInjectorImpl.java:154)
	at org.jboss.resteasy.core.MethodInjectorImpl.invoke(MethodInjectorImpl.java:118)
	at org.jboss.resteasy.core.ResourceMethodInvoker.internalInvokeOnTarget(ResourceMethodInvoker.java:560)
	at org.jboss.resteasy.core.ResourceMethodInvoker.invokeOnTargetAfterFilter(ResourceMethodInvoker.java:452)
	at org.jboss.resteasy.core.ResourceMethodInvoker.lambda$invokeOnTarget$0(ResourceMethodInvoker.java:413)
	at org.jboss.resteasy.core.interception.jaxrs.PreMatchContainerRequestContext.filter(PreMatchContainerRequestContext.java:321)
	at org.jboss.resteasy.core.ResourceMethodInvoker.invokeOnTarget(ResourceMethodInvoker.java:415)
	at org.jboss.resteasy.core.ResourceMethodInvoker.invoke(ResourceMethodInvoker.java:378)
	at org.jboss.resteasy.core.ResourceMethodInvoker.invoke(ResourceMethodInvoker.java:356)
	at org.jboss.resteasy.core.ResourceMethodInvoker.invoke(ResourceMethodInvoker.java:70)
	at org.jboss.resteasy.core.SynchronousDispatcher.invoke(SynchronousDispatcher.java:434)
	at org.jboss.resteasy.core.SynchronousDispatcher.lambda$invoke$0(SynchronousDispatcher.java:245)
	at org.jboss.resteasy.core.SynchronousDispatcher.lambda$preprocess$0(SynchronousDispatcher.java:159)
	at org.jboss.resteasy.core.interception.jaxrs.PreMatchContainerRequestContext.filter(PreMatchContainerRequestContext.java:321)
	at org.jboss.resteasy.core.SynchronousDispatcher.preprocess(SynchronousDispatcher.java:162)
	at org.jboss.resteasy.core.SynchronousDispatcher.invoke(SynchronousDispatcher.java:234)
	at org.jboss.resteasy.plugins.server.servlet.ServletContainerDispatcher.service(ServletContainerDispatcher.java:222)
	at org.jboss.resteasy.plugins.server.servlet.HttpServletDispatcher.service(HttpServletDispatcher.java:55)
	at org.jboss.resteasy.plugins.server.servlet.HttpServletDispatcher.service(HttpServletDispatcher.java:51)
	at jakarta.servlet.http.HttpServlet.service(HttpServlet.java:723)
	at org.apache.catalina.core.ApplicationFilterChain.internalDoFilter(ApplicationFilterChain.java:197)
	at org.apache.catalina.core.ApplicationFilterChain.doFilter(ApplicationFilterChain.java:142)
	at org.apache.tomcat.websocket.server.WsFilter.doFilter(WsFilter.java:57)
	at org.apache.catalina.core.ApplicationFilterChain.internalDoFilter(ApplicationFilterChain.java:166)
	at org.apache.catalina.core.ApplicationFilterChain.doFilter(ApplicationFilterChain.java:142)
	at com.google.inject.servlet.FilterChainInvocation.doFilter(FilterChainInvocation.java:89)
	at com.axelor.web.servlet.MaintenanceFilter.doFilter(MaintenanceFilter.java:49)
	at com.google.inject.servlet.FilterChainInvocation.doFilter(FilterChainInvocation.java:82)
	at org.apache.shiro.guice.web.SimpleFilterChain.doFilter(SimpleFilterChain.java:48)
	at org.pac4j.jee.filter.SecurityFilter.lambda$internalFilter$0(SecurityFilter.java:84)
	at org.pac4j.core.engine.DefaultSecurityLogic.perform(DefaultSecurityLogic.java:151)
	at org.pac4j.jee.filter.SecurityFilter.internalFilter(SecurityFilter.java:82)
	at org.pac4j.jee.config.AbstractConfigFilter.doFilter(AbstractConfigFilter.java:92)
	at org.apache.shiro.guice.web.SimpleFilterChain.doFilter(SimpleFilterChain.java:45)
	at com.axelor.auth.pac4j.SessionInfoFilter.doFilterInternal(SessionInfoFilter.java:42)
	at org.apache.shiro.web.servlet.OncePerRequestFilter.doFilter(OncePerRequestFilter.java:156)
	at org.apache.shiro.guice.web.SimpleFilterChain.doFilter(SimpleFilterChain.java:45)
	at org.apache.shiro.web.servlet.AdviceFilter.executeChain(AdviceFilter.java:109)
	at org.apache.shiro.web.servlet.AdviceFilter.doFilterInternal(AdviceFilter.java:138)
	at org.apache.shiro.web.servlet.OncePerRequestFilter.doFilter(OncePerRequestFilter.java:156)
	at org.apache.shiro.guice.web.SimpleFilterChain.doFilter(SimpleFilterChain.java:45)
	at org.apache.shiro.web.servlet.AbstractShiroFilter.executeChain(AbstractShiroFilter.java:463)
	at org.apache.shiro.web.servlet.AbstractShiroFilter.lambda$doFilterInternal$0(AbstractShiroFilter.java:378)
	at org.apache.shiro.subject.support.SubjectCallable.doCall(SubjectCallable.java:91)
	at org.apache.shiro.subject.support.SubjectCallable.call(SubjectCallable.java:84)
	at org.apache.shiro.subject.support.DelegatingSubject.execute(DelegatingSubject.java:389)
	at org.apache.shiro.web.servlet.AbstractShiroFilter.doFilterInternal(AbstractShiroFilter.java:376)
	at org.apache.shiro.web.servlet.OncePerRequestFilter.doFilter(OncePerRequestFilter.java:156)
	at com.google.inject.servlet.FilterChainInvocation.doFilter(FilterChainInvocation.java:82)
	at com.axelor.app.internal.AppFilter.doFilter(AppFilter.java:86)
	at com.google.inject.servlet.FilterChainInvocation.doFilter(FilterChainInvocation.java:82)
	at com.google.inject.persist.PersistFilter.doFilter(PersistFilter.java:94)
	at com.google.inject.servlet.FilterChainInvocation.doFilter(FilterChainInvocation.java:82)
	at com.axelor.db.tenants.TenantFilter.doFilter(TenantFilter.java:69)
	at com.google.inject.servlet.FilterChainInvocation.doFilter(FilterChainInvocation.java:82)
	at com.axelor.web.servlet.CorsFilter.doFilter(CorsFilter.java:124)
	at com.google.inject.servlet.FilterChainInvocation.doFilter(FilterChainInvocation.java:82)
	at com.axelor.web.servlet.ProxyFilter.doFilter(ProxyFilter.java:34)
	at com.google.inject.servlet.FilterChainInvocation.doFilter(FilterChainInvocation.java:82)
	at com.google.inject.servlet.ManagedFilterPipeline.dispatch(ManagedFilterPipeline.java:121)
	at com.google.inject.servlet.GuiceFilter.doFilter(GuiceFilter.java:133)
	at org.apache.catalina.core.ApplicationFilterChain.internalDoFilter(ApplicationFilterChain.java:166)
	at org.apache.catalina.core.ApplicationFilterChain.doFilter(ApplicationFilterChain.java:142)
	at org.apache.catalina.core.StandardWrapperValve.invoke(StandardWrapperValve.java:165)
	at org.apache.catalina.core.StandardContextValve.invoke(StandardContextValve.java:88)
	at org.apache.catalina.authenticator.AuthenticatorBase.invoke(AuthenticatorBase.java:535)
	at org.apache.catalina.core.StandardHostValve.invoke(StandardHostValve.java:115)
	at org.apache.catalina.valves.ErrorReportValve.invoke(ErrorReportValve.java:86)
	at org.apache.catalina.core.StandardEngineValve.invoke(StandardEngineValve.java:71)
	at org.apache.catalina.connector.CoyoteAdapter.service(CoyoteAdapter.java:348)
	at org.apache.coyote.http11.Http11Processor.service(Http11Processor.java:408)
	at org.apache.coyote.AbstractProcessorLight.process(AbstractProcessorLight.java:71)
	at org.apache.coyote.AbstractProtocol$ConnectionHandler.process(AbstractProtocol.java:1307)
	at org.apache.tomcat.util.net.NioEndpoint$SocketProcessor.doRun(NioEndpoint.java:2032)
	at org.apache.tomcat.util.net.SocketProcessorBase.run(SocketProcessorBase.java:74)
	at org.apache.tomcat.util.threads.ThreadPoolExecutor.runWorker(ThreadPoolExecutor.java:976)
	at org.apache.tomcat.util.threads.ThreadPoolExecutor$Worker.run(ThreadPoolExecutor.java:494)
	at org.apache.tomcat.util.threads.TaskThread$WrappingRunnable.run(TaskThread.java:80)
	at java.base/java.lang.Thread.run(Thread.java:1583)
Caused by: com.cencomun.core.CoreFault: Pilot role denied: cancel
	at com.cencomun.core.PilotPolicy.actor(PilotPolicy.java:17)
	at com.cencomun.core.PilotService.actor(PilotService.java:29)
	at com.cencomun.core.PilotService.act(PilotService.java:126)
	at com.google.inject.persist.jpa.JpaLocalTxnInterceptor.invoke(JpaLocalTxnInterceptor.java:66)
	at com.cencomun.core.PilotController.action(PilotController.java:28)
	at com.cencomun.core.PilotController.cancel(PilotController.java:33)
	at java.base/jdk.internal.reflect.DirectMethodHandleAccessor.invoke(DirectMethodHandleAccessor.java:103)
	at java.base/java.lang.reflect.Method.invoke(Method.java:580)
	at com.axelor.meta.ActionHandler.call(ActionHandler.java:230)
	at com.axelor.meta.schema.actions.ActionMethod.evaluate(ActionMethod.java:63)
	at com.axelor.meta.schema.actions.Action.execute(Action.java:89)
	at com.axelor.meta.schema.actions.Action.wrap(Action.java:102)
	at com.axelor.meta.schema.actions.ActionGroup.evaluate(ActionGroup.java:221)
	at com.axelor.meta.schema.actions.Action.execute(Action.java:85)
	at com.axelor.meta.schema.actions.Action.wrap(Action.java:102)
	at com.axelor.meta.ActionHandler.execute(ActionHandler.java:490)
	at com.axelor.meta.ActionExecutor.execute(ActionExecutor.java:44)
	at com.axelor.rpc.ResponseInterceptor.invoke(ResponseInterceptor.java:41)
	at com.axelor.web.service.ActionService.execute(ActionService.java:106)
	at com.axelor.rpc.RequestFilter.invoke(RequestFilter.java:42)
	at com.axelor.rpc.ResponseInterceptor.invoke(ResponseInterceptor.java:50)
	... 81 common frames omitted
2026-10-06 20:21:11.920 ERROR 8841 --- [.1-18080-exec-3] com.axelor.meta.ActionHandler            : null
java.lang.reflect.InvocationTargetException
	at java.base/jdk.internal.reflect.DirectMethodHandleAccessor.invoke(DirectMethodHandleAccessor.java:118)
	at java.base/java.lang.reflect.Method.invoke(Method.java:580)
	at com.axelor.meta.ActionHandler.call(ActionHandler.java:230)
	at com.axelor.meta.schema.actions.ActionMethod.evaluate(ActionMethod.java:63)
	at com.axelor.meta.schema.actions.Action.execute(Action.java:89)
	at com.axelor.meta.schema.actions.Action.wrap(Action.java:102)
	at com.axelor.meta.schema.actions.ActionGroup.evaluate(ActionGroup.java:221)
	at com.axelor.meta.schema.actions.Action.execute(Action.java:85)
	at com.axelor.meta.schema.actions.Action.wrap(Action.java:102)
	at com.axelor.meta.ActionHandler.execute(ActionHandler.java:490)
	at com.axelor.meta.ActionExecutor.execute(ActionExecutor.java:44)
	at com.axelor.meta.ActionExecutor$$EnhancerByGuice$$3b6179d.GUICE$TRAMPOLINE(<generated>)
	at com.google.inject.internal.InterceptorStackCallback$InterceptedMethodInvocation.proceed(InterceptorStackCallback.java:74)
	at com.axelor.rpc.ResponseInterceptor.invoke(ResponseInterceptor.java:41)
	at com.google.inject.internal.InterceptorStackCallback$InterceptedMethodInvocation.proceed(InterceptorStackCallback.java:75)
	at com.google.inject.internal.InterceptorStackCallback.invoke(InterceptorStackCallback.java:55)
	at com.axelor.meta.ActionExecutor$$EnhancerByGuice$$3b6179d.execute(<generated>)
	at com.axelor.web.service.ActionService.execute(ActionService.java:106)
	at com.axelor.web.service.ActionService$$EnhancerByGuice$$7893d67.GUICE$TRAMPOLINE(<generated>)
	at com.google.inject.internal.InterceptorStackCallback$InterceptedMethodInvocation.proceed(InterceptorStackCallback.java:74)
	at com.axelor.rpc.RequestFilter.invoke(RequestFilter.java:42)
	at com.google.inject.internal.InterceptorStackCallback$InterceptedMethodInvocation.proceed(InterceptorStackCallback.java:75)
	at com.axelor.rpc.ResponseInterceptor.invoke(ResponseInterceptor.java:50)
	at com.google.inject.internal.InterceptorStackCallback$InterceptedMethodInvocation.proceed(InterceptorStackCallback.java:75)
	at com.google.inject.internal.InterceptorStackCallback.invoke(InterceptorStackCallback.java:55)
	at com.axelor.web.service.ActionService$$EnhancerByGuice$$7893d67.execute(<generated>)
	at java.base/jdk.internal.reflect.DirectMethodHandleAccessor.invoke(DirectMethodHandleAccessor.java:103)
	at java.base/java.lang.reflect.Method.invoke(Method.java:580)
	at org.jboss.resteasy.core.MethodInjectorImpl.invoke(MethodInjectorImpl.java:154)
	at org.jboss.resteasy.core.MethodInjectorImpl.invoke(MethodInjectorImpl.java:118)
	at org.jboss.resteasy.core.ResourceMethodInvoker.internalInvokeOnTarget(ResourceMethodInvoker.java:560)
	at org.jboss.resteasy.core.ResourceMethodInvoker.invokeOnTargetAfterFilter(ResourceMethodInvoker.java:452)
	at org.jboss.resteasy.core.ResourceMethodInvoker.lambda$invokeOnTarget$0(ResourceMethodInvoker.java:413)
	at org.jboss.resteasy.core.interception.jaxrs.PreMatchContainerRequestContext.filter(PreMatchContainerRequestContext.java:321)
	at org.jboss.resteasy.core.ResourceMethodInvoker.invokeOnTarget(ResourceMethodInvoker.java:415)
	at org.jboss.resteasy.core.ResourceMethodInvoker.invoke(ResourceMethodInvoker.java:378)
	at org.jboss.resteasy.core.ResourceMethodInvoker.invoke(ResourceMethodInvoker.java:356)
	at org.jboss.resteasy.core.ResourceMethodInvoker.invoke(ResourceMethodInvoker.java:70)
	at org.jboss.resteasy.core.SynchronousDispatcher.invoke(SynchronousDispatcher.java:434)
	at org.jboss.resteasy.core.SynchronousDispatcher.lambda$invoke$0(SynchronousDispatcher.java:245)
	at org.jboss.resteasy.core.SynchronousDispatcher.lambda$preprocess$0(SynchronousDispatcher.java:159)
	at org.jboss.resteasy.core.interception.jaxrs.PreMatchContainerRequestContext.filter(PreMatchContainerRequestContext.java:321)
	at org.jboss.resteasy.core.SynchronousDispatcher.preprocess(SynchronousDispatcher.java:162)
	at org.jboss.resteasy.core.SynchronousDispatcher.invoke(SynchronousDispatcher.java:234)
	at org.jboss.resteasy.plugins.server.servlet.ServletContainerDispatcher.service(ServletContainerDispatcher.java:222)
	at org.jboss.resteasy.plugins.server.servlet.HttpServletDispatcher.service(HttpServletDispatcher.java:55)
	at org.jboss.resteasy.plugins.server.servlet.HttpServletDispatcher.service(HttpServletDispatcher.java:51)
	at jakarta.servlet.http.HttpServlet.service(HttpServlet.java:723)
	at org.apache.catalina.core.ApplicationFilterChain.internalDoFilter(ApplicationFilterChain.java:197)
	at org.apache.catalina.core.ApplicationFilterChain.doFilter(ApplicationFilterChain.java:142)
	at org.apache.tomcat.websocket.server.WsFilter.doFilter(WsFilter.java:57)
	at org.apache.catalina.core.ApplicationFilterChain.internalDoFilter(ApplicationFilterChain.java:166)
	at org.apache.catalina.core.ApplicationFilterChain.doFilter(ApplicationFilterChain.java:142)
	at com.google.inject.servlet.FilterChainInvocation.doFilter(FilterChainInvocation.java:89)
	at com.axelor.web.servlet.MaintenanceFilter.doFilter(MaintenanceFilter.java:49)
	at com.google.inject.servlet.FilterChainInvocation.doFilter(FilterChainInvocation.java:82)
	at org.apache.shiro.guice.web.SimpleFilterChain.doFilter(SimpleFilterChain.java:48)
	at org.pac4j.jee.filter.SecurityFilter.lambda$internalFilter$0(SecurityFilter.java:84)
	at org.pac4j.core.engine.DefaultSecurityLogic.perform(DefaultSecurityLogic.java:151)
	at org.pac4j.jee.filter.SecurityFilter.internalFilter(SecurityFilter.java:82)
	at org.pac4j.jee.config.AbstractConfigFilter.doFilter(AbstractConfigFilter.java:92)
	at org.apache.shiro.guice.web.SimpleFilterChain.doFilter(SimpleFilterChain.java:45)
	at com.axelor.auth.pac4j.SessionInfoFilter.doFilterInternal(SessionInfoFilter.java:42)
	at org.apache.shiro.web.servlet.OncePerRequestFilter.doFilter(OncePerRequestFilter.java:156)
	at org.apache.shiro.guice.web.SimpleFilterChain.doFilter(SimpleFilterChain.java:45)
	at org.apache.shiro.web.servlet.AdviceFilter.executeChain(AdviceFilter.java:109)
	at org.apache.shiro.web.servlet.AdviceFilter.doFilterInternal(AdviceFilter.java:138)
	at org.apache.shiro.web.servlet.OncePerRequestFilter.doFilter(OncePerRequestFilter.java:156)
	at org.apache.shiro.guice.web.SimpleFilterChain.doFilter(SimpleFilterChain.java:45)
	at org.apache.shiro.web.servlet.AbstractShiroFilter.executeChain(AbstractShiroFilter.java:463)
	at org.apache.shiro.web.servlet.AbstractShiroFilter.lambda$doFilterInternal$0(AbstractShiroFilter.java:378)
	at org.apache.shiro.subject.support.SubjectCallable.doCall(SubjectCallable.java:91)
	at org.apache.shiro.subject.support.SubjectCallable.call(SubjectCallable.java:84)
	at org.apache.shiro.subject.support.DelegatingSubject.execute(DelegatingSubject.java:389)
	at org.apache.shiro.web.servlet.AbstractShiroFilter.doFilterInternal(AbstractShiroFilter.java:376)
	at org.apache.shiro.web.servlet.OncePerRequestFilter.doFilter(OncePerRequestFilter.java:156)
	at com.google.inject.servlet.FilterChainInvocation.doFilter(FilterChainInvocation.java:82)
	at com.axelor.app.internal.AppFilter.doFilter(AppFilter.java:86)
	at com.google.inject.servlet.FilterChainInvocation.doFilter(FilterChainInvocation.java:82)
	at com.google.inject.persist.PersistFilter.doFilter(PersistFilter.java:94)
	at com.google.inject.servlet.FilterChainInvocation.doFilter(FilterChainInvocation.java:82)
	at com.axelor.db.tenants.TenantFilter.doFilter(TenantFilter.java:69)
	at com.google.inject.servlet.FilterChainInvocation.doFilter(FilterChainInvocation.java:82)
	at com.axelor.web.servlet.CorsFilter.doFilter(CorsFilter.java:124)
	at com.google.inject.servlet.FilterChainInvocation.doFilter(FilterChainInvocation.java:82)
	at com.axelor.web.servlet.ProxyFilter.doFilter(ProxyFilter.java:34)
	at com.google.inject.servlet.FilterChainInvocation.doFilter(FilterChainInvocation.java:82)
	at com.google.inject.servlet.ManagedFilterPipeline.dispatch(ManagedFilterPipeline.java:121)
	at com.google.inject.servlet.GuiceFilter.doFilter(GuiceFilter.java:133)
	at org.apache.catalina.core.ApplicationFilterChain.internalDoFilter(ApplicationFilterChain.java:166)
	at org.apache.catalina.core.ApplicationFilterChain.doFilter(ApplicationFilterChain.java:142)
	at org.apache.catalina.core.StandardWrapperValve.invoke(StandardWrapperValve.java:165)
	at org.apache.catalina.core.StandardContextValve.invoke(StandardContextValve.java:88)
	at org.apache.catalina.authenticator.AuthenticatorBase.invoke(AuthenticatorBase.java:535)
	at org.apache.catalina.core.StandardHostValve.invoke(StandardHostValve.java:115)
	at org.apache.catalina.valves.ErrorReportValve.invoke(ErrorReportValve.java:86)
	at org.apache.catalina.core.StandardEngineValve.invoke(StandardEngineValve.java:71)
	at org.apache.catalina.connector.CoyoteAdapter.service(CoyoteAdapter.java:348)
	at org.apache.coyote.http11.Http11Processor.service(Http11Processor.java:408)
	at org.apache.coyote.AbstractProcessorLight.process(AbstractProcessorLight.java:71)
	at org.apache.coyote.AbstractProtocol$ConnectionHandler.process(AbstractProtocol.java:1307)
	at org.apache.tomcat.util.net.NioEndpoint$SocketProcessor.doRun(NioEndpoint.java:2032)
	at org.apache.tomcat.util.net.SocketProcessorBase.run(SocketProcessorBase.java:74)
	at org.apache.tomcat.util.threads.ThreadPoolExecutor.runWorker(ThreadPoolExecutor.java:976)
	at org.apache.tomcat.util.threads.ThreadPoolExecutor$Worker.run(ThreadPoolExecutor.java:494)
	at org.apache.tomcat.util.threads.TaskThread$WrappingRunnable.run(TaskThread.java:80)
	at java.base/java.lang.Thread.run(Thread.java:1583)
Caused by: com.cencomun.core.CoreFault: Pilot role denied: settle
	at com.cencomun.core.PilotPolicy.actor(PilotPolicy.java:17)
	at com.cencomun.core.PilotService.actor(PilotService.java:29)
	at com.cencomun.core.PilotService.act(PilotService.java:126)
	at com.google.inject.persist.jpa.JpaLocalTxnInterceptor.invoke(JpaLocalTxnInterceptor.java:66)
	at com.cencomun.core.PilotController.action(PilotController.java:28)
	at com.cencomun.core.PilotController.settle(PilotController.java:34)
	at java.base/jdk.internal.reflect.DirectMethodHandleAccessor.invoke(DirectMethodHandleAccessor.java:103)
	at java.base/java.lang.reflect.Method.invoke(Method.java:580)
	at com.axelor.meta.ActionHandler.call(ActionHandler.java:230)
	at com.axelor.meta.schema.actions.ActionMethod.evaluate(ActionMethod.java:63)
	at com.axelor.meta.schema.actions.Action.execute(Action.java:89)
	at com.axelor.meta.schema.actions.Action.wrap(Action.java:102)
	at com.axelor.meta.schema.actions.ActionGroup.evaluate(ActionGroup.java:221)
	at com.axelor.meta.schema.actions.Action.execute(Action.java:85)
	at com.axelor.meta.schema.actions.Action.wrap(Action.java:102)
	at com.axelor.meta.ActionHandler.execute(ActionHandler.java:490)
	at com.axelor.meta.ActionExecutor.execute(ActionExecutor.java:44)
	at com.axelor.rpc.ResponseInterceptor.invoke(ResponseInterceptor.java:41)
	at com.axelor.web.service.ActionService.execute(ActionService.java:106)
	at com.axelor.rpc.RequestFilter.invoke(RequestFilter.java:42)
	at com.axelor.rpc.ResponseInterceptor.invoke(ResponseInterceptor.java:50)
	... 81 common frames omitted
2026-10-06 20:21:11.930 ERROR 8841 --- [.1-18080-exec-9] com.axelor.meta.ActionHandler            : null
java.lang.reflect.InvocationTargetException
	at java.base/jdk.internal.reflect.DirectMethodHandleAccessor.invoke(DirectMethodHandleAccessor.java:118)
	at java.base/java.lang.reflect.Method.invoke(Method.java:580)
	at com.axelor.meta.ActionHandler.call(ActionHandler.java:230)
	at com.axelor.meta.schema.actions.ActionMethod.evaluate(ActionMethod.java:63)
	at com.axelor.meta.schema.actions.Action.execute(Action.java:89)
	at com.axelor.meta.schema.actions.Action.wrap(Action.java:102)
	at com.axelor.meta.schema.actions.ActionGroup.evaluate(ActionGroup.java:221)
	at com.axelor.meta.schema.actions.Action.execute(Action.java:85)
	at com.axelor.meta.schema.actions.Action.wrap(Action.java:102)
	at com.axelor.meta.ActionHandler.execute(ActionHandler.java:490)
	at com.axelor.meta.ActionExecutor.execute(ActionExecutor.java:44)
	at com.axelor.meta.ActionExecutor$$EnhancerByGuice$$3b6179d.GUICE$TRAMPOLINE(<generated>)
	at com.google.inject.internal.InterceptorStackCallback$InterceptedMethodInvocation.proceed(InterceptorStackCallback.java:74)
	at com.axelor.rpc.ResponseInterceptor.invoke(ResponseInterceptor.java:41)
	at com.google.inject.internal.InterceptorStackCallback$InterceptedMethodInvocation.proceed(InterceptorStackCallback.java:75)
	at com.google.inject.internal.InterceptorStackCallback.invoke(InterceptorStackCallback.java:55)
	at com.axelor.meta.ActionExecutor$$EnhancerByGuice$$3b6179d.execute(<generated>)
	at com.axelor.web.service.ActionService.execute(ActionService.java:106)
	at com.axelor.web.service.ActionService$$EnhancerByGuice$$7893d67.GUICE$TRAMPOLINE(<generated>)
	at com.google.inject.internal.InterceptorStackCallback$InterceptedMethodInvocation.proceed(InterceptorStackCallback.java:74)
	at com.axelor.rpc.RequestFilter.invoke(RequestFilter.java:42)
	at com.google.inject.internal.InterceptorStackCallback$InterceptedMethodInvocation.proceed(InterceptorStackCallback.java:75)
	at com.axelor.rpc.ResponseInterceptor.invoke(ResponseInterceptor.java:50)
	at com.google.inject.internal.InterceptorStackCallback$InterceptedMethodInvocation.proceed(InterceptorStackCallback.java:75)
	at com.google.inject.internal.InterceptorStackCallback.invoke(InterceptorStackCallback.java:55)
	at com.axelor.web.service.ActionService$$EnhancerByGuice$$7893d67.execute(<generated>)
	at java.base/jdk.internal.reflect.DirectMethodHandleAccessor.invoke(DirectMethodHandleAccessor.java:103)
	at java.base/java.lang.reflect.Method.invoke(Method.java:580)
	at org.jboss.resteasy.core.MethodInjectorImpl.invoke(MethodInjectorImpl.java:154)
	at org.jboss.resteasy.core.MethodInjectorImpl.invoke(MethodInjectorImpl.java:118)
	at org.jboss.resteasy.core.ResourceMethodInvoker.internalInvokeOnTarget(ResourceMethodInvoker.java:560)
	at org.jboss.resteasy.core.ResourceMethodInvoker.invokeOnTargetAfterFilter(ResourceMethodInvoker.java:452)
	at org.jboss.resteasy.core.ResourceMethodInvoker.lambda$invokeOnTarget$0(ResourceMethodInvoker.java:413)
	at org.jboss.resteasy.core.interception.jaxrs.PreMatchContainerRequestContext.filter(PreMatchContainerRequestContext.java:321)
	at org.jboss.resteasy.core.ResourceMethodInvoker.invokeOnTarget(ResourceMethodInvoker.java:415)
	at org.jboss.resteasy.core.ResourceMethodInvoker.invoke(ResourceMethodInvoker.java:378)
	at org.jboss.resteasy.core.ResourceMethodInvoker.invoke(ResourceMethodInvoker.java:356)
	at org.jboss.resteasy.core.ResourceMethodInvoker.invoke(ResourceMethodInvoker.java:70)
	at org.jboss.resteasy.core.SynchronousDispatcher.invoke(SynchronousDispatcher.java:434)
	at org.jboss.resteasy.core.SynchronousDispatcher.lambda$invoke$0(SynchronousDispatcher.java:245)
	at org.jboss.resteasy.core.SynchronousDispatcher.lambda$preprocess$0(SynchronousDispatcher.java:159)
	at org.jboss.resteasy.core.interception.jaxrs.PreMatchContainerRequestContext.filter(PreMatchContainerRequestContext.java:321)
	at org.jboss.resteasy.core.SynchronousDispatcher.preprocess(SynchronousDispatcher.java:162)
	at org.jboss.resteasy.core.SynchronousDispatcher.invoke(SynchronousDispatcher.java:234)
	at org.jboss.resteasy.plugins.server.servlet.ServletContainerDispatcher.service(ServletContainerDispatcher.java:222)
	at org.jboss.resteasy.plugins.server.servlet.HttpServletDispatcher.service(HttpServletDispatcher.java:55)
	at org.jboss.resteasy.plugins.server.servlet.HttpServletDispatcher.service(HttpServletDispatcher.java:51)
	at jakarta.servlet.http.HttpServlet.service(HttpServlet.java:723)
	at org.apache.catalina.core.ApplicationFilterChain.internalDoFilter(ApplicationFilterChain.java:197)
	at org.apache.catalina.core.ApplicationFilterChain.doFilter(ApplicationFilterChain.java:142)
	at org.apache.tomcat.websocket.server.WsFilter.doFilter(WsFilter.java:57)
	at org.apache.catalina.core.ApplicationFilterChain.internalDoFilter(ApplicationFilterChain.java:166)
	at org.apache.catalina.core.ApplicationFilterChain.doFilter(ApplicationFilterChain.java:142)
	at com.google.inject.servlet.FilterChainInvocation.doFilter(FilterChainInvocation.java:89)
	at com.axelor.web.servlet.MaintenanceFilter.doFilter(MaintenanceFilter.java:49)
	at com.google.inject.servlet.FilterChainInvocation.doFilter(FilterChainInvocation.java:82)
	at org.apache.shiro.guice.web.SimpleFilterChain.doFilter(SimpleFilterChain.java:48)
	at org.pac4j.jee.filter.SecurityFilter.lambda$internalFilter$0(SecurityFilter.java:84)
	at org.pac4j.core.engine.DefaultSecurityLogic.perform(DefaultSecurityLogic.java:151)
	at org.pac4j.jee.filter.SecurityFilter.internalFilter(SecurityFilter.java:82)
	at org.pac4j.jee.config.AbstractConfigFilter.doFilter(AbstractConfigFilter.java:92)
	at org.apache.shiro.guice.web.SimpleFilterChain.doFilter(SimpleFilterChain.java:45)
	at com.axelor.auth.pac4j.SessionInfoFilter.doFilterInternal(SessionInfoFilter.java:42)
	at org.apache.shiro.web.servlet.OncePerRequestFilter.doFilter(OncePerRequestFilter.java:156)
	at org.apache.shiro.guice.web.SimpleFilterChain.doFilter(SimpleFilterChain.java:45)
	at org.apache.shiro.web.servlet.AdviceFilter.executeChain(AdviceFilter.java:109)
	at org.apache.shiro.web.servlet.AdviceFilter.doFilterInternal(AdviceFilter.java:138)
	at org.apache.shiro.web.servlet.OncePerRequestFilter.doFilter(OncePerRequestFilter.java:156)
	at org.apache.shiro.guice.web.SimpleFilterChain.doFilter(SimpleFilterChain.java:45)
	at org.apache.shiro.web.servlet.AbstractShiroFilter.executeChain(AbstractShiroFilter.java:463)
	at org.apache.shiro.web.servlet.AbstractShiroFilter.lambda$doFilterInternal$0(AbstractShiroFilter.java:378)
	at org.apache.shiro.subject.support.SubjectCallable.doCall(SubjectCallable.java:91)
	at org.apache.shiro.subject.support.SubjectCallable.call(SubjectCallable.java:84)
	at org.apache.shiro.subject.support.DelegatingSubject.execute(DelegatingSubject.java:389)
	at org.apache.shiro.web.servlet.AbstractShiroFilter.doFilterInternal(AbstractShiroFilter.java:376)
	at org.apache.shiro.web.servlet.OncePerRequestFilter.doFilter(OncePerRequestFilter.java:156)
	at com.google.inject.servlet.FilterChainInvocation.doFilter(FilterChainInvocation.java:82)
	at com.axelor.app.internal.AppFilter.doFilter(AppFilter.java:86)
	at com.google.inject.servlet.FilterChainInvocation.doFilter(FilterChainInvocation.java:82)
	at com.google.inject.persist.PersistFilter.doFilter(PersistFilter.java:94)
	at com.google.inject.servlet.FilterChainInvocation.doFilter(FilterChainInvocation.java:82)
	at com.axelor.db.tenants.TenantFilter.doFilter(TenantFilter.java:69)
	at com.google.inject.servlet.FilterChainInvocation.doFilter(FilterChainInvocation.java:82)
	at com.axelor.web.servlet.CorsFilter.doFilter(CorsFilter.java:124)
	at com.google.inject.servlet.FilterChainInvocation.doFilter(FilterChainInvocation.java:82)
	at com.axelor.web.servlet.ProxyFilter.doFilter(ProxyFilter.java:34)
	at com.google.inject.servlet.FilterChainInvocation.doFilter(FilterChainInvocation.java:82)
	at com.google.inject.servlet.ManagedFilterPipeline.dispatch(ManagedFilterPipeline.java:121)
	at com.google.inject.servlet.GuiceFilter.doFilter(GuiceFilter.java:133)
	at org.apache.catalina.core.ApplicationFilterChain.internalDoFilter(ApplicationFilterChain.java:166)
	at org.apache.catalina.core.ApplicationFilterChain.doFilter(ApplicationFilterChain.java:142)
	at org.apache.catalina.core.StandardWrapperValve.invoke(StandardWrapperValve.java:165)
	at org.apache.catalina.core.StandardContextValve.invoke(StandardContextValve.java:88)
	at org.apache.catalina.authenticator.AuthenticatorBase.invoke(AuthenticatorBase.java:535)
	at org.apache.catalina.core.StandardHostValve.invoke(StandardHostValve.java:115)
	at org.apache.catalina.valves.ErrorReportValve.invoke(ErrorReportValve.java:86)
	at org.apache.catalina.core.StandardEngineValve.invoke(StandardEngineValve.java:71)
	at org.apache.catalina.connector.CoyoteAdapter.service(CoyoteAdapter.java:348)
	at org.apache.coyote.http11.Http11Processor.service(Http11Processor.java:408)
	at org.apache.coyote.AbstractProcessorLight.process(AbstractProcessorLight.java:71)
	at org.apache.coyote.AbstractProtocol$ConnectionHandler.process(AbstractProtocol.java:1307)
	at org.apache.tomcat.util.net.NioEndpoint$SocketProcessor.doRun(NioEndpoint.java:2032)
	at org.apache.tomcat.util.net.SocketProcessorBase.run(SocketProcessorBase.java:74)
	at org.apache.tomcat.util.threads.ThreadPoolExecutor.runWorker(ThreadPoolExecutor.java:976)
	at org.apache.tomcat.util.threads.ThreadPoolExecutor$Worker.run(ThreadPoolExecutor.java:494)
	at org.apache.tomcat.util.threads.TaskThread$WrappingRunnable.run(TaskThread.java:80)
	at java.base/java.lang.Thread.run(Thread.java:1583)
Caused by: com.cencomun.core.CoreFault: Pilot role denied: close
	at com.cencomun.core.PilotPolicy.actor(PilotPolicy.java:17)
	at com.cencomun.core.PilotService.actor(PilotService.java:29)
	at com.cencomun.core.PilotService.close(PilotService.java:199)
	at com.google.inject.persist.jpa.JpaLocalTxnInterceptor.invoke(JpaLocalTxnInterceptor.java:66)
	at com.cencomun.core.PilotController.close(PilotController.java:42)
	at java.base/jdk.internal.reflect.DirectMethodHandleAccessor.invoke(DirectMethodHandleAccessor.java:103)
	at java.base/java.lang.reflect.Method.invoke(Method.java:580)
	at com.axelor.meta.ActionHandler.call(ActionHandler.java:230)
	at com.axelor.meta.schema.actions.ActionMethod.evaluate(ActionMethod.java:63)
	at com.axelor.meta.schema.actions.Action.execute(Action.java:89)
	at com.axelor.meta.schema.actions.Action.wrap(Action.java:102)
	at com.axelor.meta.schema.actions.ActionGroup.evaluate(ActionGroup.java:221)
	at com.axelor.meta.schema.actions.Action.execute(Action.java:85)
	at com.axelor.meta.schema.actions.Action.wrap(Action.java:102)
	at com.axelor.meta.ActionHandler.execute(ActionHandler.java:490)
	at com.axelor.meta.ActionExecutor.execute(ActionExecutor.java:44)
	at com.axelor.rpc.ResponseInterceptor.invoke(ResponseInterceptor.java:41)
	at com.axelor.web.service.ActionService.execute(ActionService.java:106)
	at com.axelor.rpc.RequestFilter.invoke(RequestFilter.java:42)
	at com.axelor.rpc.ResponseInterceptor.invoke(ResponseInterceptor.java:50)
	... 81 common frames omitted
2026-10-06 20:21:12.063 ERROR 8841 --- [.1-18080-exec-8] com.axelor.rpc.ResponseInterceptor       : Error: Use the authenticated Cencomun workflow service
2026-10-06 20:21:12.093 ERROR 8841 --- [.1-18080-exec-6] com.axelor.rpc.ResponseInterceptor       : Authorization Error: [Message=You are not authorized to update this resource., User=pilot-supervisor, Detail=com.axelor.apps.base.db.Product#1]
2026-10-06 20:21:12.185 ERROR 8841 --- [.1-18080-exec-2] c.a.a.b.s.exception.TraceBackService     : jakarta.ws.rs.ForbiddenException: Permission denied: authenticated Core workflow required for native writes
	at com.cencomun.core.CoreNativeScope.require(CoreNativeScope.java:10)
	at com.cencomun.core.CoreNativePermissionInterceptor.invoke(CoreNativePermissionInterceptor.java:9)
	at com.google.inject.persist.jpa.JpaLocalTxnInterceptor.invoke(JpaLocalTxnInterceptor.java:66)
	at com.axelor.apps.sale.web.SaleOrderController.cancelSaleOrder(SaleOrderController.java:271)
	at com.axelor.apps.base.module.ControllerMethodInterceptor.invoke(ControllerMethodInterceptor.java:36)
	at java.base/jdk.internal.reflect.DirectMethodHandleAccessor.invoke(DirectMethodHandleAccessor.java:103)
	at java.base/java.lang.reflect.Method.invoke(Method.java:580)
	at com.axelor.meta.ActionHandler.call(ActionHandler.java:230)
	at com.axelor.meta.schema.actions.ActionMethod.evaluate(ActionMethod.java:63)
	at com.axelor.meta.schema.actions.Action.execute(Action.java:89)
	at com.axelor.meta.schema.actions.Action.wrap(Action.java:102)
	at com.axelor.meta.schema.actions.ActionGroup.evaluate(ActionGroup.java:221)
	at com.axelor.meta.schema.actions.Action.execute(Action.java:85)
	at com.axelor.meta.schema.actions.Action.wrap(Action.java:102)
	at com.axelor.meta.ActionHandler.execute(ActionHandler.java:490)
	at com.axelor.meta.ActionExecutor.execute(ActionExecutor.java:44)
	at com.axelor.rpc.ResponseInterceptor.invoke(ResponseInterceptor.java:41)
	at com.axelor.web.service.ActionService.execute(ActionService.java:106)
	at com.axelor.rpc.RequestFilter.invoke(RequestFilter.java:42)
	at com.axelor.rpc.ResponseInterceptor.invoke(ResponseInterceptor.java:50)
	at java.base/jdk.internal.reflect.DirectMethodHandleAccessor.invoke(DirectMethodHandleAccessor.java:103)
	at java.base/java.lang.reflect.Method.invoke(Method.java:580)
	at org.jboss.resteasy.core.MethodInjectorImpl.invoke(MethodInjectorImpl.java:154)
	at org.jboss.resteasy.core.MethodInjectorImpl.invoke(MethodInjectorImpl.java:118)
	at org.jboss.resteasy.core.ResourceMethodInvoker.internalInvokeOnTarget(ResourceMethodInvoker.java:560)
	at org.jboss.resteasy.core.ResourceMethodInvoker.invokeOnTargetAfterFilter(ResourceMethodInvoker.java:452)
	at org.jboss.resteasy.core.ResourceMethodInvoker.lambda$invokeOnTarget$0(ResourceMethodInvoker.java:413)
	at org.jboss.resteasy.core.interception.jaxrs.PreMatchContainerRequestContext.filter(PreMatchContainerRequestContext.java:321)
	at org.jboss.resteasy.core.ResourceMethodInvoker.invokeOnTarget(ResourceMethodInvoker.java:415)
	at org.jboss.resteasy.core.ResourceMethodInvoker.invoke(ResourceMethodInvoker.java:378)
	at org.jboss.resteasy.core.ResourceMethodInvoker.invoke(ResourceMethodInvoker.java:356)
	at org.jboss.resteasy.core.ResourceMethodInvoker.invoke(ResourceMethodInvoker.java:70)
	at org.jboss.resteasy.core.SynchronousDispatcher.invoke(SynchronousDispatcher.java:434)
	at org.jboss.resteasy.core.SynchronousDispatcher.lambda$invoke$0(SynchronousDispatcher.java:245)
	at org.jboss.resteasy.core.SynchronousDispatcher.lambda$preprocess$0(SynchronousDispatcher.java:159)
	at org.jboss.resteasy.core.interception.jaxrs.PreMatchContainerRequestContext.filter(PreMatchContainerRequestContext.java:321)
	at org.jboss.resteasy.core.SynchronousDispatcher.preprocess(SynchronousDispatcher.java:162)
	at org.jboss.resteasy.core.SynchronousDispatcher.invoke(SynchronousDispatcher.java:234)
	at org.jboss.resteasy.plugins.server.servlet.ServletContainerDispatcher.service(ServletContainerDispatcher.java:222)
	at org.jboss.resteasy.plugins.server.servlet.HttpServletDispatcher.service(HttpServletDispatcher.java:55)
	at org.jboss.resteasy.plugins.server.servlet.HttpServletDispatcher.service(HttpServletDispatcher.java:51)
	at jakarta.servlet.http.HttpServlet.service(HttpServlet.java:723)
	at org.apache.catalina.core.ApplicationFilterChain.internalDoFilter(ApplicationFilterChain.java:197)
	at org.apache.catalina.core.ApplicationFilterChain.doFilter(ApplicationFilterChain.java:142)
	at org.apache.tomcat.websocket.server.WsFilter.doFilter(WsFilter.java:57)
	at org.apache.catalina.core.ApplicationFilterChain.internalDoFilter(ApplicationFilterChain.java:166)
	at org.apache.catalina.core.ApplicationFilterChain.doFilter(ApplicationFilterChain.java:142)
	at com.google.inject.servlet.FilterChainInvocation.doFilter(FilterChainInvocation.java:89)
	at com.axelor.web.servlet.MaintenanceFilter.doFilter(MaintenanceFilter.java:49)
	at com.google.inject.servlet.FilterChainInvocation.doFilter(FilterChainInvocation.java:82)
	at org.apache.shiro.guice.web.SimpleFilterChain.doFilter(SimpleFilterChain.java:48)
	at org.pac4j.jee.filter.SecurityFilter.lambda$internalFilter$0(SecurityFilter.java:84)
	at org.pac4j.core.engine.DefaultSecurityLogic.perform(DefaultSecurityLogic.java:151)
	at org.pac4j.jee.filter.SecurityFilter.internalFilter(SecurityFilter.java:82)
	at org.pac4j.jee.config.AbstractConfigFilter.doFilter(AbstractConfigFilter.java:92)
	at org.apache.shiro.guice.web.SimpleFilterChain.doFilter(SimpleFilterChain.java:45)
	at com.axelor.auth.pac4j.SessionInfoFilter.doFilterInternal(SessionInfoFilter.java:42)
	at org.apache.shiro.web.servlet.OncePerRequestFilter.doFilter(OncePerRequestFilter.java:156)
	at org.apache.shiro.guice.web.SimpleFilterChain.doFilter(SimpleFilterChain.java:45)
	at org.apache.shiro.web.servlet.AdviceFilter.executeChain(AdviceFilter.java:109)
	at org.apache.shiro.web.servlet.AdviceFilter.doFilterInternal(AdviceFilter.java:138)
	at org.apache.shiro.web.servlet.OncePerRequestFilter.doFilter(OncePerRequestFilter.java:156)
	at org.apache.shiro.guice.web.SimpleFilterChain.doFilter(SimpleFilterChain.java:45)
	at org.apache.shiro.web.servlet.AbstractShiroFilter.executeChain(AbstractShiroFilter.java:463)
	at org.apache.shiro.web.servlet.AbstractShiroFilter.lambda$doFilterInternal$0(AbstractShiroFilter.java:378)
	at org.apache.shiro.subject.support.SubjectCallable.doCall(SubjectCallable.java:91)
	at org.apache.shiro.subject.support.SubjectCallable.call(SubjectCallable.java:84)
	at org.apache.shiro.subject.support.DelegatingSubject.execute(DelegatingSubject.java:389)
	at org.apache.shiro.web.servlet.AbstractShiroFilter.doFilterInternal(AbstractShiroFilter.java:376)
	at org.apache.shiro.web.servlet.OncePerRequestFilter.doFilter(OncePerRequestFilter.java:156)
	at com.google.inject.servlet.FilterChainInvocation.doFilter(FilterChainInvocation.java:82)
	at com.axelor.app.internal.AppFilter.doFilter(AppFilter.java:86)
	at com.google.inject.servlet.FilterChainInvocation.doFilter(FilterChainInvocation.java:82)
	at com.google.inject.persist.PersistFilter.doFilter(PersistFilter.java:94)
	at com.google.inject.servlet.FilterChainInvocation.doFilter(FilterChainInvocation.java:82)
	at com.axelor.db.tenants.TenantFilter.doFilter(TenantFilter.java:69)
	at com.google.inject.servlet.FilterChainInvocation.doFilter(FilterChainInvocation.java:82)
	at com.axelor.web.servlet.CorsFilter.doFilter(CorsFilter.java:124)
	at com.google.inject.servlet.FilterChainInvocation.doFilter(FilterChainInvocation.java:82)
	at com.axelor.web.servlet.ProxyFilter.doFilter(ProxyFilter.java:34)
	at com.google.inject.servlet.FilterChainInvocation.doFilter(FilterChainInvocation.java:82)
	at com.google.inject.servlet.ManagedFilterPipeline.dispatch(ManagedFilterPipeline.java:121)
	at com.google.inject.servlet.GuiceFilter.doFilter(GuiceFilter.java:133)
	at org.apache.catalina.core.ApplicationFilterChain.internalDoFilter(ApplicationFilterChain.java:166)
	at org.apache.catalina.core.ApplicationFilterChain.doFilter(ApplicationFilterChain.java:142)
	at org.apache.catalina.core.StandardWrapperValve.invoke(StandardWrapperValve.java:165)
	at org.apache.catalina.core.StandardContextValve.invoke(StandardContextValve.java:88)
	at org.apache.catalina.authenticator.AuthenticatorBase.invoke(AuthenticatorBase.java:535)
	at org.apache.catalina.core.StandardHostValve.invoke(StandardHostValve.java:115)
	at org.apache.catalina.valves.ErrorReportValve.invoke(ErrorReportValve.java:86)
	at org.apache.catalina.core.StandardEngineValve.invoke(StandardEngineValve.java:71)
	at org.apache.catalina.connector.CoyoteAdapter.service(CoyoteAdapter.java:348)
	at org.apache.coyote.http11.Http11Processor.service(Http11Processor.java:408)
	at org.apache.coyote.AbstractProcessorLight.process(AbstractProcessorLight.java:71)
	at org.apache.coyote.AbstractProtocol$ConnectionHandler.process(AbstractProtocol.java:1307)
	at org.apache.tomcat.util.net.NioEndpoint$SocketProcessor.doRun(NioEndpoint.java:2032)
	at org.apache.tomcat.util.net.SocketProcessorBase.run(SocketProcessorBase.java:74)
	at org.apache.tomcat.util.threads.ThreadPoolExecutor.runWorker(ThreadPoolExecutor.java:976)
	at org.apache.tomcat.util.threads.ThreadPoolExecutor$Worker.run(ThreadPoolExecutor.java:494)
	at org.apache.tomcat.util.threads.TaskThread$WrappingRunnable.run(TaskThread.java:80)
	at java.base/java.lang.Thread.run(Thread.java:1583)

2026-10-06 20:21:36.462 ERROR 8841 --- [.1-18080-exec-9] com.axelor.meta.ActionHandler            : null
java.lang.reflect.InvocationTargetException
	at java.base/jdk.internal.reflect.DirectMethodHandleAccessor.invoke(DirectMethodHandleAccessor.java:118)
	at java.base/java.lang.reflect.Method.invoke(Method.java:580)
	at com.axelor.meta.ActionHandler.call(ActionHandler.java:230)
	at com.axelor.meta.schema.actions.ActionMethod.evaluate(ActionMethod.java:63)
	at com.axelor.meta.schema.actions.Action.execute(Action.java:89)
	at com.axelor.meta.schema.actions.Action.wrap(Action.java:102)
	at com.axelor.meta.schema.actions.ActionGroup.evaluate(ActionGroup.java:221)
	at com.axelor.meta.schema.actions.Action.execute(Action.java:85)
	at com.axelor.meta.schema.actions.Action.wrap(Action.java:102)
	at com.axelor.meta.ActionHandler.execute(ActionHandler.java:490)
	at com.axelor.meta.ActionExecutor.execute(ActionExecutor.java:44)
	at com.axelor.meta.ActionExecutor$$EnhancerByGuice$$3b6179d.GUICE$TRAMPOLINE(<generated>)
	at com.google.inject.internal.InterceptorStackCallback$InterceptedMethodInvocation.proceed(InterceptorStackCallback.java:74)
	at com.axelor.rpc.ResponseInterceptor.invoke(ResponseInterceptor.java:41)
	at com.google.inject.internal.InterceptorStackCallback$InterceptedMethodInvocation.proceed(InterceptorStackCallback.java:75)
	at com.google.inject.internal.InterceptorStackCallback.invoke(InterceptorStackCallback.java:55)
	at com.axelor.meta.ActionExecutor$$EnhancerByGuice$$3b6179d.execute(<generated>)
	at com.axelor.web.service.ActionService.execute(ActionService.java:106)
	at com.axelor.web.service.ActionService$$EnhancerByGuice$$7893d67.GUICE$TRAMPOLINE(<generated>)
	at com.google.inject.internal.InterceptorStackCallback$InterceptedMethodInvocation.proceed(InterceptorStackCallback.java:74)
	at com.axelor.rpc.RequestFilter.invoke(RequestFilter.java:42)
	at com.google.inject.internal.InterceptorStackCallback$InterceptedMethodInvocation.proceed(InterceptorStackCallback.java:75)
	at com.axelor.rpc.ResponseInterceptor.invoke(ResponseInterceptor.java:50)
	at com.google.inject.internal.InterceptorStackCallback$InterceptedMethodInvocation.proceed(InterceptorStackCallback.java:75)
	at com.google.inject.internal.InterceptorStackCallback.invoke(InterceptorStackCallback.java:55)
	at com.axelor.web.service.ActionService$$EnhancerByGuice$$7893d67.execute(<generated>)
	at java.base/jdk.internal.reflect.DirectMethodHandleAccessor.invoke(DirectMethodHandleAccessor.java:103)
	at java.base/java.lang.reflect.Method.invoke(Method.java:580)
	at org.jboss.resteasy.core.MethodInjectorImpl.invoke(MethodInjectorImpl.java:154)
	at org.jboss.resteasy.core.MethodInjectorImpl.invoke(MethodInjectorImpl.java:118)
	at org.jboss.resteasy.core.ResourceMethodInvoker.internalInvokeOnTarget(ResourceMethodInvoker.java:560)
	at org.jboss.resteasy.core.ResourceMethodInvoker.invokeOnTargetAfterFilter(ResourceMethodInvoker.java:452)
	at org.jboss.resteasy.core.ResourceMethodInvoker.lambda$invokeOnTarget$0(ResourceMethodInvoker.java:413)
	at org.jboss.resteasy.core.interception.jaxrs.PreMatchContainerRequestContext.filter(PreMatchContainerRequestContext.java:321)
	at org.jboss.resteasy.core.ResourceMethodInvoker.invokeOnTarget(ResourceMethodInvoker.java:415)
	at org.jboss.resteasy.core.ResourceMethodInvoker.invoke(ResourceMethodInvoker.java:378)
	at org.jboss.resteasy.core.ResourceMethodInvoker.invoke(ResourceMethodInvoker.java:356)
	at org.jboss.resteasy.core.ResourceMethodInvoker.invoke(ResourceMethodInvoker.java:70)
	at org.jboss.resteasy.core.SynchronousDispatcher.invoke(SynchronousDispatcher.java:434)
	at org.jboss.resteasy.core.SynchronousDispatcher.lambda$invoke$0(SynchronousDispatcher.java:245)
	at org.jboss.resteasy.core.SynchronousDispatcher.lambda$preprocess$0(SynchronousDispatcher.java:159)
	at org.jboss.resteasy.core.interception.jaxrs.PreMatchContainerRequestContext.filter(PreMatchContainerRequestContext.java:321)
	at org.jboss.resteasy.core.SynchronousDispatcher.preprocess(SynchronousDispatcher.java:162)
	at org.jboss.resteasy.core.SynchronousDispatcher.invoke(SynchronousDispatcher.java:234)
	at org.jboss.resteasy.plugins.server.servlet.ServletContainerDispatcher.service(ServletContainerDispatcher.java:222)
	at org.jboss.resteasy.plugins.server.servlet.HttpServletDispatcher.service(HttpServletDispatcher.java:55)
	at org.jboss.resteasy.plugins.server.servlet.HttpServletDispatcher.service(HttpServletDispatcher.java:51)
	at jakarta.servlet.http.HttpServlet.service(HttpServlet.java:723)
	at org.apache.catalina.core.ApplicationFilterChain.internalDoFilter(ApplicationFilterChain.java:197)
	at org.apache.catalina.core.ApplicationFilterChain.doFilter(ApplicationFilterChain.java:142)
	at org.apache.tomcat.websocket.server.WsFilter.doFilter(WsFilter.java:57)
	at org.apache.catalina.core.ApplicationFilterChain.internalDoFilter(ApplicationFilterChain.java:166)
	at org.apache.catalina.core.ApplicationFilterChain.doFilter(ApplicationFilterChain.java:142)
	at com.google.inject.servlet.FilterChainInvocation.doFilter(FilterChainInvocation.java:89)
	at com.axelor.web.servlet.MaintenanceFilter.doFilter(MaintenanceFilter.java:49)
	at com.google.inject.servlet.FilterChainInvocation.doFilter(FilterChainInvocation.java:82)
	at org.apache.shiro.guice.web.SimpleFilterChain.doFilter(SimpleFilterChain.java:48)
	at org.pac4j.jee.filter.SecurityFilter.lambda$internalFilter$0(SecurityFilter.java:84)
	at org.pac4j.core.engine.DefaultSecurityLogic.perform(DefaultSecurityLogic.java:151)
	at org.pac4j.jee.filter.SecurityFilter.internalFilter(SecurityFilter.java:82)
	at org.pac4j.jee.config.AbstractConfigFilter.doFilter(AbstractConfigFilter.java:92)
	at org.apache.shiro.guice.web.SimpleFilterChain.doFilter(SimpleFilterChain.java:45)
	at com.axelor.auth.pac4j.SessionInfoFilter.doFilterInternal(SessionInfoFilter.java:42)
	at org.apache.shiro.web.servlet.OncePerRequestFilter.doFilter(OncePerRequestFilter.java:156)
	at org.apache.shiro.guice.web.SimpleFilterChain.doFilter(SimpleFilterChain.java:45)
	at org.apache.shiro.web.servlet.AdviceFilter.executeChain(AdviceFilter.java:109)
	at org.apache.shiro.web.servlet.AdviceFilter.doFilterInternal(AdviceFilter.java:138)
	at org.apache.shiro.web.servlet.OncePerRequestFilter.doFilter(OncePerRequestFilter.java:156)
	at org.apache.shiro.guice.web.SimpleFilterChain.doFilter(SimpleFilterChain.java:45)
	at org.apache.shiro.web.servlet.AbstractShiroFilter.executeChain(AbstractShiroFilter.java:463)
	at org.apache.shiro.web.servlet.AbstractShiroFilter.lambda$doFilterInternal$0(AbstractShiroFilter.java:378)
	at org.apache.shiro.subject.support.SubjectCallable.doCall(SubjectCallable.java:91)
	at org.apache.shiro.subject.support.SubjectCallable.call(SubjectCallable.java:84)
	at org.apache.shiro.subject.support.DelegatingSubject.execute(DelegatingSubject.java:389)
	at org.apache.shiro.web.servlet.AbstractShiroFilter.doFilterInternal(AbstractShiroFilter.java:376)
	at org.apache.shiro.web.servlet.OncePerRequestFilter.doFilter(OncePerRequestFilter.java:156)
	at com.google.inject.servlet.FilterChainInvocation.doFilter(FilterChainInvocation.java:82)
	at com.axelor.app.internal.AppFilter.doFilter(AppFilter.java:86)
	at com.google.inject.servlet.FilterChainInvocation.doFilter(FilterChainInvocation.java:82)
	at com.google.inject.persist.PersistFilter.doFilter(PersistFilter.java:94)
	at com.google.inject.servlet.FilterChainInvocation.doFilter(FilterChainInvocation.java:82)
	at com.axelor.db.tenants.TenantFilter.doFilter(TenantFilter.java:69)
	at com.google.inject.servlet.FilterChainInvocation.doFilter(FilterChainInvocation.java:82)
	at com.axelor.web.servlet.CorsFilter.doFilter(CorsFilter.java:124)
	at com.google.inject.servlet.FilterChainInvocation.doFilter(FilterChainInvocation.java:82)
	at com.axelor.web.servlet.ProxyFilter.doFilter(ProxyFilter.java:34)
	at com.google.inject.servlet.FilterChainInvocation.doFilter(FilterChainInvocation.java:82)
	at com.google.inject.servlet.ManagedFilterPipeline.dispatch(ManagedFilterPipeline.java:121)
	at com.google.inject.servlet.GuiceFilter.doFilter(GuiceFilter.java:133)
	at org.apache.catalina.core.ApplicationFilterChain.internalDoFilter(ApplicationFilterChain.java:166)
	at org.apache.catalina.core.ApplicationFilterChain.doFilter(ApplicationFilterChain.java:142)
	at org.apache.catalina.core.StandardWrapperValve.invoke(StandardWrapperValve.java:165)
	at org.apache.catalina.core.StandardContextValve.invoke(StandardContextValve.java:88)
	at org.apache.catalina.authenticator.AuthenticatorBase.invoke(AuthenticatorBase.java:535)
	at org.apache.catalina.core.StandardHostValve.invoke(StandardHostValve.java:115)
	at org.apache.catalina.valves.ErrorReportValve.invoke(ErrorReportValve.java:86)
	at org.apache.catalina.core.StandardEngineValve.invoke(StandardEngineValve.java:71)
	at org.apache.catalina.connector.CoyoteAdapter.service(CoyoteAdapter.java:348)
	at org.apache.coyote.http11.Http11Processor.service(Http11Processor.java:408)
	at org.apache.coyote.AbstractProcessorLight.process(AbstractProcessorLight.java:71)
	at org.apache.coyote.AbstractProtocol$ConnectionHandler.process(AbstractProtocol.java:1307)
	at org.apache.tomcat.util.net.NioEndpoint$SocketProcessor.doRun(NioEndpoint.java:2032)
	at org.apache.tomcat.util.net.SocketProcessorBase.run(SocketProcessorBase.java:74)
	at org.apache.tomcat.util.threads.ThreadPoolExecutor.runWorker(ThreadPoolExecutor.java:976)
	at org.apache.tomcat.util.threads.ThreadPoolExecutor$Worker.run(ThreadPoolExecutor.java:494)
	at org.apache.tomcat.util.threads.TaskThread$WrappingRunnable.run(TaskThread.java:80)
	at java.base/java.lang.Thread.run(Thread.java:1583)
Caused by: com.cencomun.core.NativeAccess$NativeFailure: com.axelor.apps.base.AxelorException: Sum of tax amounts in charge and income lines is not the same as sum of tax lines.
	at com.cencomun.core.NativeAccess.call(NativeAccess.java:84)
	at com.cencomun.core.NativeGateService.deliver(NativeGateService.java:246)
	at com.cencomun.core.PilotService.act(PilotService.java:154)
	at com.google.inject.persist.jpa.JpaLocalTxnInterceptor.invoke(JpaLocalTxnInterceptor.java:66)
	at com.cencomun.core.PilotController.action(PilotController.java:28)
	at com.cencomun.core.PilotController.deliver(PilotController.java:32)
	at java.base/jdk.internal.reflect.DirectMethodHandleAccessor.invoke(DirectMethodHandleAccessor.java:103)
	at java.base/java.lang.reflect.Method.invoke(Method.java:580)
	at com.axelor.meta.ActionHandler.call(ActionHandler.java:230)
	at com.axelor.meta.schema.actions.ActionMethod.evaluate(ActionMethod.java:63)
	at com.axelor.meta.schema.actions.Action.execute(Action.java:89)
	at com.axelor.meta.schema.actions.Action.wrap(Action.java:102)
	at com.axelor.meta.schema.actions.ActionGroup.evaluate(ActionGroup.java:221)
	at com.axelor.meta.schema.actions.Action.execute(Action.java:85)
	at com.axelor.meta.schema.actions.Action.wrap(Action.java:102)
	at com.axelor.meta.ActionHandler.execute(ActionHandler.java:490)
	at com.axelor.meta.ActionExecutor.execute(ActionExecutor.java:44)
	at com.axelor.rpc.ResponseInterceptor.invoke(ResponseInterceptor.java:41)
	at com.axelor.web.service.ActionService.execute(ActionService.java:106)
	at com.axelor.rpc.RequestFilter.invoke(RequestFilter.java:42)
	at com.axelor.rpc.ResponseInterceptor.invoke(ResponseInterceptor.java:50)
	... 81 common frames omitted
Caused by: com.axelor.apps.base.AxelorException: Sum of tax amounts in charge and income lines is not the same as sum of tax lines.
	at com.axelor.apps.account.service.move.MoveValidateServiceImpl.checkTaxAmount(MoveValidateServiceImpl.java:930)
	at com.axelor.apps.hr.service.move.MoveValidateHRServiceImpl.checkTaxAmount(MoveValidateHRServiceImpl.java:114)
	at com.axelor.apps.account.service.move.MoveValidateServiceImpl.checkConsistencyPreconditions(MoveValidateServiceImpl.java:319)
	at com.axelor.apps.account.service.move.MoveValidateServiceImpl.checkPreconditions(MoveValidateServiceImpl.java:212)
	at com.axelor.apps.account.service.move.MoveValidateServiceImpl.accounting(MoveValidateServiceImpl.java:450)
	at com.cencomun.core.CoreNativePermissionInterceptor.invoke(CoreNativePermissionInterceptor.java:10)
	at com.google.inject.persist.jpa.JpaLocalTxnInterceptor.invoke(JpaLocalTxnInterceptor.java:58)
	at com.axelor.apps.account.service.move.MoveValidateServiceImpl.accounting(MoveValidateServiceImpl.java:435)
	at com.axelor.apps.budget.service.move.MoveValidateBudgetServiceImpl.accounting(MoveValidateBudgetServiceImpl.java:116)
	at com.cencomun.core.CoreNativePermissionInterceptor.invoke(CoreNativePermissionInterceptor.java:10)
	at com.axelor.apps.account.service.move.MoveCreateFromInvoiceServiceImpl.createMove(MoveCreateFromInvoiceServiceImpl.java:208)
	at com.google.inject.persist.jpa.JpaLocalTxnInterceptor.invoke(JpaLocalTxnInterceptor.java:58)
	at com.axelor.apps.account.service.invoice.workflow.ventilate.VentilateState.setMove(VentilateState.java:284)
	at com.axelor.apps.account.service.invoice.workflow.ventilate.VentilateState.process(VentilateState.java:134)
	at com.axelor.apps.account.service.invoice.InvoiceServiceImpl.ventilateProcess(InvoiceServiceImpl.java:315)
	at com.google.inject.persist.jpa.JpaLocalTxnInterceptor.invoke(JpaLocalTxnInterceptor.java:58)
	at com.axelor.apps.account.service.invoice.InvoiceServiceImpl.ventilate(InvoiceServiceImpl.java:294)
	at com.axelor.apps.supplychain.service.invoice.InvoiceServiceSupplychainImpl.ventilate(InvoiceServiceSupplychainImpl.java:134)
	at com.cencomun.core.CoreNativePermissionInterceptor.invoke(CoreNativePermissionInterceptor.java:10)
	at com.google.inject.persist.jpa.JpaLocalTxnInterceptor.invoke(JpaLocalTxnInterceptor.java:58)
	at com.axelor.apps.account.service.invoice.InvoiceServiceImpl.validateAndVentilate(InvoiceServiceImpl.java:245)
	at com.cencomun.core.CoreNativePermissionInterceptor.invoke(CoreNativePermissionInterceptor.java:10)
	at com.google.inject.persist.jpa.JpaLocalTxnInterceptor.invoke(JpaLocalTxnInterceptor.java:58)
	at java.base/jdk.internal.reflect.DirectMethodHandleAccessor.invoke(DirectMethodHandleAccessor.java:103)
	at java.base/java.lang.reflect.Method.invoke(Method.java:580)
	at com.cencomun.core.NativeAccess.call(NativeAccess.java:80)
	... 101 common frames omitted
2026-10-06 20:23:04.121  WARN 8841 --- [.1-18080-exec-5] c.a.a.a.s.n.InvoiceNoteCreationHelper    : Note type AAI doesn't exist
2026-10-06 20:23:04.128  WARN 8841 --- [.1-18080-exec-5] c.a.a.a.s.n.InvoiceNoteCreationHelper    : Note type ABL doesn't exist
2026-10-06 20:23:04.136  WARN 8841 --- [.1-18080-exec-5] c.a.a.a.s.n.InvoiceNoteCreationHelper    : Note type PMT doesn't exist
2026-10-06 20:23:04.144  WARN 8841 --- [.1-18080-exec-5] c.a.a.a.s.n.InvoiceNoteCreationHelper    : Note type PMD doesn't exist
2026-10-06 20:23:04.152  WARN 8841 --- [.1-18080-exec-5] c.a.a.a.s.n.InvoiceNoteCreationHelper    : Note type REG doesn't exist
2026-10-06 20:23:04.159  WARN 8841 --- [.1-18080-exec-5] c.a.a.a.s.n.InvoiceNoteCreationHelper    : Note type SUR doesn't exist
2026-10-06 20:23:04.167  WARN 8841 --- [.1-18080-exec-5] c.a.a.a.s.n.InvoiceNoteCreationHelper    : Note type AAB doesn't exist
2026-10-06 20:23:04.173  WARN 8841 --- [.1-18080-exec-5] c.a.a.a.s.n.InvoiceNoteCreationHelper    : Note type REG doesn't exist
2026-10-06 20:24:45.148 ERROR 8841 --- [.1-18080-exec-3] com.axelor.rpc.ResponseInterceptor       : Error: Warning ! : You must configure account's information for the company Negative-test sentinel only; no operational store
2026-10-06 20:26:28.777 ERROR 8841 --- [.1-18080-exec-6] com.axelor.meta.ActionHandler            : null
java.lang.reflect.InvocationTargetException
	at java.base/jdk.internal.reflect.DirectMethodHandleAccessor.invoke(DirectMethodHandleAccessor.java:118)
	at java.base/java.lang.reflect.Method.invoke(Method.java:580)
	at com.axelor.meta.ActionHandler.call(ActionHandler.java:230)
	at com.axelor.meta.schema.actions.ActionMethod.evaluate(ActionMethod.java:63)
	at com.axelor.meta.schema.actions.Action.execute(Action.java:89)
	at com.axelor.meta.schema.actions.Action.wrap(Action.java:102)
	at com.axelor.meta.schema.actions.ActionGroup.evaluate(ActionGroup.java:221)
	at com.axelor.meta.schema.actions.Action.execute(Action.java:85)
	at com.axelor.meta.schema.actions.Action.wrap(Action.java:102)
	at com.axelor.meta.ActionHandler.execute(ActionHandler.java:490)
	at com.axelor.meta.ActionExecutor.execute(ActionExecutor.java:44)
	at com.axelor.meta.ActionExecutor$$EnhancerByGuice$$3b6179d.GUICE$TRAMPOLINE(<generated>)
	at com.google.inject.internal.InterceptorStackCallback$InterceptedMethodInvocation.proceed(InterceptorStackCallback.java:74)
	at com.axelor.rpc.ResponseInterceptor.invoke(ResponseInterceptor.java:41)
	at com.google.inject.internal.InterceptorStackCallback$InterceptedMethodInvocation.proceed(InterceptorStackCallback.java:75)
	at com.google.inject.internal.InterceptorStackCallback.invoke(InterceptorStackCallback.java:55)
	at com.axelor.meta.ActionExecutor$$EnhancerByGuice$$3b6179d.execute(<generated>)
	at com.axelor.web.service.ActionService.execute(ActionService.java:106)
	at com.axelor.web.service.ActionService$$EnhancerByGuice$$7893d67.GUICE$TRAMPOLINE(<generated>)
	at com.google.inject.internal.InterceptorStackCallback$InterceptedMethodInvocation.proceed(InterceptorStackCallback.java:74)
	at com.axelor.rpc.RequestFilter.invoke(RequestFilter.java:42)
	at com.google.inject.internal.InterceptorStackCallback$InterceptedMethodInvocation.proceed(InterceptorStackCallback.java:75)
	at com.axelor.rpc.ResponseInterceptor.invoke(ResponseInterceptor.java:50)
	at com.google.inject.internal.InterceptorStackCallback$InterceptedMethodInvocation.proceed(InterceptorStackCallback.java:75)
	at com.google.inject.internal.InterceptorStackCallback.invoke(InterceptorStackCallback.java:55)
	at com.axelor.web.service.ActionService$$EnhancerByGuice$$7893d67.execute(<generated>)
	at java.base/jdk.internal.reflect.DirectMethodHandleAccessor.invoke(DirectMethodHandleAccessor.java:103)
	at java.base/java.lang.reflect.Method.invoke(Method.java:580)
	at org.jboss.resteasy.core.MethodInjectorImpl.invoke(MethodInjectorImpl.java:154)
	at org.jboss.resteasy.core.MethodInjectorImpl.invoke(MethodInjectorImpl.java:118)
	at org.jboss.resteasy.core.ResourceMethodInvoker.internalInvokeOnTarget(ResourceMethodInvoker.java:560)
	at org.jboss.resteasy.core.ResourceMethodInvoker.invokeOnTargetAfterFilter(ResourceMethodInvoker.java:452)
	at org.jboss.resteasy.core.ResourceMethodInvoker.lambda$invokeOnTarget$0(ResourceMethodInvoker.java:413)
	at org.jboss.resteasy.core.interception.jaxrs.PreMatchContainerRequestContext.filter(PreMatchContainerRequestContext.java:321)
	at org.jboss.resteasy.core.ResourceMethodInvoker.invokeOnTarget(ResourceMethodInvoker.java:415)
	at org.jboss.resteasy.core.ResourceMethodInvoker.invoke(ResourceMethodInvoker.java:378)
	at org.jboss.resteasy.core.ResourceMethodInvoker.invoke(ResourceMethodInvoker.java:356)
	at org.jboss.resteasy.core.ResourceMethodInvoker.invoke(ResourceMethodInvoker.java:70)
	at org.jboss.resteasy.core.SynchronousDispatcher.invoke(SynchronousDispatcher.java:434)
	at org.jboss.resteasy.core.SynchronousDispatcher.lambda$invoke$0(SynchronousDispatcher.java:245)
	at org.jboss.resteasy.core.SynchronousDispatcher.lambda$preprocess$0(SynchronousDispatcher.java:159)
	at org.jboss.resteasy.core.interception.jaxrs.PreMatchContainerRequestContext.filter(PreMatchContainerRequestContext.java:321)
	at org.jboss.resteasy.core.SynchronousDispatcher.preprocess(SynchronousDispatcher.java:162)
	at org.jboss.resteasy.core.SynchronousDispatcher.invoke(SynchronousDispatcher.java:234)
	at org.jboss.resteasy.plugins.server.servlet.ServletContainerDispatcher.service(ServletContainerDispatcher.java:222)
	at org.jboss.resteasy.plugins.server.servlet.HttpServletDispatcher.service(HttpServletDispatcher.java:55)
	at org.jboss.resteasy.plugins.server.servlet.HttpServletDispatcher.service(HttpServletDispatcher.java:51)
	at jakarta.servlet.http.HttpServlet.service(HttpServlet.java:723)
	at org.apache.catalina.core.ApplicationFilterChain.internalDoFilter(ApplicationFilterChain.java:197)
	at org.apache.catalina.core.ApplicationFilterChain.doFilter(ApplicationFilterChain.java:142)
	at org.apache.tomcat.websocket.server.WsFilter.doFilter(WsFilter.java:57)
	at org.apache.catalina.core.ApplicationFilterChain.internalDoFilter(ApplicationFilterChain.java:166)
	at org.apache.catalina.core.ApplicationFilterChain.doFilter(ApplicationFilterChain.java:142)
	at com.google.inject.servlet.FilterChainInvocation.doFilter(FilterChainInvocation.java:89)
	at com.axelor.web.servlet.MaintenanceFilter.doFilter(MaintenanceFilter.java:49)
	at com.google.inject.servlet.FilterChainInvocation.doFilter(FilterChainInvocation.java:82)
	at org.apache.shiro.guice.web.SimpleFilterChain.doFilter(SimpleFilterChain.java:48)
	at org.pac4j.jee.filter.SecurityFilter.lambda$internalFilter$0(SecurityFilter.java:84)
	at org.pac4j.core.engine.DefaultSecurityLogic.perform(DefaultSecurityLogic.java:151)
	at org.pac4j.jee.filter.SecurityFilter.internalFilter(SecurityFilter.java:82)
	at org.pac4j.jee.config.AbstractConfigFilter.doFilter(AbstractConfigFilter.java:92)
	at org.apache.shiro.guice.web.SimpleFilterChain.doFilter(SimpleFilterChain.java:45)
	at com.axelor.auth.pac4j.SessionInfoFilter.doFilterInternal(SessionInfoFilter.java:42)
	at org.apache.shiro.web.servlet.OncePerRequestFilter.doFilter(OncePerRequestFilter.java:156)
	at org.apache.shiro.guice.web.SimpleFilterChain.doFilter(SimpleFilterChain.java:45)
	at org.apache.shiro.web.servlet.AdviceFilter.executeChain(AdviceFilter.java:109)
	at org.apache.shiro.web.servlet.AdviceFilter.doFilterInternal(AdviceFilter.java:138)
	at org.apache.shiro.web.servlet.OncePerRequestFilter.doFilter(OncePerRequestFilter.java:156)
	at org.apache.shiro.guice.web.SimpleFilterChain.doFilter(SimpleFilterChain.java:45)
	at org.apache.shiro.web.servlet.AbstractShiroFilter.executeChain(AbstractShiroFilter.java:463)
	at org.apache.shiro.web.servlet.AbstractShiroFilter.lambda$doFilterInternal$0(AbstractShiroFilter.java:378)
	at org.apache.shiro.subject.support.SubjectCallable.doCall(SubjectCallable.java:91)
	at org.apache.shiro.subject.support.SubjectCallable.call(SubjectCallable.java:84)
	at org.apache.shiro.subject.support.DelegatingSubject.execute(DelegatingSubject.java:389)
	at org.apache.shiro.web.servlet.AbstractShiroFilter.doFilterInternal(AbstractShiroFilter.java:376)
	at org.apache.shiro.web.servlet.OncePerRequestFilter.doFilter(OncePerRequestFilter.java:156)
	at com.google.inject.servlet.FilterChainInvocation.doFilter(FilterChainInvocation.java:82)
	at com.axelor.app.internal.AppFilter.doFilter(AppFilter.java:86)
	at com.google.inject.servlet.FilterChainInvocation.doFilter(FilterChainInvocation.java:82)
	at com.google.inject.persist.PersistFilter.doFilter(PersistFilter.java:94)
	at com.google.inject.servlet.FilterChainInvocation.doFilter(FilterChainInvocation.java:82)
	at com.axelor.db.tenants.TenantFilter.doFilter(TenantFilter.java:69)
	at com.google.inject.servlet.FilterChainInvocation.doFilter(FilterChainInvocation.java:82)
	at com.axelor.web.servlet.CorsFilter.doFilter(CorsFilter.java:124)
	at com.google.inject.servlet.FilterChainInvocation.doFilter(FilterChainInvocation.java:82)
	at com.axelor.web.servlet.ProxyFilter.doFilter(ProxyFilter.java:34)
	at com.google.inject.servlet.FilterChainInvocation.doFilter(FilterChainInvocation.java:82)
	at com.google.inject.servlet.ManagedFilterPipeline.dispatch(ManagedFilterPipeline.java:121)
	at com.google.inject.servlet.GuiceFilter.doFilter(GuiceFilter.java:133)
	at org.apache.catalina.core.ApplicationFilterChain.internalDoFilter(ApplicationFilterChain.java:166)
	at org.apache.catalina.core.ApplicationFilterChain.doFilter(ApplicationFilterChain.java:142)
	at org.apache.catalina.core.StandardWrapperValve.invoke(StandardWrapperValve.java:165)
	at org.apache.catalina.core.StandardContextValve.invoke(StandardContextValve.java:88)
	at org.apache.catalina.authenticator.AuthenticatorBase.invoke(AuthenticatorBase.java:535)
	at org.apache.catalina.core.StandardHostValve.invoke(StandardHostValve.java:115)
	at org.apache.catalina.valves.ErrorReportValve.invoke(ErrorReportValve.java:86)
	at org.apache.catalina.core.StandardEngineValve.invoke(StandardEngineValve.java:71)
	at org.apache.catalina.connector.CoyoteAdapter.service(CoyoteAdapter.java:348)
	at org.apache.coyote.http11.Http11Processor.service(Http11Processor.java:408)
	at org.apache.coyote.AbstractProcessorLight.process(AbstractProcessorLight.java:71)
	at org.apache.coyote.AbstractProtocol$ConnectionHandler.process(AbstractProtocol.java:1307)
	at org.apache.tomcat.util.net.NioEndpoint$SocketProcessor.doRun(NioEndpoint.java:2032)
	at org.apache.tomcat.util.net.SocketProcessorBase.run(SocketProcessorBase.java:74)
	at org.apache.tomcat.util.threads.ThreadPoolExecutor.runWorker(ThreadPoolExecutor.java:976)
	at org.apache.tomcat.util.threads.ThreadPoolExecutor$Worker.run(ThreadPoolExecutor.java:494)
	at org.apache.tomcat.util.threads.TaskThread$WrappingRunnable.run(TaskThread.java:80)
	at java.base/java.lang.Thread.run(Thread.java:1583)
Caused by: com.cencomun.core.CoreFault: Explain the cash difference before confirming
	at com.cencomun.core.PilotPolicy.difference(PilotPolicy.java:41)
	at com.cencomun.core.PilotService.close(PilotService.java:205)
	at com.google.inject.persist.jpa.JpaLocalTxnInterceptor.invoke(JpaLocalTxnInterceptor.java:66)
	at com.cencomun.core.PilotController.close(PilotController.java:42)
	at java.base/jdk.internal.reflect.DirectMethodHandleAccessor.invoke(DirectMethodHandleAccessor.java:103)
	at java.base/java.lang.reflect.Method.invoke(Method.java:580)
	at com.axelor.meta.ActionHandler.call(ActionHandler.java:230)
	at com.axelor.meta.schema.actions.ActionMethod.evaluate(ActionMethod.java:63)
	at com.axelor.meta.schema.actions.Action.execute(Action.java:89)
	at com.axelor.meta.schema.actions.Action.wrap(Action.java:102)
	at com.axelor.meta.schema.actions.ActionGroup.evaluate(ActionGroup.java:221)
	at com.axelor.meta.schema.actions.Action.execute(Action.java:85)
	at com.axelor.meta.schema.actions.Action.wrap(Action.java:102)
	at com.axelor.meta.ActionHandler.execute(ActionHandler.java:490)
	at com.axelor.meta.ActionExecutor.execute(ActionExecutor.java:44)
	at com.axelor.rpc.ResponseInterceptor.invoke(ResponseInterceptor.java:41)
	at com.axelor.web.service.ActionService.execute(ActionService.java:106)
	at com.axelor.rpc.RequestFilter.invoke(RequestFilter.java:42)
	at com.axelor.rpc.ResponseInterceptor.invoke(ResponseInterceptor.java:50)
	... 81 common frames omitted
2026-10-06 20:26:29.923 ERROR 8841 --- [.1-18080-exec-7] com.axelor.rpc.ResponseInterceptor       : Error: Warning ! : A customer account is missing for the company Negative-test sentinel only; no operational store
2026-10-06 20:26:56.557 ERROR 8841 --- [.1-18080-exec-6] com.axelor.meta.ActionHandler            : null
java.lang.reflect.InvocationTargetException
	at java.base/jdk.internal.reflect.DirectMethodHandleAccessor.invoke(DirectMethodHandleAccessor.java:118)
	at java.base/java.lang.reflect.Method.invoke(Method.java:580)
	at com.axelor.meta.ActionHandler.call(ActionHandler.java:230)
	at com.axelor.meta.schema.actions.ActionMethod.evaluate(ActionMethod.java:63)
	at com.axelor.meta.schema.actions.Action.execute(Action.java:89)
	at com.axelor.meta.schema.actions.Action.wrap(Action.java:102)
	at com.axelor.meta.schema.actions.ActionGroup.evaluate(ActionGroup.java:221)
	at com.axelor.meta.schema.actions.Action.execute(Action.java:85)
	at com.axelor.meta.schema.actions.Action.wrap(Action.java:102)
	at com.axelor.meta.ActionHandler.execute(ActionHandler.java:490)
	at com.axelor.meta.ActionExecutor.execute(ActionExecutor.java:44)
	at com.axelor.meta.ActionExecutor$$EnhancerByGuice$$3b6179d.GUICE$TRAMPOLINE(<generated>)
	at com.google.inject.internal.InterceptorStackCallback$InterceptedMethodInvocation.proceed(InterceptorStackCallback.java:74)
	at com.axelor.rpc.ResponseInterceptor.invoke(ResponseInterceptor.java:41)
	at com.google.inject.internal.InterceptorStackCallback$InterceptedMethodInvocation.proceed(InterceptorStackCallback.java:75)
	at com.google.inject.internal.InterceptorStackCallback.invoke(InterceptorStackCallback.java:55)
	at com.axelor.meta.ActionExecutor$$EnhancerByGuice$$3b6179d.execute(<generated>)
	at com.axelor.web.service.ActionService.execute(ActionService.java:106)
	at com.axelor.web.service.ActionService$$EnhancerByGuice$$7893d67.GUICE$TRAMPOLINE(<generated>)
	at com.google.inject.internal.InterceptorStackCallback$InterceptedMethodInvocation.proceed(InterceptorStackCallback.java:74)
	at com.axelor.rpc.RequestFilter.invoke(RequestFilter.java:42)
	at com.google.inject.internal.InterceptorStackCallback$InterceptedMethodInvocation.proceed(InterceptorStackCallback.java:75)
	at com.axelor.rpc.ResponseInterceptor.invoke(ResponseInterceptor.java:50)
	at com.google.inject.internal.InterceptorStackCallback$InterceptedMethodInvocation.proceed(InterceptorStackCallback.java:75)
	at com.google.inject.internal.InterceptorStackCallback.invoke(InterceptorStackCallback.java:55)
	at com.axelor.web.service.ActionService$$EnhancerByGuice$$7893d67.execute(<generated>)
	at java.base/jdk.internal.reflect.DirectMethodHandleAccessor.invoke(DirectMethodHandleAccessor.java:103)
	at java.base/java.lang.reflect.Method.invoke(Method.java:580)
	at org.jboss.resteasy.core.MethodInjectorImpl.invoke(MethodInjectorImpl.java:154)
	at org.jboss.resteasy.core.MethodInjectorImpl.invoke(MethodInjectorImpl.java:118)
	at org.jboss.resteasy.core.ResourceMethodInvoker.internalInvokeOnTarget(ResourceMethodInvoker.java:560)
	at org.jboss.resteasy.core.ResourceMethodInvoker.invokeOnTargetAfterFilter(ResourceMethodInvoker.java:452)
	at org.jboss.resteasy.core.ResourceMethodInvoker.lambda$invokeOnTarget$0(ResourceMethodInvoker.java:413)
	at org.jboss.resteasy.core.interception.jaxrs.PreMatchContainerRequestContext.filter(PreMatchContainerRequestContext.java:321)
	at org.jboss.resteasy.core.ResourceMethodInvoker.invokeOnTarget(ResourceMethodInvoker.java:415)
	at org.jboss.resteasy.core.ResourceMethodInvoker.invoke(ResourceMethodInvoker.java:378)
	at org.jboss.resteasy.core.ResourceMethodInvoker.invoke(ResourceMethodInvoker.java:356)
	at org.jboss.resteasy.core.ResourceMethodInvoker.invoke(ResourceMethodInvoker.java:70)
	at org.jboss.resteasy.core.SynchronousDispatcher.invoke(SynchronousDispatcher.java:434)
	at org.jboss.resteasy.core.SynchronousDispatcher.lambda$invoke$0(SynchronousDispatcher.java:245)
	at org.jboss.resteasy.core.SynchronousDispatcher.lambda$preprocess$0(SynchronousDispatcher.java:159)
	at org.jboss.resteasy.core.interception.jaxrs.PreMatchContainerRequestContext.filter(PreMatchContainerRequestContext.java:321)
	at org.jboss.resteasy.core.SynchronousDispatcher.preprocess(SynchronousDispatcher.java:162)
	at org.jboss.resteasy.core.SynchronousDispatcher.invoke(SynchronousDispatcher.java:234)
	at org.jboss.resteasy.plugins.server.servlet.ServletContainerDispatcher.service(ServletContainerDispatcher.java:222)
	at org.jboss.resteasy.plugins.server.servlet.HttpServletDispatcher.service(HttpServletDispatcher.java:55)
	at org.jboss.resteasy.plugins.server.servlet.HttpServletDispatcher.service(HttpServletDispatcher.java:51)
	at jakarta.servlet.http.HttpServlet.service(HttpServlet.java:723)
	at org.apache.catalina.core.ApplicationFilterChain.internalDoFilter(ApplicationFilterChain.java:197)
	at org.apache.catalina.core.ApplicationFilterChain.doFilter(ApplicationFilterChain.java:142)
	at org.apache.tomcat.websocket.server.WsFilter.doFilter(WsFilter.java:57)
	at org.apache.catalina.core.ApplicationFilterChain.internalDoFilter(ApplicationFilterChain.java:166)
	at org.apache.catalina.core.ApplicationFilterChain.doFilter(ApplicationFilterChain.java:142)
	at com.google.inject.servlet.FilterChainInvocation.doFilter(FilterChainInvocation.java:89)
	at com.axelor.web.servlet.MaintenanceFilter.doFilter(MaintenanceFilter.java:49)
	at com.google.inject.servlet.FilterChainInvocation.doFilter(FilterChainInvocation.java:82)
	at org.apache.shiro.guice.web.SimpleFilterChain.doFilter(SimpleFilterChain.java:48)
	at org.pac4j.jee.filter.SecurityFilter.lambda$internalFilter$0(SecurityFilter.java:84)
	at org.pac4j.core.engine.DefaultSecurityLogic.perform(DefaultSecurityLogic.java:151)
	at org.pac4j.jee.filter.SecurityFilter.internalFilter(SecurityFilter.java:82)
	at org.pac4j.jee.config.AbstractConfigFilter.doFilter(AbstractConfigFilter.java:92)
	at org.apache.shiro.guice.web.SimpleFilterChain.doFilter(SimpleFilterChain.java:45)
	at com.axelor.auth.pac4j.SessionInfoFilter.doFilterInternal(SessionInfoFilter.java:42)
	at org.apache.shiro.web.servlet.OncePerRequestFilter.doFilter(OncePerRequestFilter.java:156)
	at org.apache.shiro.guice.web.SimpleFilterChain.doFilter(SimpleFilterChain.java:45)
	at org.apache.shiro.web.servlet.AdviceFilter.executeChain(AdviceFilter.java:109)
	at org.apache.shiro.web.servlet.AdviceFilter.doFilterInternal(AdviceFilter.java:138)
	at org.apache.shiro.web.servlet.OncePerRequestFilter.doFilter(OncePerRequestFilter.java:156)
	at org.apache.shiro.guice.web.SimpleFilterChain.doFilter(SimpleFilterChain.java:45)
	at org.apache.shiro.web.servlet.AbstractShiroFilter.executeChain(AbstractShiroFilter.java:463)
	at org.apache.shiro.web.servlet.AbstractShiroFilter.lambda$doFilterInternal$0(AbstractShiroFilter.java:378)
	at org.apache.shiro.subject.support.SubjectCallable.doCall(SubjectCallable.java:91)
	at org.apache.shiro.subject.support.SubjectCallable.call(SubjectCallable.java:84)
	at org.apache.shiro.subject.support.DelegatingSubject.execute(DelegatingSubject.java:389)
	at org.apache.shiro.web.servlet.AbstractShiroFilter.doFilterInternal(AbstractShiroFilter.java:376)
	at org.apache.shiro.web.servlet.OncePerRequestFilter.doFilter(OncePerRequestFilter.java:156)
	at com.google.inject.servlet.FilterChainInvocation.doFilter(FilterChainInvocation.java:82)
	at com.axelor.app.internal.AppFilter.doFilter(AppFilter.java:86)
	at com.google.inject.servlet.FilterChainInvocation.doFilter(FilterChainInvocation.java:82)
	at com.google.inject.persist.PersistFilter.doFilter(PersistFilter.java:94)
	at com.google.inject.servlet.FilterChainInvocation.doFilter(FilterChainInvocation.java:82)
	at com.axelor.db.tenants.TenantFilter.doFilter(TenantFilter.java:69)
	at com.google.inject.servlet.FilterChainInvocation.doFilter(FilterChainInvocation.java:82)
	at com.axelor.web.servlet.CorsFilter.doFilter(CorsFilter.java:124)
	at com.google.inject.servlet.FilterChainInvocation.doFilter(FilterChainInvocation.java:82)
	at com.axelor.web.servlet.ProxyFilter.doFilter(ProxyFilter.java:34)
	at com.google.inject.servlet.FilterChainInvocation.doFilter(FilterChainInvocation.java:82)
	at com.google.inject.servlet.ManagedFilterPipeline.dispatch(ManagedFilterPipeline.java:121)
	at com.google.inject.servlet.GuiceFilter.doFilter(GuiceFilter.java:133)
	at org.apache.catalina.core.ApplicationFilterChain.internalDoFilter(ApplicationFilterChain.java:166)
	at org.apache.catalina.core.ApplicationFilterChain.doFilter(ApplicationFilterChain.java:142)
	at org.apache.catalina.core.StandardWrapperValve.invoke(StandardWrapperValve.java:165)
	at org.apache.catalina.core.StandardContextValve.invoke(StandardContextValve.java:88)
	at org.apache.catalina.authenticator.AuthenticatorBase.invoke(AuthenticatorBase.java:535)
	at org.apache.catalina.core.StandardHostValve.invoke(StandardHostValve.java:115)
	at org.apache.catalina.valves.ErrorReportValve.invoke(ErrorReportValve.java:86)
	at org.apache.catalina.core.StandardEngineValve.invoke(StandardEngineValve.java:71)
	at org.apache.catalina.connector.CoyoteAdapter.service(CoyoteAdapter.java:348)
	at org.apache.coyote.http11.Http11Processor.service(Http11Processor.java:408)
	at org.apache.coyote.AbstractProcessorLight.process(AbstractProcessorLight.java:71)
	at org.apache.coyote.AbstractProtocol$ConnectionHandler.process(AbstractProtocol.java:1307)
	at org.apache.tomcat.util.net.NioEndpoint$SocketProcessor.doRun(NioEndpoint.java:2032)
	at org.apache.tomcat.util.net.SocketProcessorBase.run(SocketProcessorBase.java:74)
	at org.apache.tomcat.util.threads.ThreadPoolExecutor.runWorker(ThreadPoolExecutor.java:976)
	at org.apache.tomcat.util.threads.ThreadPoolExecutor$Worker.run(ThreadPoolExecutor.java:494)
	at org.apache.tomcat.util.threads.TaskThread$WrappingRunnable.run(TaskThread.java:80)
	at java.base/java.lang.Thread.run(Thread.java:1583)
Caused by: java.lang.IllegalStateException: Pinned API signature mismatch: com.cencomun.core.db.CcmPilotSession.setConfirmedAt/1, matches=0
	at com.cencomun.core.NativeAccess.call(NativeAccess.java:79)
	at com.cencomun.core.NativeAccess.set(NativeAccess.java:57)
	at com.cencomun.core.PilotService.close(PilotService.java:207)
	at com.google.inject.persist.jpa.JpaLocalTxnInterceptor.invoke(JpaLocalTxnInterceptor.java:66)
	at com.cencomun.core.PilotController.close(PilotController.java:42)
	at java.base/jdk.internal.reflect.DirectMethodHandleAccessor.invoke(DirectMethodHandleAccessor.java:103)
	at java.base/java.lang.reflect.Method.invoke(Method.java:580)
	at com.axelor.meta.ActionHandler.call(ActionHandler.java:230)
	at com.axelor.meta.schema.actions.ActionMethod.evaluate(ActionMethod.java:63)
	at com.axelor.meta.schema.actions.Action.execute(Action.java:89)
	at com.axelor.meta.schema.actions.Action.wrap(Action.java:102)
	at com.axelor.meta.schema.actions.ActionGroup.evaluate(ActionGroup.java:221)
	at com.axelor.meta.schema.actions.Action.execute(Action.java:85)
	at com.axelor.meta.schema.actions.Action.wrap(Action.java:102)
	at com.axelor.meta.ActionHandler.execute(ActionHandler.java:490)
	at com.axelor.meta.ActionExecutor.execute(ActionExecutor.java:44)
	at com.axelor.rpc.ResponseInterceptor.invoke(ResponseInterceptor.java:41)
	at com.axelor.web.service.ActionService.execute(ActionService.java:106)
	at com.axelor.rpc.RequestFilter.invoke(RequestFilter.java:42)
	at com.axelor.rpc.ResponseInterceptor.invoke(ResponseInterceptor.java:50)
	... 81 common frames omitted
2026-10-06 20:28:38.931 ERROR 8841 --- [.1-18080-exec-5] com.axelor.rpc.ResponseInterceptor       : Constraint Error: Validation failed for classes [com.cencomun.core.db.CcmProductProfile] during persist time for groups [jakarta.validation.groups.Default, ]
List of constraint violations:[
	ConstraintViolationImpl{interpolatedMessage='must not be null', propertyPath=supplierReference, rootBeanClass=class com.cencomun.core.db.CcmProductProfile, messageTemplate='{jakarta.validation.constraints.NotNull.message}'}
]
2026-10-06 20:28:47.827 ERROR 8841 --- [1-18080-exec-10] com.axelor.meta.ActionHandler            : null
java.lang.reflect.InvocationTargetException
	at java.base/jdk.internal.reflect.DirectMethodHandleAccessor.invoke(DirectMethodHandleAccessor.java:118)
	at java.base/java.lang.reflect.Method.invoke(Method.java:580)
	at com.axelor.meta.ActionHandler.call(ActionHandler.java:230)
	at com.axelor.meta.schema.actions.ActionMethod.evaluate(ActionMethod.java:63)
	at com.axelor.meta.schema.actions.Action.execute(Action.java:89)
	at com.axelor.meta.schema.actions.Action.wrap(Action.java:102)
	at com.axelor.meta.schema.actions.ActionGroup.evaluate(ActionGroup.java:221)
	at com.axelor.meta.schema.actions.Action.execute(Action.java:85)
	at com.axelor.meta.schema.actions.Action.wrap(Action.java:102)
	at com.axelor.meta.ActionHandler.execute(ActionHandler.java:490)
	at com.axelor.meta.ActionExecutor.execute(ActionExecutor.java:44)
	at com.axelor.meta.ActionExecutor$$EnhancerByGuice$$3b6179d.GUICE$TRAMPOLINE(<generated>)
	at com.google.inject.internal.InterceptorStackCallback$InterceptedMethodInvocation.proceed(InterceptorStackCallback.java:74)
	at com.axelor.rpc.ResponseInterceptor.invoke(ResponseInterceptor.java:41)
	at com.google.inject.internal.InterceptorStackCallback$InterceptedMethodInvocation.proceed(InterceptorStackCallback.java:75)
	at com.google.inject.internal.InterceptorStackCallback.invoke(InterceptorStackCallback.java:55)
	at com.axelor.meta.ActionExecutor$$EnhancerByGuice$$3b6179d.execute(<generated>)
	at com.axelor.web.service.ActionService.execute(ActionService.java:106)
	at com.axelor.web.service.ActionService$$EnhancerByGuice$$7893d67.GUICE$TRAMPOLINE(<generated>)
	at com.google.inject.internal.InterceptorStackCallback$InterceptedMethodInvocation.proceed(InterceptorStackCallback.java:74)
	at com.axelor.rpc.RequestFilter.invoke(RequestFilter.java:42)
	at com.google.inject.internal.InterceptorStackCallback$InterceptedMethodInvocation.proceed(InterceptorStackCallback.java:75)
	at com.axelor.rpc.ResponseInterceptor.invoke(ResponseInterceptor.java:50)
	at com.google.inject.internal.InterceptorStackCallback$InterceptedMethodInvocation.proceed(InterceptorStackCallback.java:75)
	at com.google.inject.internal.InterceptorStackCallback.invoke(InterceptorStackCallback.java:55)
	at com.axelor.web.service.ActionService$$EnhancerByGuice$$7893d67.execute(<generated>)
	at java.base/jdk.internal.reflect.DirectMethodHandleAccessor.invoke(DirectMethodHandleAccessor.java:103)
	at java.base/java.lang.reflect.Method.invoke(Method.java:580)
	at org.jboss.resteasy.core.MethodInjectorImpl.invoke(MethodInjectorImpl.java:154)
	at org.jboss.resteasy.core.MethodInjectorImpl.invoke(MethodInjectorImpl.java:118)
	at org.jboss.resteasy.core.ResourceMethodInvoker.internalInvokeOnTarget(ResourceMethodInvoker.java:560)
	at org.jboss.resteasy.core.ResourceMethodInvoker.invokeOnTargetAfterFilter(ResourceMethodInvoker.java:452)
	at org.jboss.resteasy.core.ResourceMethodInvoker.lambda$invokeOnTarget$0(ResourceMethodInvoker.java:413)
	at org.jboss.resteasy.core.interception.jaxrs.PreMatchContainerRequestContext.filter(PreMatchContainerRequestContext.java:321)
	at org.jboss.resteasy.core.ResourceMethodInvoker.invokeOnTarget(ResourceMethodInvoker.java:415)
	at org.jboss.resteasy.core.ResourceMethodInvoker.invoke(ResourceMethodInvoker.java:378)
	at org.jboss.resteasy.core.ResourceMethodInvoker.invoke(ResourceMethodInvoker.java:356)
	at org.jboss.resteasy.core.ResourceMethodInvoker.invoke(ResourceMethodInvoker.java:70)
	at org.jboss.resteasy.core.SynchronousDispatcher.invoke(SynchronousDispatcher.java:434)
	at org.jboss.resteasy.core.SynchronousDispatcher.lambda$invoke$0(SynchronousDispatcher.java:245)
	at org.jboss.resteasy.core.SynchronousDispatcher.lambda$preprocess$0(SynchronousDispatcher.java:159)
	at org.jboss.resteasy.core.interception.jaxrs.PreMatchContainerRequestContext.filter(PreMatchContainerRequestContext.java:321)
	at org.jboss.resteasy.core.SynchronousDispatcher.preprocess(SynchronousDispatcher.java:162)
	at org.jboss.resteasy.core.SynchronousDispatcher.invoke(SynchronousDispatcher.java:234)
	at org.jboss.resteasy.plugins.server.servlet.ServletContainerDispatcher.service(ServletContainerDispatcher.java:222)
	at org.jboss.resteasy.plugins.server.servlet.HttpServletDispatcher.service(HttpServletDispatcher.java:55)
	at org.jboss.resteasy.plugins.server.servlet.HttpServletDispatcher.service(HttpServletDispatcher.java:51)
	at jakarta.servlet.http.HttpServlet.service(HttpServlet.java:723)
	at org.apache.catalina.core.ApplicationFilterChain.internalDoFilter(ApplicationFilterChain.java:197)
	at org.apache.catalina.core.ApplicationFilterChain.doFilter(ApplicationFilterChain.java:142)
	at org.apache.tomcat.websocket.server.WsFilter.doFilter(WsFilter.java:57)
	at org.apache.catalina.core.ApplicationFilterChain.internalDoFilter(ApplicationFilterChain.java:166)
	at org.apache.catalina.core.ApplicationFilterChain.doFilter(ApplicationFilterChain.java:142)
	at com.google.inject.servlet.FilterChainInvocation.doFilter(FilterChainInvocation.java:89)
	at com.axelor.web.servlet.MaintenanceFilter.doFilter(MaintenanceFilter.java:49)
	at com.google.inject.servlet.FilterChainInvocation.doFilter(FilterChainInvocation.java:82)
	at org.apache.shiro.guice.web.SimpleFilterChain.doFilter(SimpleFilterChain.java:48)
	at org.pac4j.jee.filter.SecurityFilter.lambda$internalFilter$0(SecurityFilter.java:84)
	at org.pac4j.core.engine.DefaultSecurityLogic.perform(DefaultSecurityLogic.java:151)
	at org.pac4j.jee.filter.SecurityFilter.internalFilter(SecurityFilter.java:82)
	at org.pac4j.jee.config.AbstractConfigFilter.doFilter(AbstractConfigFilter.java:92)
	at org.apache.shiro.guice.web.SimpleFilterChain.doFilter(SimpleFilterChain.java:45)
	at com.axelor.auth.pac4j.SessionInfoFilter.doFilterInternal(SessionInfoFilter.java:42)
	at org.apache.shiro.web.servlet.OncePerRequestFilter.doFilter(OncePerRequestFilter.java:156)
	at org.apache.shiro.guice.web.SimpleFilterChain.doFilter(SimpleFilterChain.java:45)
	at org.apache.shiro.web.servlet.AdviceFilter.executeChain(AdviceFilter.java:109)
	at org.apache.shiro.web.servlet.AdviceFilter.doFilterInternal(AdviceFilter.java:138)
	at org.apache.shiro.web.servlet.OncePerRequestFilter.doFilter(OncePerRequestFilter.java:156)
	at org.apache.shiro.guice.web.SimpleFilterChain.doFilter(SimpleFilterChain.java:45)
	at org.apache.shiro.web.servlet.AbstractShiroFilter.executeChain(AbstractShiroFilter.java:463)
	at org.apache.shiro.web.servlet.AbstractShiroFilter.lambda$doFilterInternal$0(AbstractShiroFilter.java:378)
	at org.apache.shiro.subject.support.SubjectCallable.doCall(SubjectCallable.java:91)
	at org.apache.shiro.subject.support.SubjectCallable.call(SubjectCallable.java:84)
	at org.apache.shiro.subject.support.DelegatingSubject.execute(DelegatingSubject.java:389)
	at org.apache.shiro.web.servlet.AbstractShiroFilter.doFilterInternal(AbstractShiroFilter.java:376)
	at org.apache.shiro.web.servlet.OncePerRequestFilter.doFilter(OncePerRequestFilter.java:156)
	at com.google.inject.servlet.FilterChainInvocation.doFilter(FilterChainInvocation.java:82)
	at com.axelor.app.internal.AppFilter.doFilter(AppFilter.java:86)
	at com.google.inject.servlet.FilterChainInvocation.doFilter(FilterChainInvocation.java:82)
	at com.google.inject.persist.PersistFilter.doFilter(PersistFilter.java:94)
	at com.google.inject.servlet.FilterChainInvocation.doFilter(FilterChainInvocation.java:82)
	at com.axelor.db.tenants.TenantFilter.doFilter(TenantFilter.java:69)
	at com.google.inject.servlet.FilterChainInvocation.doFilter(FilterChainInvocation.java:82)
	at com.axelor.web.servlet.CorsFilter.doFilter(CorsFilter.java:124)
	at com.google.inject.servlet.FilterChainInvocation.doFilter(FilterChainInvocation.java:82)
	at com.axelor.web.servlet.ProxyFilter.doFilter(ProxyFilter.java:34)
	at com.google.inject.servlet.FilterChainInvocation.doFilter(FilterChainInvocation.java:82)
	at com.google.inject.servlet.ManagedFilterPipeline.dispatch(ManagedFilterPipeline.java:121)
	at com.google.inject.servlet.GuiceFilter.doFilter(GuiceFilter.java:133)
	at org.apache.catalina.core.ApplicationFilterChain.internalDoFilter(ApplicationFilterChain.java:166)
	at org.apache.catalina.core.ApplicationFilterChain.doFilter(ApplicationFilterChain.java:142)
	at org.apache.catalina.core.StandardWrapperValve.invoke(StandardWrapperValve.java:165)
	at org.apache.catalina.core.StandardContextValve.invoke(StandardContextValve.java:88)
	at org.apache.catalina.authenticator.AuthenticatorBase.invoke(AuthenticatorBase.java:535)
	at org.apache.catalina.core.StandardHostValve.invoke(StandardHostValve.java:115)
	at org.apache.catalina.valves.ErrorReportValve.invoke(ErrorReportValve.java:86)
	at org.apache.catalina.core.StandardEngineValve.invoke(StandardEngineValve.java:71)
	at org.apache.catalina.connector.CoyoteAdapter.service(CoyoteAdapter.java:348)
	at org.apache.coyote.http11.Http11Processor.service(Http11Processor.java:408)
	at org.apache.coyote.AbstractProcessorLight.process(AbstractProcessorLight.java:71)
	at org.apache.coyote.AbstractProtocol$ConnectionHandler.process(AbstractProtocol.java:1307)
	at org.apache.tomcat.util.net.NioEndpoint$SocketProcessor.doRun(NioEndpoint.java:2032)
	at org.apache.tomcat.util.net.SocketProcessorBase.run(SocketProcessorBase.java:74)
	at org.apache.tomcat.util.threads.ThreadPoolExecutor.runWorker(ThreadPoolExecutor.java:976)
	at org.apache.tomcat.util.threads.ThreadPoolExecutor$Worker.run(ThreadPoolExecutor.java:494)
	at org.apache.tomcat.util.threads.TaskThread$WrappingRunnable.run(TaskThread.java:80)
	at java.base/java.lang.Thread.run(Thread.java:1583)
Caused by: com.cencomun.core.CoreFault: Pilot role denied: create
	at com.cencomun.core.PilotPolicy.actor(PilotPolicy.java:17)
	at com.cencomun.core.PilotService.actor(PilotService.java:29)
	at com.cencomun.core.PilotService.previewLine(PilotService.java:61)
	at com.google.inject.persist.jpa.JpaLocalTxnInterceptor.invoke(JpaLocalTxnInterceptor.java:66)
	at com.cencomun.core.PilotController.line(PilotController.java:21)
	at java.base/jdk.internal.reflect.DirectMethodHandleAccessor.invoke(DirectMethodHandleAccessor.java:103)
	at java.base/java.lang.reflect.Method.invoke(Method.java:580)
	at com.axelor.meta.ActionHandler.call(ActionHandler.java:230)
	at com.axelor.meta.schema.actions.ActionMethod.evaluate(ActionMethod.java:63)
	at com.axelor.meta.schema.actions.Action.execute(Action.java:89)
	at com.axelor.meta.schema.actions.Action.wrap(Action.java:102)
	at com.axelor.meta.schema.actions.ActionGroup.evaluate(ActionGroup.java:221)
	at com.axelor.meta.schema.actions.Action.execute(Action.java:85)
	at com.axelor.meta.schema.actions.Action.wrap(Action.java:102)
	at com.axelor.meta.ActionHandler.execute(ActionHandler.java:490)
	at com.axelor.meta.ActionExecutor.execute(ActionExecutor.java:44)
	at com.axelor.rpc.ResponseInterceptor.invoke(ResponseInterceptor.java:41)
	at com.axelor.web.service.ActionService.execute(ActionService.java:106)
	at com.axelor.rpc.RequestFilter.invoke(RequestFilter.java:42)
	at com.axelor.rpc.ResponseInterceptor.invoke(ResponseInterceptor.java:50)
	... 81 common frames omitted
2026-10-06 20:29:10.434 ERROR 8841 --- [.1-18080-exec-9] o.h.engine.jdbc.spi.SqlExceptionHelper   : ERROR: duplicate key value violates unique constraint "uk_ds7988pbc9uumycj54sp2enac"
  Detail: Key (company, product)=(2, 11) already exists.
2026-10-06 20:29:10.442 ERROR 8841 --- [.1-18080-exec-9] com.axelor.rpc.ResponseInterceptor       : PostgreSQL Error: ERROR: duplicate key value violates unique constraint "uk_ds7988pbc9uumycj54sp2enac"
  Detail: Key (company, product)=(2, 11) already exists.
2026-10-06 20:30:02.045 ERROR 8841 --- [.1-18080-exec-9] com.axelor.rpc.ResponseInterceptor       : Authorization Error: [Message=You are not authorized to read this resource., User=pilot-operator, Detail=com.axelor.apps.base.db.Company]
2026-10-06 20:30:02.137 ERROR 8841 --- [.1-18080-exec-8] com.axelor.rpc.ResponseInterceptor       : Authorization Error: [Message=You are not authorized to read this resource., User=pilot-supervisor, Detail=com.axelor.apps.base.db.Company]
