operation,warmup,sample,http_status,elapsed_ms,server_ms,query_count,db_ms
search,1,0,200,549.87912,12.8468,2,4.592
search,1,1,200,17.58972,5.3968,2,3.922
search,1,2,200,17.87857,5.4631,2,4.078
search,1,3,200,17.40276,5.7636,2,4.277
search,1,4,200,17.62272,5.4153,2,3.913
search,1,5,200,17.10412,5.4681,2,3.933
search,1,6,200,16.85226,5.429,2,3.975
search,1,7,200,17.73243,5.5927,2,4.101
search,1,8,200,17.83727,5.4556,2,3.973
search,1,9,200,18.19737,6.0412,2,3.908
search,1,10,200,17.15131,5.4382,2,3.96
search,1,11,200,16.86665,5.4899,2,4.004
search,1,12,200,17.71653,5.4501,2,3.957
search,1,13,200,18.08627,5.4441,2,3.967
search,1,14,200,17.58817,5.5867,2,4.132
search,1,15,200,18.54173,5.9095,2,4.202
search,1,16,200,20.34241,7.3879,2,5.887
search,1,17,200,22.50164,8.8772,2,7.264
search,1,18,200,17.33104,5.4419,2,3.913
search,1,19,200,17.2806,5.4162,2,3.99
search,0,0,200,17.47999,5.4367,2,4.016
search,0,1,200,17.3264,5.2943,2,3.825
search,0,2,200,17.2559,5.3354,2,3.98
search,0,3,200,16.99003,5.5118,2,4.119
search,0,4,200,16.52418,5.3613,2,3.937
search,0,5,200,18.16579,5.4412,2,4.046
search,0,6,200,17.41624,5.3084,2,3.93
search,0,7,200,16.47478,5.3074,2,3.853
search,0,8,200,16.74201,5.344,2,3.894
search,0,9,200,23.46431,5.4528,2,3.954
search,0,10,200,17.06363,5.3043,2,3.896
search,0,11,200,16.92519,5.3408,2,3.965
search,0,12,200,34.14101,8.2295,2,4.289
search,0,13,200,19.03397,5.6018,2,4.063
search,0,14,200,17.33497,5.7504,2,4.034
search,0,15,200,18.83001,5.6696,2,4.123
search,0,16,200,18.66266,5.3032,2,3.95
search,0,17,200,21.34789,5.3946,2,3.937
search,0,18,200,17.00855,5.315,2,3.909
search,0,19,200,16.98734,5.3475,2,3.854
search,0,20,200,17.46982,5.5181,2,4.077
search,0,21,200,23.9811,5.6358,2,4.211
search,0,22,200,17.04894,5.2436,2,3.832
search,0,23,200,22.98904,5.3198,2,3.844
search,0,24,200,16.56555,5.4064,2,3.986
search,0,25,200,16.95618,5.3072,2,3.904
search,0,26,200,16.97118,5.2572,2,3.894
search,0,27,200,22.10805,5.9462,2,4.259
search,0,28,200,17.38146,5.3716,2,3.987
search,0,29,200,16.69352,5.266,2,3.889
search,0,30,200,17.02357,5.3974,2,3.988
search,0,31,200,17.24414,5.3316,2,3.94
search,0,32,200,18.01272,5.315,2,3.821
search,0,33,200,17.26365,5.6021,2,4.207
search,0,34,200,17.6373,5.3041,2,3.886
search,0,35,200,18.14693,5.3309,2,3.984
search,0,36,200,17.30476,5.55,2,4.132
search,0,37,200,16.78466,5.3831,2,3.924
search,0,38,200,16.9894,5.4786,2,4.055
search,0,39,200,17.49767,5.4099,2,3.917
search,0,40,200,16.91776,5.5578,2,4.124
search,0,41,200,18.27263,5.3842,2,4.029
search,0,42,200,86.9011,5.6405,2,4.187
search,0,43,200,17.89185,5.447,2,3.958
search,0,44,200,17.03389,5.427,2,3.897
search,0,45,200,16.8558,5.574,2,4.092
search,0,46,200,16.48677,5.5189,2,3.875
search,0,47,200,16.29342,5.2573,2,3.837
search,0,48,200,16.95375,5.4767,2,4.073
search,0,49,200,17.32381,5.4649,2,4.017
search,0,50,200,16.22335,5.5873,2,4.022
search,0,51,200,16.10381,5.6147,2,4.014
search,0,52,200,16.69479,5.4457,2,4.066
search,0,53,200,16.66102,5.2975,2,3.876
search,0,54,200,16.26193,5.3512,2,3.928
search,0,55,200,15.99275,5.251,2,3.846
search,0,56,200,16.79457,5.2782,2,3.879
search,0,57,200,16.3704,5.4383,2,3.886
search,0,58,200,15.97222,5.2733,2,3.858
search,0,59,200,15.79679,5.274,2,3.852
search,0,60,200,16.69666,5.4374,2,4.039
search,0,61,200,15.81001,5.2667,2,3.866
search,0,62,200,16.26094,5.482,2,3.947
search,0,63,200,16.05046,5.8596,2,4.375
search,0,64,200,15.64424,5.268,2,3.823
search,0,65,200,16.18579,5.3198,2,3.903
search,0,66,200,16.39205,5.3106,2,3.917
search,0,67,200,15.89201,5.3034,2,3.863
search,0,68,200,16.31653,5.2308,2,3.845
search,0,69,200,16.05435,5.3426,2,3.939
search,0,70,200,15.90477,5.2178,2,3.821
search,0,71,200,16.96552,5.431,2,3.85
search,0,72,200,16.70464,5.3477,2,3.89
search,0,73,200,16.3229,5.3227,2,3.894
search,0,74,200,16.21318,5.3779,2,3.876
search,0,75,200,16.13972,5.3431,2,3.825
search,0,76,200,17.23043,5.7319,2,4.263
search,0,77,200,16.76751,5.5467,2,4.086
search,0,78,200,16.05113,5.3258,2,3.855
search,0,79,200,15.972,5.3161,2,3.862
search,0,80,200,15.98101,5.3712,2,3.891
search,0,81,200,16.17091,5.3451,2,3.906
search,0,82,200,16.31496,5.3866,2,3.916
search,0,83,200,16.46942,5.5785,2,4.134
search,0,84,200,16.03392,5.3807,2,3.889
search,0,85,200,16.07049,5.3752,2,3.948
search,0,86,200,16.10475,5.3333,2,3.846
search,0,87,200,15.81525,5.3403,2,3.873
search,0,88,200,16.05744,5.5529,2,4.095
search,0,89,200,16.39411,5.3533,2,3.888
search,0,90,200,16.9922,5.2915,2,3.866
search,0,91,200,58.46675,5.4391,2,3.988
search,0,92,200,17.71416,5.5176,2,4.018
search,0,93,200,16.49988,5.3941,2,3.921
search,0,94,200,16.66245,5.3738,2,3.975
search,0,95,200,16.49501,5.6612,2,4.217
search,0,96,200,17.5509,5.6558,2,4.112
search,0,97,200,16.9142,5.4313,2,3.952
search,0,98,200,17.11866,5.3687,2,3.894
search,0,99,200,17.15301,5.9411,2,4.361
search,0,100,200,17.32337,5.5126,2,4.012
search,0,101,200,17.89919,5.8748,2,4.262
search,0,102,200,17.52584,5.512,2,4.036
search,0,103,200,16.77755,5.449,2,3.961
search,0,104,200,16.90426,5.5198,2,3.972
search,0,105,200,16.86828,5.6358,2,4.167
search,0,106,200,18.17147,5.3791,2,3.934
search,0,107,200,18.50264,5.8157,2,4.203
search,0,108,200,16.78271,5.3495,2,3.937
search,0,109,200,17.02218,5.2936,2,3.921
search,0,110,200,16.53843,5.403,2,4.011
search,0,111,200,16.70897,5.6531,2,4.205
search,0,112,200,15.93573,5.2892,2,3.841
search,0,113,200,16.48765,5.4303,2,3.991
search,0,114,200,16.31834,5.5851,2,4.109
search,0,115,200,17.7663,5.4503,2,4.043
search,0,116,200,17.42413,5.5645,2,4.008
search,0,117,200,17.42946,5.3839,2,3.934
search,0,118,200,16.87212,5.388,2,3.944
search,0,119,200,16.73687,5.3164,2,3.88
search,0,120,200,17.01991,5.6646,2,4.189
search,0,121,200,17.74581,5.3627,2,3.926
search,0,122,200,16.55566,5.3615,2,3.926
search,0,123,200,17.71307,5.5381,2,4.035
search,0,124,200,17.27112,5.4572,2,4.009
search,0,125,200,17.27627,5.3594,2,3.926
search,0,126,200,20.04988,8.6204,2,7.113
search,0,127,200,16.41897,5.5427,2,4.057
search,0,128,200,17.31465,5.8232,2,4.353
search,0,129,200,17.37605,5.7746,2,4.238
search,0,130,200,16.38663,5.422,2,3.988
search,0,131,200,16.99782,6.3209,2,4.707
search,0,132,200,18.02244,6.2368,2,4.79
search,0,133,200,17.02556,5.5917,2,4.117
search,0,134,200,16.15342,5.5348,2,4.096
search,0,135,200,16.37324,5.5016,2,4.018
search,0,136,200,16.1822,5.4315,2,4.009
search,0,137,200,18.55943,6.5314,2,4.874
search,0,138,200,16.60203,5.6762,2,4.18
search,0,139,200,16.40887,5.4427,2,3.958
search,0,140,200,58.17733,5.6156,2,4.064
search,0,141,200,17.98771,6.5982,2,5.142
search,0,142,200,17.21153,5.5349,2,4.139
search,0,143,200,16.6029,5.4781,2,4.024
search,0,144,200,17.48429,5.7329,2,4.305
search,0,145,200,16.53084,5.5391,2,4.081
search,0,146,200,17.17756,5.4935,2,4.088
search,0,147,200,16.51769,5.4894,2,4.066
search,0,148,200,16.97151,5.4064,2,4.0
search,0,149,200,17.22771,5.5078,2,3.994
search,0,150,200,16.71859,5.3709,2,3.906
search,0,151,200,16.15726,5.4145,2,3.97
search,0,152,200,16.73402,5.4517,2,3.979
search,0,153,200,16.33391,5.5494,2,4.004
search,0,154,200,17.42246,6.0331,2,4.485
search,0,155,200,17.31123,6.1798,2,4.697
search,0,156,200,17.22355,5.7759,2,4.083
search,0,157,200,20.34836,5.9819,2,4.544
search,0,158,200,16.53569,5.5041,2,4.06
search,0,159,200,18.78091,6.4087,2,4.653
search,0,160,200,17.35643,5.8417,2,4.158
search,0,161,200,16.78057,5.7977,2,4.161
search,0,162,200,17.11335,5.6678,2,4.214
search,0,163,200,16.66642,5.5803,2,4.13
search,0,164,200,17.13193,5.6627,2,4.177
search,0,165,200,16.45905,5.829,2,4.345
search,0,166,200,17.74219,5.7968,2,4.273
search,0,167,200,17.79225,5.814,2,4.278
search,0,168,200,17.8755,5.8779,2,4.431
search,0,169,200,17.86182,5.636,2,4.066
search,0,170,200,17.74556,5.5161,2,4.034
search,0,171,200,17.25585,6.1757,2,4.713
search,0,172,200,17.44776,5.7773,2,4.301
search,0,173,200,16.8856,5.6306,2,4.156
search,0,174,200,16.96625,5.3979,2,3.982
search,0,175,200,16.4232,5.4547,2,3.975
search,0,176,200,17.26562,5.5647,2,4.1
search,0,177,200,16.537,5.5073,2,4.037
search,0,178,200,16.79058,5.507,2,3.99
search,0,179,200,16.40009,5.4666,2,4.006
search,0,180,200,16.82119,5.3761,2,3.922
search,0,181,200,16.24182,5.3814,2,3.925
search,0,182,200,16.50157,5.5902,2,4.052
search,0,183,200,16.48299,5.5833,2,4.123
search,0,184,200,17.12922,5.3672,2,3.897
search,0,185,200,16.63084,5.3707,2,3.952
search,0,186,200,17.47614,5.6464,2,4.136
search,0,187,200,16.9238,5.5457,2,4.039
search,0,188,200,17.30567,5.4552,2,4.002
search,0,189,200,60.38624,5.4941,2,3.997
search,0,190,200,19.91788,5.8974,2,4.367
search,0,191,200,16.7247,5.5366,2,4.102
search,0,192,200,18.34287,5.5697,2,4.07
search,0,193,200,16.33075,5.4471,2,3.991
search,0,194,200,18.0449,6.2891,2,4.316
search,0,195,200,16.17573,5.4046,2,3.904
search,0,196,200,16.25357,5.34,2,3.885
search,0,197,200,16.1923,5.4167,2,3.897
search,0,198,200,16.15342,5.3346,2,3.911
search,0,199,200,16.70315,5.3838,2,3.899
search,0,200,200,16.91591,5.7498,2,3.922
search,0,201,200,16.09888,5.3779,2,3.911
search,0,202,200,16.27628,5.3281,2,3.862
search,0,203,200,15.87537,5.3712,2,3.92
search,0,204,200,16.75058,5.3747,2,3.869
search,0,205,200,16.24463,5.3664,2,3.901
search,0,206,200,16.739,5.3549,2,3.895
search,0,207,200,16.27979,5.4452,2,3.973
search,0,208,200,16.61892,5.3957,2,3.965
search,0,209,200,16.1503,5.4134,2,3.984
search,0,210,200,16.63549,5.377,2,3.888
search,0,211,200,16.06509,5.4137,2,3.895
search,0,212,200,16.86781,5.4273,2,3.97
search,0,213,200,16.61038,5.5975,2,4.107
search,0,214,200,16.67349,5.7553,2,4.241
search,0,215,200,17.14168,5.569,2,4.03
search,0,216,200,16.50315,5.4903,2,3.984
search,0,217,200,16.68975,5.3683,2,3.918
search,0,218,200,24.54318,12.5074,2,9.286
search,0,219,200,17.08905,5.5707,2,4.096
search,0,220,200,17.21621,5.5746,2,4.092
search,0,221,200,17.21135,5.9345,2,4.436
search,0,222,200,18.08769,5.5353,2,4.076
search,0,223,200,16.47391,5.5744,2,4.075
search,0,224,200,17.10174,5.5877,2,4.069
search,0,225,200,16.43585,5.3851,2,3.927
search,0,226,200,16.94513,5.4322,2,4.008
search,0,227,200,16.15845,5.3975,2,3.957
search,0,228,200,16.9568,5.3831,2,3.925
search,0,229,200,16.04224,5.4601,2,3.976
search,0,230,200,16.39235,5.3389,2,3.819
search,0,231,200,16.15095,5.547,2,4.0
search,0,232,200,19.22238,8.5832,2,7.065
search,0,233,200,17.26271,5.7435,2,4.284
search,0,234,200,16.29663,5.3379,2,3.945
search,0,235,200,16.54738,5.7458,2,4.311
search,0,236,200,16.77607,5.3534,2,3.984
search,0,237,200,16.4306,5.6382,2,4.245
search,0,238,200,61.20758,5.3704,2,3.983
search,0,239,200,17.35049,5.5169,2,4.12
search,0,240,200,17.00779,5.5784,2,4.179
search,0,241,200,16.84718,5.917,2,4.361
search,0,242,200,16.54927,5.4158,2,3.991
search,0,243,200,15.97522,5.3859,2,3.94
search,0,244,200,17.3284,5.4857,2,4.094
search,0,245,200,15.90461,5.3763,2,3.946
search,0,246,200,17.49642,5.6238,2,4.114
search,0,247,200,16.69452,5.4328,2,3.937
search,0,248,200,17.00078,5.4152,2,3.969
search,0,249,200,16.02925,5.5838,2,4.13
search,0,250,200,18.37815,5.7061,2,4.209
search,0,251,200,15.97609,5.468,2,4.066
search,0,252,200,17.07992,5.44,2,4.008
search,0,253,200,16.02619,5.3922,2,3.951
search,0,254,200,16.96945,5.6678,2,4.127
search,0,255,200,16.52727,5.4585,2,4.009
search,0,256,200,16.75236,5.368,2,3.981
search,0,257,200,15.9594,5.3607,2,3.966
search,0,258,200,17.04559,5.7072,2,4.181
search,0,259,200,15.89983,5.5904,2,4.096
search,0,260,200,16.07864,5.5967,2,4.079
search,0,261,200,15.97753,5.4508,2,4.01
search,0,262,200,16.48504,5.3853,2,3.93
search,0,263,200,15.99139,5.3063,2,3.914
search,0,264,200,16.35779,5.2724,2,3.893
search,0,265,200,17.53837,5.8489,2,4.227
search,0,266,200,16.4097,5.4482,2,3.97
search,0,267,200,15.78778,5.4352,2,3.924
search,0,268,200,16.72,6.1296,2,4.383
search,0,269,200,16.30448,5.5804,2,4.111
search,0,270,200,16.61159,5.6653,2,4.161
search,0,271,200,16.87514,6.0919,2,4.535
search,0,272,200,16.79945,5.8326,2,4.406
search,0,273,200,16.5963,5.3234,2,3.929
search,0,274,200,22.62053,5.2659,2,3.848
search,0,275,200,16.13875,5.432,2,3.991
search,0,276,200,24.07956,5.6846,2,4.274
search,0,277,200,16.35015,5.3179,2,3.925
search,0,278,200,16.53884,5.4628,2,4.027
search,0,279,200,16.88404,5.368,2,3.946
search,0,280,200,15.98113,5.3733,2,3.896
search,0,281,200,16.2584,5.3447,2,3.899
search,0,282,200,16.75118,5.634,2,4.213
search,0,283,200,16.12189,5.2913,2,3.887
search,0,284,200,15.97419,5.3032,2,3.899
search,0,285,200,17.53111,5.9088,2,4.263
search,0,286,200,16.44595,5.5987,2,3.945
search,0,287,200,59.25578,5.5941,2,4.049
search,0,288,200,19.90633,6.0737,2,4.387
search,0,289,200,19.17858,5.9399,2,4.283
search,0,290,200,17.45604,5.9741,2,4.167
search,0,291,200,19.2181,5.6971,2,4.151
search,0,292,200,16.30705,5.4719,2,3.913
search,0,293,200,17.28023,5.3738,2,3.918
search,0,294,200,15.91853,5.248,2,3.829
search,0,295,200,17.77132,6.0395,2,4.447
search,0,296,200,16.35105,5.7119,2,4.069
search,0,297,200,17.57703,5.5184,2,4.028
search,0,298,200,16.56338,5.7511,2,4.23
search,0,299,200,16.57457,5.4328,2,3.919
search,0,300,200,16.66652,5.4095,2,3.895
search,0,301,200,16.42746,5.5283,2,3.951
search,0,302,200,16.11166,5.574,2,4.005
search,0,303,200,16.82263,5.6141,2,4.001
search,0,304,200,16.44254,5.4739,2,3.934
search,0,305,200,16.19704,5.4111,2,3.941
search,0,306,200,16.43204,5.4477,2,3.903
search,0,307,200,16.26689,5.5946,2,4.065
search,0,308,200,16.83968,5.4319,2,3.908
search,0,309,200,16.47374,5.5356,2,3.982
search,0,310,200,21.68271,7.0287,2,5.353
search,0,311,200,19.01623,5.9285,2,4.142
search,0,312,200,16.82388,5.6286,2,4.149
search,0,313,200,17.39174,5.5224,2,4.084
search,0,314,200,16.21287,5.3835,2,3.968
search,0,315,200,16.91733,5.5225,2,3.942
search,0,316,200,16.20191,5.7354,2,3.957
search,0,317,200,17.16015,5.3981,2,3.998
search,0,318,200,16.36096,5.3664,2,3.973
search,0,319,200,16.0311,5.3463,2,3.912
search,0,320,200,16.12016,5.3097,2,3.906
search,0,321,200,16.05723,5.3583,2,3.881
search,0,322,200,16.02563,5.3368,2,3.951
search,0,323,200,15.82246,5.2512,2,3.873
search,0,324,200,16.05189,5.2925,2,3.904
search,0,325,200,18.03231,5.4547,2,3.996
search,0,326,200,16.32408,5.3913,2,3.968
search,0,327,200,16.75783,5.3661,2,3.945
search,0,328,200,15.96632,5.3107,2,3.929
search,0,329,200,16.34575,5.3606,2,3.916
search,0,330,200,15.76671,5.3115,2,3.872
search,0,331,200,19.05142,5.4299,2,3.91
search,0,332,200,15.67861,5.3595,2,3.992
search,0,333,200,16.73007,5.468,2,3.952
search,0,334,200,20.15926,5.4536,2,4.002
search,0,335,200,16.74505,5.328,2,3.908
search,0,336,200,60.73786,5.5756,2,4.118
search,0,337,200,18.14833,5.4478,2,3.927
search,0,338,200,17.03476,5.4186,2,3.856
search,0,339,200,16.35141,5.3552,2,3.855
search,0,340,200,17.8375,6.9983,2,5.516
search,0,341,200,16.47218,5.4058,2,3.948
search,0,342,200,16.30523,5.4726,2,4.07
search,0,343,200,16.62368,5.3733,2,3.917
search,0,344,200,15.90468,5.3487,2,3.925
search,0,345,200,16.5986,5.8859,2,4.369
search,0,346,200,16.54542,5.3998,2,3.957
search,0,347,200,16.34919,5.4035,2,3.927
search,0,348,200,15.7908,5.4208,2,3.979
search,0,349,200,16.27067,5.289,2,3.9
search,0,350,200,17.4564,5.3825,2,4.015
search,0,351,200,15.85141,5.2948,2,3.91
search,0,352,200,15.96617,5.4682,2,3.87
search,0,353,200,15.8417,5.2875,2,3.912
search,0,354,200,16.26595,5.3736,2,3.908
search,0,355,200,16.63894,5.4449,2,3.98
search,0,356,200,16.11311,5.4797,2,4.049
search,0,357,200,15.94981,5.3751,2,3.98
search,0,358,200,17.11897,5.7235,2,4.214
search,0,359,200,16.38092,5.4238,2,3.995
search,0,360,200,18.24237,7.067,2,5.565
search,0,361,200,16.14271,5.5856,2,4.036
search,0,362,200,16.24993,5.4458,2,3.924
search,0,363,200,16.42641,5.472,2,3.953
search,0,364,200,16.29775,5.4685,2,3.935
search,0,365,200,16.3134,5.4234,2,3.965
search,0,366,200,16.94163,5.6175,2,4.133
search,0,367,200,18.40221,7.2195,2,5.762
search,0,368,200,16.47112,5.6396,2,4.194
search,0,369,200,21.53221,5.7633,2,4.237
search,0,370,200,17.62628,5.7274,2,4.112
search,0,371,200,16.62285,5.4309,2,3.932
search,0,372,200,17.933,6.0245,2,4.483
search,0,373,200,16.67197,5.4771,2,3.898
search,0,374,200,15.76161,5.3861,2,3.886
search,0,375,200,16.18252,5.3979,2,3.877
search,0,376,200,15.98496,5.3957,2,3.848
search,0,377,200,15.72493,5.4457,2,3.958
search,0,378,200,16.60412,5.3877,2,3.925
search,0,379,200,15.78822,5.3757,2,3.849
search,0,380,200,17.86781,5.4436,2,3.946
search,0,381,200,18.22615,6.1032,2,4.239
search,0,382,200,20.78588,6.0259,2,4.431
search,0,383,200,17.78655,5.6027,2,4.065
search,0,384,200,19.97382,5.5352,2,4.027
search,0,385,200,58.602,5.5582,2,4.005
search,0,386,200,19.93145,5.8499,2,4.27
search,0,387,200,17.05811,5.7955,2,3.931
search,0,388,200,16.92032,5.3999,2,3.921
search,0,389,200,16.35244,5.545,2,3.967
search,0,390,200,17.58754,5.4106,2,3.929
search,0,391,200,16.38326,5.5554,2,4.122
search,0,392,200,16.33038,5.3474,2,3.876
search,0,393,200,16.28382,5.5819,2,3.909
search,0,394,200,15.77906,5.4071,2,3.894
search,0,395,200,16.27728,5.4354,2,3.879
search,0,396,200,15.92169,5.3804,2,3.846
search,0,397,200,16.39942,5.3841,2,3.876
search,0,398,200,16.38515,5.4497,2,3.938
search,0,399,200,16.30226,5.3692,2,3.87
search,0,400,200,20.45899,5.4944,2,4.013
search,0,401,200,16.98281,6.3125,2,4.854
search,0,402,200,16.6994,5.9723,2,4.502
search,0,403,200,16.69177,5.9994,2,4.554
search,0,404,200,17.22355,6.0117,2,4.567
search,0,405,200,17.2819,5.9581,2,4.527
search,0,406,200,16.46723,6.1375,2,4.67
search,0,407,200,16.83582,6.0687,2,4.52
search,0,408,200,17.5548,5.9652,2,4.481
search,0,409,200,16.74449,5.9391,2,4.494
search,0,410,200,16.81898,6.0149,2,4.469
search,0,411,200,18.41809,5.9424,2,4.468
search,0,412,200,16.63311,5.9475,2,4.472
search,0,413,200,16.63079,5.9202,2,4.397
search,0,414,200,16.81026,5.9176,2,4.449
search,0,415,200,16.61236,5.9118,2,4.446
search,0,416,200,17.41065,5.8765,2,4.398
search,0,417,200,16.00793,5.4854,2,4.054
search,0,418,200,16.24093,5.545,2,4.077
search,0,419,200,16.06984,5.74,2,4.104
search,0,420,200,16.21906,5.5455,2,4.065
search,0,421,200,16.30331,5.8928,2,4.391
search,0,422,200,17.99778,6.0028,2,4.568
search,0,423,200,16.74419,5.7836,2,4.294
search,0,424,200,16.20771,5.5115,2,3.94
search,0,425,200,17.05179,5.8395,2,4.334
search,0,426,200,19.02776,5.7915,2,4.21
search,0,427,200,18.17655,7.2615,2,5.601
search,0,428,200,18.55303,6.1954,2,4.648
search,0,429,200,17.00598,6.1003,2,4.626
search,0,430,200,16.99164,5.9429,2,4.471
search,0,431,200,17.46723,6.3738,2,4.85
search,0,432,200,17.11102,5.9018,2,4.449
search,0,433,200,17.52859,6.1832,2,4.716
search,0,434,200,64.94392,6.1241,2,4.622
search,0,435,200,21.03344,6.8127,2,5.276
search,0,436,200,21.64006,6.2988,2,4.82
search,0,437,200,19.8885,6.3806,2,4.842
search,0,438,200,19.05711,7.422,2,5.915
search,0,439,200,16.79562,5.7568,2,4.318
search,0,440,200,18.30054,5.6689,2,4.191
search,0,441,200,17.01338,5.4865,2,4.024
search,0,442,200,17.54049,5.9238,2,4.403
search,0,443,200,16.33662,5.4399,2,3.963
search,0,444,200,17.2493,5.413,2,4.034
search,0,445,200,15.84886,5.4594,2,4.06
search,0,446,200,23.62158,5.5019,2,4.029
search,0,447,200,16.35165,5.449,2,4.043
search,0,448,200,17.37764,5.465,2,4.028
search,0,449,200,15.89746,5.4809,2,4.034
search,0,450,200,17.49993,5.4698,2,3.972
search,0,451,200,16.85833,5.4945,2,4.019
search,0,452,200,17.73431,5.6296,2,4.077
search,0,453,200,17.1291,5.4908,2,3.97
search,0,454,200,17.5198,5.4201,2,3.959
search,0,455,200,16.93825,5.7306,2,3.922
search,0,456,200,16.2231,5.3581,2,3.887
search,0,457,200,16.6859,5.3404,2,3.845
search,0,458,200,16.04761,5.3387,2,3.828
search,0,459,200,16.17823,5.4162,2,3.953
search,0,460,200,16.48281,5.4379,2,3.96
search,0,461,200,17.73551,5.5522,2,4.04
search,0,462,200,16.34899,5.4068,2,3.903
search,0,463,200,16.33896,5.4169,2,3.915
search,0,464,200,17.23455,5.4262,2,3.974
search,0,465,200,16.18912,5.3935,2,3.956
search,0,466,200,16.11382,5.3655,2,3.903
search,0,467,200,15.80242,5.3346,2,3.919
search,0,468,200,15.91568,5.3119,2,3.888
search,0,469,200,16.10446,5.3273,2,3.927
search,0,470,200,17.17253,5.4374,2,3.944
search,0,471,200,16.14237,5.5893,2,3.853
search,0,472,200,16.08311,5.3524,2,3.903
search,0,473,200,15.89305,5.3737,2,3.94
search,0,474,200,15.80447,5.3333,2,3.884
search,0,475,200,15.80395,5.3245,2,3.862
search,0,476,200,16.30118,5.609,2,4.186
search,0,477,200,16.63908,5.6508,2,4.141
search,0,478,200,16.77426,5.3702,2,3.918
search,0,479,200,16.10554,5.3884,2,3.931
search,0,480,200,17.60924,5.3466,2,3.897
search,0,481,200,16.60128,5.8822,2,4.47
search,0,482,200,16.36646,5.5412,2,4.07
search,0,483,200,60.17707,5.3021,2,3.87
search,0,484,200,18.20187,5.6187,2,4.167
search,0,485,200,17.21044,5.311,2,3.876
search,0,486,200,15.90401,5.3629,2,3.923
search,0,487,200,15.97478,5.3527,2,3.917
search,0,488,200,16.04662,5.3533,2,3.911
search,0,489,200,15.81259,5.2824,2,3.834
search,0,490,200,15.96625,5.3163,2,3.861
search,0,491,200,15.94065,5.2765,2,3.85
search,0,492,200,15.84461,5.294,2,3.876
search,0,493,200,16.95985,5.425,2,3.836
search,0,494,200,16.34297,5.4708,2,3.956
search,0,495,200,16.05403,5.4205,2,3.969
search,0,496,200,15.63656,5.3244,2,3.877
search,0,497,200,16.58498,5.4608,2,3.985
search,0,498,200,15.54281,5.3364,2,3.904
search,0,499,200,15.91504,5.3584,2,3.925
search,0,500,200,15.37158,5.2693,2,3.796
search,0,501,200,15.63638,5.3119,2,3.845
search,0,502,200,16.43951,5.6415,2,4.144
search,0,503,200,16.14319,5.3813,2,3.921
search,0,504,200,15.84013,5.3281,2,3.846
search,0,505,200,16.26471,5.4944,2,4.066
search,0,506,200,15.78992,5.4522,2,4.002
search,0,507,200,15.58185,5.3281,2,3.841
search,0,508,200,15.59839,5.3848,2,3.953
search,0,509,200,15.30147,5.2757,2,3.862
search,0,510,200,15.28482,5.2772,2,3.842
search,0,511,200,15.95276,5.2575,2,3.813
search,0,512,200,15.84353,5.2547,2,3.827
search,0,513,200,16.71826,5.4321,2,4.01
search,0,514,200,16.53025,5.3131,2,3.859
search,0,515,200,16.68687,5.4148,2,3.943
search,0,516,200,17.11128,5.579,2,4.141
search,0,517,200,16.18963,5.442,2,3.968
search,0,518,200,17.47607,5.4063,2,3.924
search,0,519,200,16.21673,5.3708,2,3.884
search,0,520,200,16.30731,5.8484,2,4.365
search,0,521,200,16.21715,5.336,2,3.894
search,0,522,200,18.13926,6.1688,2,4.232
search,0,523,200,16.95285,5.5372,2,4.084
search,0,524,200,16.27742,5.333,2,3.951
search,0,525,200,16.12877,5.3161,2,3.834
search,0,526,200,15.65639,5.3541,2,3.907
search,0,527,200,16.4096,5.2755,2,3.835
search,0,528,200,15.77084,5.2619,2,3.825
search,0,529,200,16.27099,5.3937,2,3.923
search,0,530,200,15.4691,5.3722,2,3.963
search,0,531,200,16.79137,5.3019,2,3.882
search,0,532,200,59.53055,5.3432,2,3.887
search,0,533,200,18.62825,6.2506,2,4.73
search,0,534,200,17.52139,5.5816,2,4.018
search,0,535,200,15.88987,5.3118,2,3.882
search,0,536,200,15.68382,5.3471,2,3.878
search,0,537,200,16.57707,5.3861,2,3.912
search,0,538,200,15.99513,5.3575,2,3.924
search,0,539,200,15.9432,5.3094,2,3.843
search,0,540,200,16.30958,5.5174,2,4.082
search,0,541,200,16.45012,5.5553,2,4.006
search,0,542,200,16.51885,5.4785,2,3.99
search,0,543,200,17.25967,5.38,2,3.87
search,0,544,200,15.83527,5.358,2,3.889
search,0,545,200,15.88221,5.3468,2,3.874
search,0,546,200,15.86899,5.3856,2,3.836
search,0,547,200,15.68284,5.2986,2,3.798
search,0,548,200,15.9834,5.4952,2,4.007
search,0,549,200,16.17355,5.3453,2,3.859
search,0,550,200,15.70448,5.4308,2,3.924
search,0,551,200,15.47757,5.33,2,3.906
search,0,552,200,16.21219,5.5862,2,4.081
search,0,553,200,15.93926,5.4042,2,3.88
search,0,554,200,16.40383,5.6914,2,3.859
search,0,555,200,15.64267,5.3692,2,3.881
search,0,556,200,15.68274,5.3458,2,3.884
search,0,557,200,15.48938,5.2618,2,3.815
search,0,558,200,16.18729,5.4714,2,3.978
search,0,559,200,16.55082,5.5071,2,3.999
search,0,560,200,15.8278,5.3354,2,3.816
search,0,561,200,15.80439,5.3661,2,3.881
search,0,562,200,15.67886,5.2807,2,3.846
search,0,563,200,15.78001,5.3697,2,3.95
search,0,564,200,15.94126,5.4911,2,3.882
search,0,565,200,16.01889,5.6319,2,4.046
search,0,566,200,15.55874,5.2616,2,3.854
search,0,567,200,15.79715,5.319,2,3.871
search,0,568,200,16.56961,5.3475,2,3.849
search,0,569,200,15.7174,5.2544,2,3.802
search,0,570,200,16.72136,5.3345,2,3.815
search,0,571,200,15.8715,5.4133,2,3.904
search,0,572,200,16.79315,5.7488,2,3.939
search,0,573,200,15.65596,5.3167,2,3.853
search,0,574,200,16.39937,5.2973,2,3.848
search,0,575,200,15.92949,5.2905,2,3.828
search,0,576,200,17.48155,5.3791,2,3.891
search,0,577,200,16.04984,5.3088,2,3.88
search,0,578,200,16.37069,5.347,2,3.856
search,0,579,200,15.91176,5.2746,2,3.809
search,0,580,200,16.15196,5.3358,2,3.857
search,0,581,200,59.11576,5.3341,2,3.939
search,0,582,200,17.74448,5.5488,2,4.037
search,0,583,200,16.09166,5.3289,2,3.847
search,0,584,200,15.91356,5.3467,2,3.861
search,0,585,200,16.12379,5.3731,2,3.896
search,0,586,200,17.83753,5.5225,2,4.03
search,0,587,200,15.8824,5.3483,2,3.874
search,0,588,200,16.28515,5.4378,2,3.956
search,0,589,200,15.85686,5.2894,2,3.862
search,0,590,200,16.24992,5.3098,2,3.841
search,0,591,200,15.90137,5.3101,2,3.836
search,0,592,200,16.10789,5.3013,2,3.857
search,0,593,200,15.65578,5.2812,2,3.819
search,0,594,200,16.52007,5.4917,2,3.927
search,0,595,200,16.03387,5.3304,2,3.818
search,0,596,200,16.26553,5.5707,2,4.157
search,0,597,200,15.89668,5.4956,2,4.079
search,0,598,200,15.89017,5.304,2,3.889
search,0,599,200,16.28254,5.3844,2,3.961
search,0,600,200,15.74292,5.3434,2,3.91
search,0,601,200,15.7201,5.2902,2,3.828
search,0,602,200,16.18291,5.3671,2,3.933
search,0,603,200,15.67193,5.3878,2,3.912
search,0,604,200,16.17127,5.3508,2,3.88
search,0,605,200,15.50182,5.3091,2,3.822
search,0,606,200,15.69374,5.352,2,3.925
search,0,607,200,15.56788,5.2385,2,3.826
search,0,608,200,16.23178,5.25,2,3.855
search,0,609,200,15.70571,5.3165,2,3.917
search,0,610,200,16.38419,5.3489,2,3.896
search,0,611,200,15.59818,5.2607,2,3.843
search,0,612,200,18.03189,5.3577,2,3.984
search,0,613,200,15.77757,5.285,2,3.873
search,0,614,200,15.58353,5.2916,2,3.883
search,0,615,200,15.4284,5.3663,2,3.879
search,0,616,200,15.86107,5.3324,2,3.859
search,0,617,200,15.7678,5.6662,2,4.073
search,0,618,200,15.53026,5.3379,2,3.893
search,0,619,200,15.55415,5.2962,2,3.886
search,0,620,200,15.54952,5.2221,2,3.842
search,0,621,200,15.35599,5.2485,2,3.835
search,0,622,200,15.31749,5.2692,2,3.862
search,0,623,200,16.10562,5.2656,2,3.841
search,0,624,200,15.83254,5.316,2,3.884
search,0,625,200,15.85263,5.2557,2,3.846
search,0,626,200,15.65118,5.2211,2,3.843
search,0,627,200,15.6358,5.2977,2,3.881
search,0,628,200,15.96826,5.2618,2,3.852
search,0,629,200,15.70215,5.2755,2,3.853
search,0,630,200,58.55763,5.3187,2,3.899
search,0,631,200,18.59459,5.4997,2,3.985
search,0,632,200,16.9028,5.7033,2,4.211
search,0,633,200,16.55385,5.6566,2,4.158
search,0,634,200,17.03511,5.7015,2,4.061
search,0,635,200,15.8443,5.4314,2,3.878
search,0,636,200,16.52419,5.366,2,3.828
search,0,637,200,16.05173,5.3951,2,3.815
search,0,638,200,16.73649,5.3414,2,3.867
search,0,639,200,16.13792,5.3167,2,3.884
search,0,640,200,16.86309,5.3016,2,3.856
search,0,641,200,15.87875,5.3081,2,3.86
search,0,642,200,15.93518,5.2829,2,3.829
search,0,643,200,15.72309,5.437,2,3.949
search,0,644,200,16.00028,5.2539,2,3.854
search,0,645,200,15.51962,5.2954,2,3.869
search,0,646,200,17.3399,5.4022,2,3.897
search,0,647,200,16.07388,5.3662,2,3.835
search,0,648,200,16.26376,5.3508,2,3.875
search,0,649,200,16.32142,5.584,2,3.884
search,0,650,200,17.0793,5.4291,2,3.88
search,0,651,200,16.07548,5.4653,2,3.913
search,0,652,200,17.65333,5.4424,2,3.915
search,0,653,200,16.97872,5.5734,2,4.017
search,0,654,200,17.23765,5.599,2,4.066
search,0,655,200,16.61861,5.4575,2,3.974
search,0,656,200,16.80437,5.3884,2,3.891
search,0,657,200,16.18429,5.495,2,3.879
search,0,658,200,16.41863,5.3764,2,3.891
search,0,659,200,15.70335,5.3517,2,3.879
search,0,660,200,16.79445,5.3421,2,3.912
search,0,661,200,16.56653,5.3622,2,3.932
search,0,662,200,15.8099,5.3417,2,3.924
search,0,663,200,15.89182,5.3342,2,3.978
search,0,664,200,16.18696,5.371,2,3.933
search,0,665,200,15.93432,5.426,2,4.002
search,0,666,200,17.10927,6.1472,2,3.943
search,0,667,200,17.10688,6.1303,2,4.545
search,0,668,200,19.79832,5.8088,2,4.254
search,0,669,200,16.2921,5.4709,2,4.027
search,0,670,200,16.89825,5.4761,2,4.071
search,0,671,200,16.17029,5.3508,2,3.989
search,0,672,200,16.0081,5.3814,2,3.966
search,0,673,200,15.60177,5.3091,2,3.891
search,0,674,200,16.00169,5.2766,2,3.876
search,0,675,200,16.97072,5.9633,2,4.528
search,0,676,200,17.40234,6.3916,2,4.802
search,0,677,200,17.01055,5.9495,2,4.441
search,0,678,200,17.63262,6.6293,2,4.864
search,0,679,200,63.78769,7.3124,2,5.665
search,0,680,200,18.22048,5.677,2,4.084
search,0,681,200,16.73271,5.3543,2,3.964
search,0,682,200,17.60383,6.1041,2,4.684
search,0,683,200,17.36255,5.9792,2,4.512
search,0,684,200,16.87541,5.9716,2,4.522
search,0,685,200,17.103,6.0535,2,4.566
search,0,686,200,16.42843,5.92,2,4.407
search,0,687,200,16.71592,5.9397,2,4.523
search,0,688,200,16.78457,6.0781,2,4.611
search,0,689,200,17.32278,6.0186,2,4.482
search,0,690,200,18.495,6.878,2,5.121
search,0,691,200,18.25433,5.5918,2,4.054
search,0,692,200,16.2513,5.4107,2,3.885
search,0,693,200,17.24446,5.5058,2,3.98
search,0,694,200,16.29317,5.2548,2,3.842
search,0,695,200,16.31373,5.3068,2,3.923
search,0,696,200,18.26568,7.3705,2,5.799
search,0,697,200,17.59087,5.3447,2,3.94
search,0,698,200,16.03607,5.2899,2,3.864
search,0,699,200,15.90722,5.307,2,3.871
search,0,700,200,15.90147,5.3832,2,4.0
search,0,701,200,17.60784,5.4765,2,4.027
search,0,702,200,17.30936,5.4287,2,3.964
search,0,703,200,18.83669,7.3367,2,4.53
search,0,704,200,17.12917,5.5679,2,4.043
search,0,705,200,15.95849,5.294,2,3.893
search,0,706,200,16.9995,5.8771,2,4.001
search,0,707,200,16.95809,5.4399,2,3.966
search,0,708,200,17.22747,5.4422,2,3.97
search,0,709,200,16.10654,5.425,2,3.957
search,0,710,200,17.52041,5.711,2,4.207
search,0,711,200,16.38685,5.4166,2,3.961
search,0,712,200,16.77142,5.4699,2,4.04
search,0,713,200,15.60737,5.3432,2,3.887
search,0,714,200,18.275,6.0688,2,4.585
search,0,715,200,18.57143,7.0231,2,5.487
search,0,716,200,17.69164,5.4815,2,4.013
search,0,717,200,16.36853,5.5069,2,4.004
search,0,718,200,16.8739,5.5472,2,3.98
search,0,719,200,15.96368,5.4064,2,3.849
search,0,720,200,16.24654,5.3896,2,3.883
search,0,721,200,15.74159,5.335,2,3.858
search,0,722,200,16.09199,5.3439,2,3.829
search,0,723,200,17.4787,5.3913,2,3.919
search,0,724,200,18.56599,5.4972,2,4.026
search,0,725,200,16.44467,5.3577,2,3.907
search,0,726,200,20.02686,8.0976,2,6.489
search,0,727,200,16.5894,5.3794,2,3.946
search,0,728,200,68.84214,5.5646,2,3.963
search,0,729,200,17.89147,5.7285,2,3.947
search,0,730,200,16.78461,5.5512,2,4.061
search,0,731,200,16.36074,5.3709,2,3.902
search,0,732,200,16.27503,5.4528,2,4.007
search,0,733,200,16.2247,5.3013,2,3.9
search,0,734,200,17.13664,5.5981,2,4.107
search,0,735,200,16.07548,5.3648,2,3.878
search,0,736,200,21.28683,5.6937,2,4.144
search,0,737,200,16.77069,5.302,2,3.89
search,0,738,200,19.20945,5.5947,2,4.035
search,0,739,200,17.19989,5.4716,2,3.935
search,0,740,200,18.14982,6.4067,2,3.977
search,0,741,200,16.75246,5.4257,2,3.931
search,0,742,200,16.00907,5.3173,2,3.868
search,0,743,200,16.23419,5.4068,2,4.013
search,0,744,200,16.90936,5.3937,2,3.901
search,0,745,200,15.81491,5.3146,2,3.912
search,0,746,200,17.13539,5.3751,2,3.88
search,0,747,200,15.69368,5.4013,2,3.95
search,0,748,200,16.3428,5.4678,2,4.007
search,0,749,200,15.78445,5.3693,2,3.87
search,0,750,200,16.58923,5.555,2,4.051
search,0,751,200,16.12848,5.3311,2,3.886
search,0,752,200,16.26966,5.486,2,3.996
search,0,753,200,16.08949,5.3244,2,3.902
search,0,754,200,15.9303,5.2461,2,3.824
search,0,755,200,15.77426,5.3103,2,3.87
search,0,756,200,16.03568,5.3737,2,3.945
search,0,757,200,16.76886,5.4882,2,4.049
search,0,758,200,17.44743,5.4581,2,3.949
search,0,759,200,16.91401,5.7681,2,4.123
search,0,760,200,15.96957,5.4228,2,3.908
search,0,761,200,16.18059,5.3259,2,3.873
search,0,762,200,15.81988,5.3312,2,3.854
search,0,763,200,16.02705,5.3652,2,3.834
search,0,764,200,16.28151,5.4047,2,3.927
search,0,765,200,15.98495,5.6167,2,4.146
search,0,766,200,15.7943,5.5041,2,3.958
search,0,767,200,15.83339,5.3198,2,3.865
search,0,768,200,16.69004,5.4145,2,3.87
search,0,769,200,16.4831,5.332,2,3.903
search,0,770,200,15.9206,5.3794,2,3.906
search,0,771,200,16.44953,5.3057,2,3.86
search,0,772,200,16.84053,5.5165,2,3.96
search,0,773,200,15.79189,5.3128,2,3.847
search,0,774,200,16.25323,5.2834,2,3.833
search,0,775,200,15.7209,5.27,2,3.816
search,0,776,200,16.37127,5.3148,2,3.842
search,0,777,200,59.32906,5.3778,2,3.909
search,0,778,200,18.098,5.5939,2,4.081
search,0,779,200,16.52054,5.3444,2,3.887
search,0,780,200,19.8518,5.7499,2,4.087
search,0,781,200,16.81895,5.46,2,3.993
search,0,782,200,17.44979,5.8152,2,4.237
search,0,783,200,17.3478,5.6347,2,4.009
search,0,784,200,16.5933,5.3676,2,3.892
search,0,785,200,17.46044,5.3873,2,3.942
search,0,786,200,16.351,5.4727,2,3.891
search,0,787,200,16.4444,5.3334,2,3.859
search,0,788,200,15.74582,5.3428,2,3.903
search,0,789,200,15.75517,5.3096,2,3.868
search,0,790,200,16.02843,5.5342,2,4.036
search,0,791,200,16.04182,5.4412,2,3.968
search,0,792,200,15.94761,5.4614,2,3.977
search,0,793,200,16.74628,5.3649,2,3.914
search,0,794,200,15.6896,5.3898,2,3.924
search,0,795,200,16.41619,5.2684,2,3.835
search,0,796,200,15.73719,5.2599,2,3.817
search,0,797,200,16.0377,5.353,2,3.886
search,0,798,200,15.55883,5.4021,2,3.934
search,0,799,200,16.77792,5.5401,2,4.101
search,0,800,200,15.58296,5.2754,2,3.87
search,0,801,200,15.9237,5.3264,2,3.874
search,0,802,200,16.65023,5.4174,2,3.938
search,0,803,200,17.44033,5.4237,2,3.939
search,0,804,200,15.87124,5.3899,2,3.848
search,0,805,200,16.05072,5.3851,2,3.899
search,0,806,200,15.95621,5.3792,2,3.932
search,0,807,200,15.94819,5.3797,2,3.946
search,0,808,200,15.90072,5.425,2,3.957
search,0,809,200,16.04684,5.3388,2,3.895
search,0,810,200,17.0404,5.7131,2,3.986
search,0,811,200,16.96066,5.4297,2,3.988
search,0,812,200,18.26899,5.8428,2,4.165
search,0,813,200,16.78871,5.5419,2,4.028
search,0,814,200,16.41485,5.379,2,3.872
search,0,815,200,16.50103,5.4698,2,3.901
search,0,816,200,15.91689,5.3463,2,3.85
search,0,817,200,16.69524,5.3879,2,3.86
search,0,818,200,16.57032,5.3884,2,3.931
search,0,819,200,16.10764,5.3584,2,3.838
search,0,820,200,15.95535,5.4099,2,3.825
search,0,821,200,16.31842,5.3905,2,3.929
search,0,822,200,15.82371,5.5293,2,4.062
search,0,823,200,24.14471,6.1528,2,4.657
search,0,824,200,15.84695,5.4212,2,3.908
search,0,825,200,16.04045,5.4135,2,3.934
search,0,826,200,59.80712,5.469,2,4.024
search,0,827,200,17.6758,5.4894,2,4.05
search,0,828,200,16.58533,5.3504,2,3.895
search,0,829,200,16.12664,5.2855,2,3.9
search,0,830,200,16.50107,5.332,2,3.888
search,0,831,200,15.88939,5.296,2,3.849
search,0,832,200,16.76864,5.3641,2,3.888
search,0,833,200,15.85121,5.3509,2,3.846
search,0,834,200,15.79862,5.2912,2,3.841
search,0,835,200,20.04275,5.4378,2,3.968
search,0,836,200,17.5898,5.5246,2,4.04
search,0,837,200,15.75292,5.3017,2,3.851
search,0,838,200,19.03142,5.4216,2,3.96
search,0,839,200,15.70182,5.3633,2,3.858
search,0,840,200,15.67438,5.3768,2,3.887
search,0,841,200,16.19688,5.3776,2,3.869
search,0,842,200,15.7246,5.3887,2,3.911
search,0,843,200,16.10994,5.4703,2,3.945
search,0,844,200,16.70503,5.3727,2,3.892
search,0,845,200,17.40608,5.4083,2,3.957
search,0,846,200,16.12533,5.3481,2,3.904
search,0,847,200,17.18314,5.9521,2,4.426
search,0,848,200,15.65805,5.272,2,3.817
search,0,849,200,16.27754,5.3873,2,3.936
search,0,850,200,17.53372,6.1431,2,4.601
search,0,851,200,16.23232,5.25,2,3.861
search,0,852,200,15.95385,5.3215,2,3.931
search,0,853,200,22.43888,6.1481,2,4.564
search,0,854,200,15.68207,5.416,2,3.875
search,0,855,200,16.14539,6.0328,2,4.547
search,0,856,200,17.52493,6.0437,2,4.575
search,0,857,200,16.22386,5.4021,2,3.907
search,0,858,200,15.59997,5.3138,2,3.901
search,0,859,200,16.83189,6.0035,2,4.528
search,0,860,200,15.95766,5.3229,2,3.909
search,0,861,200,17.18782,5.3532,2,3.932
search,0,862,200,17.97859,6.0797,2,4.614
search,0,863,200,15.75848,5.3116,2,3.919
search,0,864,200,15.98109,5.3126,2,3.912
search,0,865,200,17.75159,6.1616,2,4.495
search,0,866,200,16.4772,5.6223,2,4.008
search,0,867,200,15.82674,5.4503,2,3.978
search,0,868,200,17.88962,6.1025,2,4.598
search,0,869,200,15.74289,5.2964,2,3.904
search,0,870,200,15.64968,5.3006,2,3.856
search,0,871,200,16.5645,6.0202,2,4.537
search,0,872,200,15.76465,5.312,2,3.865
search,0,873,200,15.69736,5.2688,2,3.88
search,0,874,200,23.54165,12.7959,2,11.345
search,0,875,200,59.36483,5.566,2,4.096
search,0,876,200,18.76886,6.0769,2,4.506
search,0,877,200,20.30076,6.5749,2,4.901
search,0,878,200,16.41621,5.5985,2,3.967
search,0,879,200,16.41382,5.622,2,4.024
search,0,880,200,17.8636,6.1972,2,4.689
search,0,881,200,16.52471,5.53,2,4.074
search,0,882,200,16.27796,5.4991,2,4.021
search,0,883,200,17.16631,6.1862,2,4.594
search,0,884,200,15.95659,5.7698,2,4.254
search,0,885,200,15.6754,5.489,2,3.997
search,0,886,200,16.69681,6.1293,2,4.567
search,0,887,200,17.80864,5.4687,2,4.012
search,0,888,200,16.02222,5.4311,2,3.943
search,0,889,200,16.78379,5.5452,2,4.013
search,0,890,200,15.67366,5.3396,2,3.823
search,0,891,200,16.60525,5.4315,2,3.968
search,0,892,200,17.79994,5.9483,2,4.534
search,0,893,200,16.33391,5.2752,2,3.828
search,0,894,200,16.084,5.469,2,3.966
search,0,895,200,16.3426,5.4785,2,3.881
search,0,896,200,16.94109,5.7926,2,4.302
search,0,897,200,16.06324,5.4843,2,4.004
search,0,898,200,15.80593,5.438,2,3.975
search,0,899,200,15.90002,5.4241,2,3.952
search,0,900,200,16.01041,5.4371,2,3.97
search,0,901,200,16.27627,5.5317,2,4.076
search,0,902,200,16.26563,5.5156,2,4.029
search,0,903,200,16.72266,5.7928,2,4.313
search,0,904,200,16.26491,5.5583,2,4.026
search,0,905,200,16.06282,5.3955,2,3.954
search,0,906,200,18.1369,5.7406,2,4.169
search,0,907,200,16.28316,5.5171,2,4.042
search,0,908,200,15.77858,5.4433,2,3.992
search,0,909,200,16.39883,5.4261,2,3.956
search,0,910,200,16.30955,5.3907,2,3.963
search,0,911,200,16.39851,5.445,2,3.953
search,0,912,200,16.37655,5.4326,2,3.989
search,0,913,200,16.01017,5.4106,2,3.952
search,0,914,200,17.22666,5.4583,2,3.982
search,0,915,200,15.97183,5.5052,2,4.014
search,0,916,200,16.25998,5.424,2,3.978
search,0,917,200,16.24485,5.3897,2,3.882
search,0,918,200,16.73667,5.4244,2,3.952
search,0,919,200,16.77391,5.3956,2,3.919
search,0,920,200,17.15683,5.8208,2,4.308
search,0,921,200,16.62227,5.5404,2,4.055
search,0,922,200,26.48082,5.4536,2,4.006
search,0,923,200,16.37859,5.5053,2,4.055
search,0,924,200,64.03319,5.7114,2,4.19
search,0,925,200,18.17839,5.6058,2,4.077
search,0,926,200,17.64849,5.5324,2,4.065
search,0,927,200,16.67188,5.5435,2,4.056
search,0,928,200,16.39732,5.4587,2,3.961
search,0,929,200,16.55604,5.5389,2,4.018
search,0,930,200,16.88509,5.4984,2,4.072
search,0,931,200,16.87294,5.4503,2,3.999
search,0,932,200,16.97947,5.5236,2,4.039
search,0,933,200,26.0887,10.1794,2,5.893
search,0,934,200,16.91783,5.7735,2,4.166
search,0,935,200,17.41856,5.9098,2,4.251
search,0,936,200,16.88119,5.6589,2,4.118
search,0,937,200,17.69291,6.8278,2,5.105
search,0,938,200,17.41761,5.8168,2,4.244
search,0,939,200,18.32165,5.5241,2,4.085
search,0,940,200,21.23287,5.615,2,4.034
search,0,941,200,16.8818,5.3683,2,3.911
search,0,942,200,16.12824,5.3965,2,3.98
search,0,943,200,15.80805,5.3039,2,3.891
search,0,944,200,15.41419,5.3454,2,3.905
search,0,945,200,17.83117,6.1144,2,4.621
search,0,946,200,16.58203,5.3784,2,3.914
search,0,947,200,15.97976,5.3382,2,3.922
search,0,948,200,19.86372,8.2537,2,6.666
search,0,949,200,18.67452,7.3833,2,3.883
search,0,950,200,15.82502,5.3757,2,3.923
search,0,951,200,15.71391,5.4529,2,4.035
search,0,952,200,16.10756,5.3278,2,3.946
search,0,953,200,17.80534,5.9285,2,4.434
search,0,954,200,16.43458,5.3555,2,3.855
search,0,955,200,15.75658,5.4066,2,3.874
search,0,956,200,15.97328,5.3604,2,3.866
search,0,957,200,16.27577,5.7561,2,4.217
search,0,958,200,16.03617,5.2704,2,3.848
search,0,959,200,15.65389,5.2671,2,3.81
search,0,960,200,15.83918,5.4025,2,3.875
search,0,961,200,15.76003,5.3306,2,3.86
search,0,962,200,15.83823,5.2858,2,3.88
search,0,963,200,16.54131,5.3622,2,3.91
search,0,964,200,15.99053,5.4653,2,4.014
search,0,965,200,15.80346,5.3491,2,3.88
search,0,966,200,15.98526,5.4181,2,3.929
search,0,967,200,15.90734,5.287,2,3.838
search,0,968,200,16.11373,5.6043,2,3.984
search,0,969,200,16.35188,5.8213,2,4.324
search,0,970,200,15.47488,5.3577,2,3.866
search,0,971,200,16.01152,5.3374,2,3.911
search,0,972,200,15.40676,5.2871,2,3.847
search,0,973,200,60.64332,5.4155,2,3.971
search,0,974,200,18.20202,5.6429,2,4.142
search,0,975,200,17.50578,5.9164,2,4.427
search,0,976,200,16.26655,5.3093,2,3.872
search,0,977,200,18.02356,7.0834,2,5.619
search,0,978,200,16.17251,5.3591,2,3.906
search,0,979,200,15.83399,5.4109,2,3.883
search,0,980,200,16.38506,5.3734,2,3.827
search,0,981,200,16.39706,5.9703,2,4.501
search,0,982,200,15.63178,5.4838,2,3.864
search,0,983,200,16.92332,5.9594,2,4.472
search,0,984,200,16.75796,6.0,2,4.49
search,0,985,200,15.85744,5.4414,2,3.993
search,0,986,200,17.19715,5.9492,2,4.454
search,0,987,200,16.1295,5.5072,2,4.046
search,0,988,200,16.59826,5.7462,2,4.242
search,0,989,200,16.55166,5.4663,2,3.954
search,0,990,200,16.5055,5.5612,2,4.07
search,0,991,200,16.041,5.5046,2,4.012
search,0,992,200,18.80048,6.6879,2,5.092
search,0,993,200,22.03193,6.4414,2,4.96
search,0,994,200,15.82147,5.4982,2,4.034
search,0,995,200,15.83626,5.4553,2,3.969
search,0,996,200,16.33553,5.4434,2,3.966
search,0,997,200,15.93711,5.4136,2,3.975
search,0,998,200,16.96478,6.0003,2,4.559
search,0,999,200,16.93976,6.1902,2,4.733
inventory,1,0,200,28.26573,17.5239,15,3.984
inventory,1,1,200,16.91604,5.8197,13,4.473
inventory,1,2,200,17.06265,5.8199,13,4.528
inventory,1,3,200,19.18675,6.1776,13,4.525
inventory,1,4,200,15.64175,4.6154,13,3.464
inventory,1,5,200,14.94301,4.5487,13,3.379
inventory,1,6,200,15.76563,5.1314,13,3.965
inventory,1,7,200,15.20882,4.4596,13,3.35
inventory,1,8,200,14.76233,4.5319,13,3.387
inventory,1,9,200,14.69056,4.398,13,3.266
inventory,1,10,200,15.04557,4.5741,13,3.448
inventory,1,11,200,14.59745,4.6452,13,3.416
inventory,1,12,200,14.92192,4.8282,13,3.733
inventory,1,13,200,14.92552,4.4202,13,3.345
inventory,1,14,200,14.61257,4.4803,13,3.348
inventory,1,15,200,15.00077,4.5459,13,3.386
inventory,1,16,200,15.05243,4.6819,13,3.582
inventory,1,17,200,14.98423,4.425,13,3.328
inventory,1,18,200,35.85595,24.6916,15,4.219
inventory,1,19,200,20.23665,6.2949,13,4.812
inventory,0,0,200,17.44534,5.9685,13,4.547
inventory,0,1,200,19.1587,5.1005,13,3.509
inventory,0,2,200,67.01287,4.8173,13,3.589
inventory,0,3,200,16.617,4.7105,13,3.513
inventory,0,4,200,15.55701,4.4958,13,3.36
inventory,0,5,200,14.94467,4.4412,13,3.279
inventory,0,6,200,14.88415,4.496,13,3.32
inventory,0,7,200,15.22884,4.3656,13,3.227
inventory,0,8,200,15.97254,4.6218,13,3.434
inventory,0,9,200,16.19441,4.6804,13,3.432
inventory,0,10,200,15.19504,4.7049,13,3.404
inventory,0,11,200,15.29717,4.4664,13,3.317
inventory,0,12,200,14.85202,4.5611,13,3.385
inventory,0,13,200,15.35812,4.5176,13,3.4
inventory,0,14,200,17.05469,5.9135,13,4.508
inventory,0,15,200,16.91694,5.9465,13,4.524
inventory,0,16,200,15.67726,4.5257,13,3.295
inventory,0,17,200,17.54492,6.6441,13,5.363
inventory,0,18,200,15.73076,4.5465,13,3.422
inventory,0,19,200,15.24282,4.5557,13,3.374
inventory,0,20,200,14.85139,4.615,13,3.431
inventory,0,21,200,15.3463,4.806,13,3.694
inventory,0,22,200,14.53609,4.3214,13,3.138
inventory,0,23,200,15.30975,4.6087,13,3.48
inventory,0,24,200,14.98913,4.6241,13,3.467
inventory,0,25,200,14.6204,4.4054,13,3.184
inventory,0,26,200,15.07657,4.5137,13,3.364
inventory,0,27,200,15.09718,4.5283,13,3.359
inventory,0,28,200,14.66937,4.2926,13,3.117
inventory,0,29,200,15.36852,4.6851,13,3.547
inventory,0,30,200,15.36572,4.5012,13,3.319
inventory,0,31,200,14.57046,4.3823,13,3.102
inventory,0,32,200,14.57521,4.4215,13,3.29
inventory,0,33,200,15.03534,4.3998,13,3.284
inventory,0,34,200,14.77226,4.3715,13,3.121
inventory,0,35,200,14.90021,4.5223,13,3.338
inventory,0,36,200,14.86819,4.463,13,3.322
inventory,0,37,200,14.76049,4.3678,13,3.144
inventory,0,38,200,15.03947,4.4813,13,3.349
inventory,0,39,200,14.95248,4.4689,13,3.307
inventory,0,40,200,14.86433,4.607,13,3.191
inventory,0,41,200,17.3028,5.7764,13,4.602
inventory,0,42,200,14.62035,4.4192,13,3.316
inventory,0,43,200,16.01759,4.7043,13,3.595
inventory,0,44,200,14.83283,4.4166,13,3.321
inventory,0,45,200,14.82098,4.8797,13,3.699
inventory,0,46,200,15.25798,5.2759,13,4.128
inventory,0,47,200,14.77074,4.4687,13,3.357
inventory,0,48,200,14.97458,4.551,13,3.448
inventory,0,49,200,14.34067,4.4199,13,3.288
inventory,0,50,200,14.34802,4.4535,13,3.308
inventory,0,51,200,59.96991,4.3753,13,3.252
inventory,0,52,200,17.06011,4.7939,13,3.423
inventory,0,53,200,16.28266,4.8573,13,3.652
inventory,0,54,200,15.57914,4.7448,13,3.569
inventory,0,55,200,15.03148,4.6433,13,3.432
inventory,0,56,200,15.07449,4.5383,13,3.27
inventory,0,57,200,14.8843,4.525,13,3.169
inventory,0,58,200,16.55309,4.6398,13,3.41
inventory,0,59,200,15.09867,4.6744,13,3.528
inventory,0,60,200,15.29152,4.5292,13,3.422
inventory,0,61,200,15.02593,4.4363,13,3.326
inventory,0,62,200,15.66062,5.1212,13,3.975
inventory,0,63,200,14.82686,4.6017,13,3.399
inventory,0,64,200,15.48503,4.6382,13,3.479
inventory,0,65,200,15.36181,4.5099,13,3.328
inventory,0,66,200,14.59892,4.4467,13,3.384
inventory,0,67,200,14.7683,4.321,13,3.268
inventory,0,68,200,15.27736,4.7555,13,3.658
inventory,0,69,200,14.8927,4.4545,13,3.311
inventory,0,70,200,14.54721,4.3797,13,3.319
inventory,0,71,200,15.3632,4.4679,13,3.332
inventory,0,72,200,14.72917,4.3911,13,3.298
inventory,0,73,200,15.26274,4.42,13,3.294
inventory,0,74,200,14.38956,4.3914,13,3.293
inventory,0,75,200,15.21858,4.4576,13,3.37
inventory,0,76,200,15.01865,4.5392,13,3.445
inventory,0,77,200,15.14254,4.4506,13,3.293
inventory,0,78,200,14.55017,4.4307,13,3.317
inventory,0,79,200,15.05597,4.3149,13,3.257
inventory,0,80,200,15.07196,4.4088,13,3.234
inventory,0,81,200,14.96439,4.4339,13,3.26
inventory,0,82,200,14.41716,4.4317,13,3.364
inventory,0,83,200,14.74215,4.4155,13,3.288
inventory,0,84,200,14.96381,4.3283,13,3.275
inventory,0,85,200,14.50666,4.3854,13,3.32
inventory,0,86,200,14.75048,4.4122,13,3.318
inventory,0,87,200,14.6553,4.3972,13,3.328
inventory,0,88,200,14.73768,4.3805,13,3.29
inventory,0,89,200,14.5826,4.3798,13,3.296
inventory,0,90,200,14.95616,4.4906,13,3.393
inventory,0,91,200,16.05339,4.3749,13,3.312
inventory,0,92,200,14.80193,4.3809,13,3.276
inventory,0,93,200,14.91155,4.4207,13,3.322
inventory,0,94,200,14.80492,4.3762,13,3.234
inventory,0,95,200,15.07246,4.3562,13,3.273
inventory,0,96,200,14.58633,4.4281,13,3.295
inventory,0,97,200,14.72022,4.3781,13,3.294
inventory,0,98,200,14.68823,4.4355,13,3.385
inventory,0,99,200,14.77893,4.3423,13,3.244
inventory,0,100,200,60.95523,4.4975,13,3.434
inventory,0,101,200,16.67938,4.7235,13,3.539
inventory,0,102,200,14.79228,4.4385,13,3.271
inventory,0,103,200,15.49691,4.7247,13,3.43
inventory,0,104,200,15.18395,4.9184,13,3.839
inventory,0,105,200,15.76684,4.4242,13,3.312
inventory,0,106,200,15.26315,4.5241,13,3.332
inventory,0,107,200,15.27453,4.4115,13,3.342
inventory,0,108,200,14.54645,4.4634,13,3.296
inventory,0,109,200,14.52296,4.3642,13,3.271
inventory,0,110,200,14.86813,4.6009,13,3.328
inventory,0,111,200,14.59004,4.3755,13,3.251
inventory,0,112,200,14.37845,4.3834,13,3.289
inventory,0,113,200,14.95989,4.5338,13,3.444
inventory,0,114,200,14.84508,4.3646,13,3.264
inventory,0,115,200,15.08433,4.4117,13,3.273
inventory,0,116,200,14.51606,4.4069,13,3.28
inventory,0,117,200,14.96649,4.4955,13,3.35
inventory,0,118,200,14.76245,4.4128,13,3.269
inventory,0,119,200,14.67875,4.4017,13,3.34
inventory,0,120,200,15.33241,5.1008,13,3.999
inventory,0,121,200,15.16859,4.3825,13,3.322
inventory,0,122,200,14.66764,4.4273,13,3.265
inventory,0,123,200,14.89966,4.5063,13,3.421
inventory,0,124,200,14.51283,4.5039,13,3.398
inventory,0,125,200,15.04482,4.4634,13,3.354
inventory,0,126,200,14.46741,4.4288,13,3.286
inventory,0,127,200,15.47749,4.4343,13,3.346
inventory,0,128,200,14.69406,4.4665,13,3.392
inventory,0,129,200,14.8794,4.4362,13,3.345
inventory,0,130,200,14.55103,4.3759,13,3.284
inventory,0,131,200,16.21685,4.8402,13,3.679
inventory,0,132,200,14.66017,4.4323,13,3.283
inventory,0,133,200,14.82175,4.4265,13,3.337
inventory,0,134,200,14.76601,4.7427,13,3.549
inventory,0,135,200,16.15567,4.7099,13,3.551
inventory,0,136,200,15.74317,4.7247,13,3.375
inventory,0,137,200,14.64926,4.5718,13,3.46
inventory,0,138,200,15.42429,4.5601,13,3.456
inventory,0,139,200,14.82858,4.4158,13,3.336
inventory,0,140,200,14.67973,4.3599,13,3.239
inventory,0,141,200,14.53209,4.6034,13,3.525
inventory,0,142,200,15.24924,4.4169,13,3.349
inventory,0,143,200,15.37817,4.6399,13,3.484
inventory,0,144,200,16.01551,4.6059,13,3.491
inventory,0,145,200,15.32039,4.4442,13,3.276
inventory,0,146,200,14.60212,4.495,13,3.43
inventory,0,147,200,16.67082,4.4652,13,3.326
inventory,0,148,200,15.06998,4.4658,13,3.31
inventory,0,149,200,68.33926,4.2972,13,3.165
inventory,0,150,200,17.32478,4.7819,13,3.512
inventory,0,151,200,15.77666,4.4504,13,3.335
inventory,0,152,200,14.649,4.4071,13,3.149
inventory,0,153,200,15.18076,4.67,13,3.336
inventory,0,154,200,15.14599,4.4523,13,3.287
inventory,0,155,200,15.16728,4.6898,13,3.535
inventory,0,156,200,14.72803,4.4347,13,3.3
inventory,0,157,200,15.15383,4.4405,13,3.339
inventory,0,158,200,14.59077,4.3323,13,3.144
inventory,0,159,200,15.88709,4.6809,13,3.499
inventory,0,160,200,15.13789,4.3533,13,3.238
inventory,0,161,200,14.73425,4.3395,13,3.132
inventory,0,162,200,14.62433,4.3759,13,3.313
inventory,0,163,200,14.63876,4.3423,13,3.253
inventory,0,164,200,14.41953,4.3009,13,3.131
inventory,0,165,200,15.46791,4.4228,13,3.309
inventory,0,166,200,15.01562,4.7627,13,3.621
inventory,0,167,200,15.04537,4.376,13,3.173
inventory,0,168,200,14.8705,4.4927,13,3.352
inventory,0,169,200,15.32985,4.4342,13,3.35
inventory,0,170,200,15.25538,4.3647,13,3.163
inventory,0,171,200,15.08017,4.5154,13,3.362
inventory,0,172,200,14.81115,4.7521,13,3.338
inventory,0,173,200,14.87669,4.7387,13,3.585
inventory,0,174,200,15.03581,4.6693,13,3.459
inventory,0,175,200,15.26404,4.5032,13,3.351
inventory,0,176,200,14.45217,4.3765,13,3.169
inventory,0,177,200,15.09653,4.6639,13,3.513
inventory,0,178,200,14.56679,4.4437,13,3.342
inventory,0,179,200,14.99929,4.4327,13,3.311
inventory,0,180,200,14.56001,4.4225,13,3.252
inventory,0,181,200,14.65833,4.3791,13,3.231
inventory,0,182,200,14.78554,4.3662,13,3.224
inventory,0,183,200,15.78681,4.7904,13,3.625
inventory,0,184,200,14.61469,4.4524,13,3.249
inventory,0,185,200,14.56722,4.4312,13,3.279
inventory,0,186,200,15.31129,4.4689,13,3.32
inventory,0,187,200,14.89999,4.4684,13,3.351
inventory,0,188,200,14.86017,4.5273,13,3.265
inventory,0,189,200,15.65065,4.7591,13,3.389
inventory,0,190,200,14.80376,4.4054,13,3.3
inventory,0,191,200,14.41413,4.3775,13,3.188
inventory,0,192,200,14.7418,4.5699,13,3.458
inventory,0,193,200,14.81899,4.4911,13,3.342
inventory,0,194,200,14.48639,4.2855,13,3.121
inventory,0,195,200,14.56771,4.4502,13,3.3
inventory,0,196,200,14.69644,4.4328,13,3.258
inventory,0,197,200,14.46702,4.4001,13,3.161
inventory,0,198,200,61.29743,5.012,13,3.864
inventory,0,199,200,16.86437,4.8219,13,3.586
inventory,0,200,200,16.49269,4.8963,13,3.519
inventory,0,201,200,16.38598,4.5164,13,3.36
inventory,0,202,200,15.37997,4.4533,13,3.291
inventory,0,203,200,15.35855,4.435,13,3.286
inventory,0,204,200,14.96885,4.4537,13,3.312
inventory,0,205,200,14.81767,4.4194,13,3.279
inventory,0,206,200,14.98788,4.4809,13,3.267
inventory,0,207,200,14.90191,4.4737,13,3.351
inventory,0,208,200,15.01028,4.4239,13,3.282
inventory,0,209,200,14.93921,4.4172,13,3.284
inventory,0,210,200,14.8688,4.399,13,3.232
inventory,0,211,200,14.94267,4.4095,13,3.296
inventory,0,212,200,15.1594,4.5375,13,3.393
inventory,0,213,200,14.80822,4.476,13,3.351
inventory,0,214,200,14.81805,4.3554,13,3.215
inventory,0,215,200,14.95721,4.5075,13,3.335
inventory,0,216,200,15.16268,4.5496,13,3.455
inventory,0,217,200,15.24109,4.5673,13,3.304
inventory,0,218,200,14.73781,4.4416,13,3.259
inventory,0,219,200,15.5697,4.896,13,3.479
inventory,0,220,200,14.75576,4.3779,13,3.233
inventory,0,221,200,15.19891,4.5846,13,3.396
inventory,0,222,200,14.72602,4.5819,13,3.345
inventory,0,223,200,14.6059,4.4704,13,3.357
inventory,0,224,200,14.88608,4.4116,13,3.315
inventory,0,225,200,16.30899,5.5755,13,4.341
inventory,0,226,200,14.86458,4.5007,13,3.314
inventory,0,227,200,14.99845,4.6508,13,3.409
inventory,0,228,200,16.39998,5.6782,13,4.298
inventory,0,229,200,15.12091,4.5725,13,3.41
inventory,0,230,200,16.10784,5.2508,13,3.848
inventory,0,231,200,17.15598,5.6912,13,4.379
inventory,0,232,200,15.09811,4.5657,13,3.293
inventory,0,233,200,15.17816,4.5604,13,3.299
inventory,0,234,200,16.60672,5.8686,13,4.479
inventory,0,235,200,15.10357,4.611,13,3.393
inventory,0,236,200,14.69164,4.4183,13,3.296
inventory,0,237,200,16.13202,5.5441,13,4.215
inventory,0,238,200,15.65872,4.7455,13,3.562
inventory,0,239,200,14.74437,4.4754,13,3.381
inventory,0,240,200,16.43358,5.9584,13,4.27
inventory,0,241,200,14.64252,4.6453,13,3.306
inventory,0,242,200,14.71625,4.4922,13,3.344
inventory,0,243,200,16.54882,5.6907,13,4.352
inventory,0,244,200,15.42634,4.6308,13,3.47
inventory,0,245,200,14.6497,4.4255,13,3.278
inventory,0,246,200,16.63462,5.7962,13,4.495
inventory,0,247,200,61.19,4.4889,13,3.381
inventory,0,248,200,16.3341,4.5807,13,3.365
inventory,0,249,200,16.71873,5.6596,13,4.328
inventory,0,250,200,15.94234,4.6292,13,3.46
inventory,0,251,200,15.13754,4.5039,13,3.267
inventory,0,252,200,16.39365,5.6945,13,4.355
inventory,0,253,200,14.84631,4.4959,13,3.329
inventory,0,254,200,14.8768,4.4688,13,3.304
inventory,0,255,200,16.99423,5.5976,13,4.36
inventory,0,256,200,15.64777,4.4994,13,3.395
inventory,0,257,200,14.8736,4.4446,13,3.348
inventory,0,258,200,14.77118,4.3677,13,3.27
inventory,0,259,200,14.97409,4.5048,13,3.247
inventory,0,260,200,14.70694,4.3715,13,3.277
inventory,0,261,200,14.97898,4.4966,13,3.384
inventory,0,262,200,15.23128,4.8098,13,3.514
inventory,0,263,200,14.72551,4.4372,13,3.291
inventory,0,264,200,14.84409,4.4455,13,3.306
inventory,0,265,200,14.90165,4.4466,13,3.325
inventory,0,266,200,15.00328,4.5305,13,3.402
inventory,0,267,200,16.58045,5.6983,13,4.398
inventory,0,268,200,15.00366,4.5917,13,3.335
inventory,0,269,200,14.65868,4.4977,13,3.371
inventory,0,270,200,16.80866,5.854,13,4.526
inventory,0,271,200,14.75607,4.5089,13,3.361
inventory,0,272,200,15.21884,4.5643,13,3.345
inventory,0,273,200,15.92832,5.146,13,3.942
inventory,0,274,200,15.16225,4.5364,13,3.436
inventory,0,275,200,15.14701,4.6595,13,3.415
inventory,0,276,200,14.67434,4.4219,13,3.324
inventory,0,277,200,14.89755,4.4416,13,3.347
inventory,0,278,200,14.82335,4.4051,13,3.296
inventory,0,279,200,16.22622,5.6575,13,4.362
inventory,0,280,200,14.83038,4.6934,13,3.451
inventory,0,281,200,15.05522,4.3555,13,3.154
inventory,0,282,200,15.1719,4.5209,13,3.413
inventory,0,283,200,15.36898,4.4049,13,3.259
inventory,0,284,200,14.35034,4.3068,13,3.08
inventory,0,285,200,14.73446,4.531,13,3.434
inventory,0,286,200,14.88461,4.3888,13,3.246
inventory,0,287,200,14.2403,4.3699,13,3.119
inventory,0,288,200,14.80298,4.6211,13,3.486
inventory,0,289,200,14.7507,4.4245,13,3.264
inventory,0,290,200,16.38534,4.7384,13,3.457
inventory,0,291,200,16.58936,5.6137,13,4.266
inventory,0,292,200,14.82331,4.4538,13,3.276
inventory,0,293,200,15.52211,4.3429,13,3.251
inventory,0,294,200,14.97333,4.3953,13,3.29
inventory,0,295,200,15.01472,4.5958,13,3.479
inventory,0,296,200,62.37185,4.414,13,3.295
inventory,0,297,200,16.71583,4.6355,13,3.335
inventory,0,298,200,15.35032,4.4432,13,3.317
inventory,0,299,200,15.48086,4.3701,13,3.257
inventory,0,300,200,14.97369,4.6186,13,3.484
inventory,0,301,200,15.03783,4.4779,13,3.33
inventory,0,302,200,14.81223,4.415,13,3.275
inventory,0,303,200,15.1512,4.4193,13,3.276
inventory,0,304,200,14.81741,4.4344,13,3.288
inventory,0,305,200,14.8002,4.3956,13,3.242
inventory,0,306,200,14.854,4.3934,13,3.309
inventory,0,307,200,15.30914,4.7682,13,3.595
inventory,0,308,200,14.88195,4.4918,13,3.338
inventory,0,309,200,15.71638,4.4159,13,3.274
inventory,0,310,200,14.92419,4.4918,13,3.307
inventory,0,311,200,14.76273,4.4446,13,3.269
inventory,0,312,200,15.3008,4.6107,13,3.296
inventory,0,313,200,14.86533,4.4021,13,3.272
inventory,0,314,200,14.69136,4.4525,13,3.29
inventory,0,315,200,14.81076,4.4859,13,3.336
inventory,0,316,200,15.01459,4.4124,13,3.258
inventory,0,317,200,14.86086,4.5161,13,3.323
inventory,0,318,200,15.03956,4.4516,13,3.328
inventory,0,319,200,15.75553,4.5557,13,3.358
inventory,0,320,200,15.08655,4.4247,13,3.282
inventory,0,321,200,15.06981,4.426,13,3.316
inventory,0,322,200,15.06525,4.4047,13,3.272
inventory,0,323,200,15.28112,4.4266,13,3.284
inventory,0,324,200,14.77469,4.4453,13,3.297
inventory,0,325,200,15.09928,4.3887,13,3.27
inventory,0,326,200,14.96697,4.4156,13,3.302
inventory,0,327,200,14.96302,4.4497,13,3.311
inventory,0,328,200,15.74555,5.0018,13,3.666
inventory,0,329,200,15.63008,4.6089,13,3.343
inventory,0,330,200,14.7379,4.3374,13,3.253
inventory,0,331,200,16.23987,4.768,13,3.522
inventory,0,332,200,15.35797,4.6959,13,3.507
inventory,0,333,200,15.93963,4.679,13,3.52
inventory,0,334,200,15.01279,4.5878,13,3.456
inventory,0,335,200,14.59546,4.3443,13,3.087
inventory,0,336,200,14.57237,4.4494,13,3.322
inventory,0,337,200,14.76433,4.4772,13,3.346
inventory,0,338,200,14.69662,4.3624,13,3.103
inventory,0,339,200,15.71499,4.798,13,3.637
inventory,0,340,200,16.26745,4.9919,13,3.842
inventory,0,341,200,15.58734,4.8427,13,3.693
inventory,0,342,200,15.76833,4.7296,13,3.587
inventory,0,343,200,15.03349,4.6407,13,3.458
inventory,0,344,200,15.28766,4.8772,13,3.705
inventory,0,345,200,63.15145,4.5903,13,3.474
inventory,0,346,200,15.82331,4.532,13,3.388
inventory,0,347,200,15.99079,4.8284,13,3.631
inventory,0,348,200,15.06527,4.6293,13,3.409
inventory,0,349,200,16.32977,4.6705,13,3.464
inventory,0,350,200,15.3525,4.3521,13,3.063
inventory,0,351,200,15.0992,4.4496,13,3.335
inventory,0,352,200,16.58373,4.4145,13,3.212
inventory,0,353,200,17.42171,4.4031,13,3.192
inventory,0,354,200,14.86502,4.54,13,3.35
inventory,0,355,200,14.99176,4.4295,13,3.326
inventory,0,356,200,14.68515,4.3324,13,3.131
inventory,0,357,200,16.85368,4.7365,13,3.473
inventory,0,358,200,15.66542,4.6216,13,3.447
inventory,0,359,200,14.96019,4.598,13,3.385
inventory,0,360,200,15.13129,4.827,13,3.626
inventory,0,361,200,15.5763,4.7423,13,3.538
inventory,0,362,200,15.09364,4.7711,13,3.495
inventory,0,363,200,15.49073,4.6577,13,3.533
inventory,0,364,200,15.52555,4.7336,13,3.56
inventory,0,365,200,15.26524,4.5584,13,3.406
inventory,0,366,200,15.45504,4.6143,13,3.404
inventory,0,367,200,15.42521,4.5816,13,3.41
inventory,0,368,200,15.39883,4.9609,13,3.755
inventory,0,369,200,15.4731,4.6163,13,3.473
inventory,0,370,200,15.02139,4.6176,13,3.463
inventory,0,371,200,15.40297,4.6669,13,3.497
inventory,0,372,200,17.80926,5.9136,13,4.493
inventory,0,373,200,16.98873,5.8206,13,4.367
inventory,0,374,200,14.41263,4.3513,13,3.09
inventory,0,375,200,16.61721,5.9299,13,4.537
inventory,0,376,200,16.2151,5.722,13,4.263
inventory,0,377,200,14.41971,4.3528,13,3.174
inventory,0,378,200,16.77866,5.6674,13,4.393
inventory,0,379,200,16.4167,5.8599,13,4.522
inventory,0,380,200,14.43736,4.5163,13,3.233
inventory,0,381,200,16.02166,4.6828,13,3.474
inventory,0,382,200,15.19578,4.5997,13,3.472
inventory,0,383,200,15.37292,4.7031,13,3.497
inventory,0,384,200,15.01625,4.6478,13,3.43
inventory,0,385,200,15.39736,4.7961,13,3.561
inventory,0,386,200,15.5338,4.7053,13,3.526
inventory,0,387,200,15.91117,4.9941,13,3.848
inventory,0,388,200,15.36789,4.7335,13,3.454
inventory,0,389,200,15.04302,4.7359,13,3.616
inventory,0,390,200,15.18063,4.5987,13,3.42
inventory,0,391,200,14.80369,4.6032,13,3.416
inventory,0,392,200,15.07163,4.6555,13,3.483
inventory,0,393,200,15.10029,4.6641,13,3.515
inventory,0,394,200,61.95144,4.6731,13,3.505
inventory,0,395,200,16.95675,4.8053,13,3.597
inventory,0,396,200,15.47891,4.6944,13,3.533
inventory,0,397,200,15.31461,4.7764,13,3.544
inventory,0,398,200,15.08606,4.6205,13,3.453
inventory,0,399,200,15.15545,4.5979,13,3.455
inventory,0,400,200,15.28795,4.6932,13,3.51
inventory,0,401,200,15.63134,4.8048,13,3.557
inventory,0,402,200,15.06397,4.6736,13,3.543
inventory,0,403,200,14.96299,4.6938,13,3.48
inventory,0,404,200,15.52404,4.5366,13,3.202
inventory,0,405,200,16.68216,5.7862,13,4.358
inventory,0,406,200,16.49064,5.7931,13,4.302
inventory,0,407,200,14.64078,4.4408,13,3.18
inventory,0,408,200,16.39947,5.71,13,4.4
inventory,0,409,200,16.66259,5.8493,13,4.52
inventory,0,410,200,14.63856,4.4459,13,3.176
inventory,0,411,200,15.82482,4.6375,13,3.501
inventory,0,412,200,15.35573,4.5547,13,3.433
inventory,0,413,200,14.89583,4.4824,13,3.157
inventory,0,414,200,16.54319,5.6365,13,4.38
inventory,0,415,200,16.65453,5.8393,13,4.468
inventory,0,416,200,14.78923,4.3905,13,3.155
inventory,0,417,200,16.42956,5.7126,13,4.415
inventory,0,418,200,16.41038,5.628,13,4.214
inventory,0,419,200,14.85897,4.4983,13,3.147
inventory,0,420,200,16.69063,5.717,13,4.415
inventory,0,421,200,16.65906,5.6095,13,4.256
inventory,0,422,200,15.61394,4.6545,13,3.442
inventory,0,423,200,15.23633,4.5509,13,3.449
inventory,0,424,200,15.10848,4.7154,13,3.589
inventory,0,425,200,15.27957,4.6224,13,3.428
inventory,0,426,200,14.94229,4.5548,13,3.365
inventory,0,427,200,15.52237,4.5135,13,3.311
inventory,0,428,200,14.52455,4.3437,13,3.142
inventory,0,429,200,14.63686,4.5186,13,3.336
inventory,0,430,200,14.68722,4.6598,13,3.513
inventory,0,431,200,14.3674,4.3652,13,3.081
inventory,0,432,200,14.7413,4.5602,13,3.289
inventory,0,433,200,14.47399,4.4186,13,3.287
inventory,0,434,200,15.6635,4.6887,13,3.502
inventory,0,435,200,16.29839,5.4203,13,4.246
inventory,0,436,200,15.27673,4.5507,13,3.413
inventory,0,437,200,15.27345,4.5217,13,3.363
inventory,0,438,200,15.02177,4.6341,13,3.427
inventory,0,439,200,15.146,4.5274,13,3.343
inventory,0,440,200,15.81255,4.7039,13,3.544
inventory,0,441,200,15.28131,4.7386,13,3.594
inventory,0,442,200,15.17965,4.6278,13,3.433
inventory,0,443,200,74.55202,9.246,13,8.045
inventory,0,444,200,17.03068,4.9778,13,3.824
inventory,0,445,200,16.76055,4.5964,13,3.376
inventory,0,446,200,15.57732,4.6053,13,3.423
inventory,0,447,200,15.78622,4.7351,13,3.58
inventory,0,448,200,15.3059,4.5135,13,3.374
inventory,0,449,200,14.93185,4.5346,13,3.407
inventory,0,450,200,15.1545,4.5762,13,3.436
inventory,0,451,200,15.40268,4.5295,13,3.349
inventory,0,452,200,15.58203,4.8614,13,3.628
inventory,0,453,200,15.24921,4.4259,13,3.136
inventory,0,454,200,15.19158,4.5422,13,3.179
inventory,0,455,200,16.39455,4.9682,13,3.794
inventory,0,456,200,17.4651,5.5647,13,3.977
inventory,0,457,200,16.71869,4.7467,13,3.549
inventory,0,458,200,15.97329,5.3892,13,4.24
inventory,0,459,200,15.29009,4.5854,13,3.384
inventory,0,460,200,14.91636,4.5392,13,3.424
inventory,0,461,200,15.61074,4.5309,13,3.293
inventory,0,462,200,14.96308,4.4122,13,3.253
inventory,0,463,200,15.29805,4.463,13,3.248
inventory,0,464,200,15.23831,4.5016,13,3.369
inventory,0,465,200,15.58237,4.442,13,3.224
inventory,0,466,200,15.08591,4.44,13,3.338
inventory,0,467,200,15.1695,4.5364,13,3.404
inventory,0,468,200,15.10048,4.5297,13,3.397
inventory,0,469,200,15.04251,4.5388,13,3.328
inventory,0,470,200,15.74579,4.5651,13,3.328
inventory,0,471,200,16.6847,4.625,13,3.413
inventory,0,472,200,15.09641,4.5578,13,3.366
inventory,0,473,200,15.82379,4.4766,13,3.321
inventory,0,474,200,16.18645,4.7835,13,3.62
inventory,0,475,200,15.14482,4.6652,13,3.539
inventory,0,476,200,16.12525,4.9528,13,3.473
inventory,0,477,200,15.66168,4.561,13,3.38
inventory,0,478,200,15.13382,4.5343,13,3.398
inventory,0,479,200,14.91196,4.3533,13,3.163
inventory,0,480,200,15.33541,4.4423,13,3.201
inventory,0,481,200,14.98154,4.4781,13,3.322
inventory,0,482,200,14.71979,4.3408,13,3.132
inventory,0,483,200,14.89229,4.4159,13,3.306
inventory,0,484,200,15.07903,4.4471,13,3.268
inventory,0,485,200,14.91002,4.3792,13,3.15
inventory,0,486,200,15.19555,4.4333,13,3.322
inventory,0,487,200,15.20538,4.4695,13,3.285
inventory,0,488,200,14.83423,4.3802,13,3.205
inventory,0,489,200,15.08954,4.5522,13,3.367
inventory,0,490,200,15.43948,4.4834,13,3.375
inventory,0,491,200,14.81052,4.4377,13,3.293
inventory,0,492,200,62.81132,4.8173,13,3.561
inventory,0,493,200,18.03259,4.7495,13,3.298
inventory,0,494,200,15.94801,4.7319,13,3.556
inventory,0,495,200,15.63594,4.4001,13,3.273
inventory,0,496,200,15.40218,4.4256,13,3.254
inventory,0,497,200,15.69282,4.4852,13,3.324
inventory,0,498,200,15.79784,4.3676,13,3.243
inventory,0,499,200,15.69666,4.4475,13,3.317
inventory,0,500,200,15.0027,4.4833,13,3.345
inventory,0,501,200,16.2199,4.5441,13,3.365
inventory,0,502,200,15.89441,4.5553,13,3.414
inventory,0,503,200,15.42527,4.585,13,3.309
inventory,0,504,200,16.06939,4.6468,13,3.418
inventory,0,505,200,16.25101,4.5022,13,3.328
inventory,0,506,200,15.23825,4.565,13,3.259
inventory,0,507,200,15.27758,4.5962,13,3.436
inventory,0,508,200,14.83361,4.4636,13,3.268
inventory,0,509,200,15.35737,4.4002,13,3.28
inventory,0,510,200,15.1289,4.5451,13,3.347
inventory,0,511,200,15.14764,4.4396,13,3.266
inventory,0,512,200,15.34034,4.8591,13,3.776
inventory,0,513,200,15.91808,4.9184,13,3.765
inventory,0,514,200,15.11136,4.3783,13,3.218
inventory,0,515,200,16.14403,4.7537,13,3.591
inventory,0,516,200,15.71947,4.5762,13,3.409
inventory,0,517,200,16.36556,4.9088,13,3.46
inventory,0,518,200,15.78542,4.6246,13,3.386
inventory,0,519,200,15.69686,4.8975,13,3.746
inventory,0,520,200,14.94122,4.5043,13,3.362
inventory,0,521,200,14.91958,4.5323,13,3.332
inventory,0,522,200,14.86902,4.5288,13,3.363
inventory,0,523,200,14.96295,4.5311,13,3.34
inventory,0,524,200,15.05591,4.5899,13,3.358
inventory,0,525,200,14.94252,4.5896,13,3.435
inventory,0,526,200,14.85778,4.5362,13,3.381
inventory,0,527,200,15.42707,4.6359,13,3.524
inventory,0,528,200,15.30919,4.8623,13,3.693
inventory,0,529,200,17.72727,5.8622,13,4.421
inventory,0,530,200,15.55619,4.6187,13,3.318
inventory,0,531,200,16.35704,5.1373,13,3.743
inventory,0,532,200,17.8922,5.1671,13,4.013
inventory,0,533,200,15.41534,4.4597,13,3.231
inventory,0,534,200,15.81685,4.6809,13,3.406
inventory,0,535,200,15.79372,4.6417,13,3.494
inventory,0,536,200,15.98006,4.9984,13,3.608
inventory,0,537,200,15.3195,4.4854,13,3.378
inventory,0,538,200,14.94483,4.5964,13,3.358
inventory,0,539,200,14.39171,4.3368,13,3.185
inventory,0,540,200,14.88837,4.4763,13,3.352
inventory,0,541,200,63.52059,4.7828,13,3.643
inventory,0,542,200,17.17347,4.6825,13,3.392
inventory,0,543,200,15.86527,4.4789,13,3.36
inventory,0,544,200,15.32287,4.5437,13,3.406
inventory,0,545,200,15.77997,4.3232,13,3.106
inventory,0,546,200,16.14601,4.7892,13,3.491
inventory,0,547,200,16.02935,5.0021,13,3.844
inventory,0,548,200,17.65974,4.9416,13,3.759
inventory,0,549,200,15.81459,4.4771,13,3.334
inventory,0,550,200,15.40289,4.4921,13,3.345
inventory,0,551,200,14.85581,4.3655,13,3.173
inventory,0,552,200,15.67528,4.6634,13,3.411
inventory,0,553,200,15.56656,4.574,13,3.337
inventory,0,554,200,16.80571,5.7468,13,4.084
inventory,0,555,200,15.70767,4.8319,13,3.743
inventory,0,556,200,23.00673,12.2901,13,3.542
inventory,0,557,200,15.12275,4.5975,13,3.284
inventory,0,558,200,15.1502,4.7599,13,3.619
inventory,0,559,200,14.99012,4.4896,13,3.35
inventory,0,560,200,14.50866,4.4477,13,3.167
inventory,0,561,200,14.73531,4.5169,13,3.346
inventory,0,562,200,15.16929,4.6203,13,3.431
inventory,0,563,200,16.72939,4.6375,13,3.398
inventory,0,564,200,15.29009,4.4667,13,3.334
inventory,0,565,200,15.31884,4.497,13,3.329
inventory,0,566,200,15.16926,4.5545,13,3.414
inventory,0,567,200,15.26036,4.5579,13,3.271
inventory,0,568,200,15.46788,4.5259,13,3.354
inventory,0,569,200,15.88608,4.741,13,3.586
inventory,0,570,200,16.30444,5.0971,13,3.871
inventory,0,571,200,20.45039,5.0307,13,3.735
inventory,0,572,200,15.90889,4.9021,13,3.559
inventory,0,573,200,17.43264,4.8565,13,3.604
inventory,0,574,200,17.3775,5.0518,13,3.843
inventory,0,575,200,16.63359,4.8766,13,3.598
inventory,0,576,200,15.33006,4.5754,13,3.338
inventory,0,577,200,16.23531,4.7682,13,3.51
inventory,0,578,200,18.25875,4.8178,13,3.631
inventory,0,579,200,18.23638,5.0516,13,3.747
inventory,0,580,200,16.70629,4.6979,13,3.471
inventory,0,581,200,16.73452,4.8396,13,3.533
inventory,0,582,200,15.42629,4.6048,13,3.378
inventory,0,583,200,16.17376,4.8013,13,3.6
inventory,0,584,200,20.94296,9.8623,13,8.676
inventory,0,585,200,17.18624,5.2422,13,3.975
inventory,0,586,200,15.07455,4.599,13,3.347
inventory,0,587,200,16.05819,4.5978,13,3.418
inventory,0,588,200,15.13484,4.9351,13,3.709
inventory,0,589,200,16.13818,4.8606,13,3.639
inventory,0,590,200,67.85608,5.4038,13,4.079
inventory,0,591,200,19.89024,4.7881,13,3.62
inventory,0,592,200,16.25679,4.8363,13,3.553
inventory,0,593,200,15.72152,4.5532,13,3.418
inventory,0,594,200,15.01146,4.4525,13,3.308
inventory,0,595,200,16.67067,4.7915,13,3.552
inventory,0,596,200,15.22571,4.4229,13,3.255
inventory,0,597,200,15.32281,4.4637,13,3.347
inventory,0,598,200,15.22368,4.5254,13,3.32
inventory,0,599,200,15.07113,4.5234,13,3.331
inventory,0,600,200,15.03246,4.451,13,3.351
inventory,0,601,200,15.69027,4.5029,13,3.337
inventory,0,602,200,14.88112,4.3613,13,3.237
inventory,0,603,200,14.89765,4.3673,13,3.255
inventory,0,604,200,15.11767,4.5031,13,3.318
inventory,0,605,200,15.20709,4.6564,13,3.546
inventory,0,606,200,14.91284,4.4432,13,3.312
inventory,0,607,200,16.44883,4.6756,13,3.405
inventory,0,608,200,14.99377,4.4593,13,3.316
inventory,0,609,200,15.28346,4.4797,13,3.341
inventory,0,610,200,14.93761,4.4618,13,3.295
inventory,0,611,200,15.84125,5.0516,13,3.448
inventory,0,612,200,15.44102,4.7433,13,3.442
inventory,0,613,200,15.51681,4.5302,13,3.402
inventory,0,614,200,14.8156,4.4804,13,3.354
inventory,0,615,200,14.88337,4.4128,13,3.283
inventory,0,616,200,14.77526,4.545,13,3.368
inventory,0,617,200,15.95391,4.5506,13,3.317
inventory,0,618,200,15.03229,4.6099,13,3.269
inventory,0,619,200,15.241,4.4682,13,3.323
inventory,0,620,200,15.32751,4.676,13,3.51
inventory,0,621,200,15.25077,4.4163,13,3.275
inventory,0,622,200,14.77565,4.3916,13,3.236
inventory,0,623,200,15.72245,4.5934,13,3.403
inventory,0,624,200,14.89456,4.469,13,3.292
inventory,0,625,200,15.28694,4.4642,13,3.295
inventory,0,626,200,15.07259,4.565,13,3.427
inventory,0,627,200,14.74973,4.4401,13,3.299
inventory,0,628,200,14.98342,4.4166,13,3.265
inventory,0,629,200,16.14112,4.6354,13,3.383
inventory,0,630,200,14.97754,4.4165,13,3.276
inventory,0,631,200,15.05167,4.4424,13,3.271
inventory,0,632,200,14.73059,4.35,13,3.214
inventory,0,633,200,14.72937,4.4849,13,3.266
inventory,0,634,200,15.56199,4.5696,13,3.42
inventory,0,635,200,16.13028,4.5267,13,3.348
inventory,0,636,200,14.774,4.4117,13,3.299
inventory,0,637,200,14.80045,4.4724,13,3.307
inventory,0,638,200,15.39181,4.7777,13,3.669
inventory,0,639,200,64.00437,5.0052,13,3.488
inventory,0,640,200,18.08868,4.8469,13,3.644
inventory,0,641,200,15.91307,4.5632,13,3.4
inventory,0,642,200,15.6749,4.4303,13,3.285
inventory,0,643,200,15.16683,4.4521,13,3.308
inventory,0,644,200,15.17439,4.3582,13,3.229
inventory,0,645,200,15.48453,4.4084,13,3.325
inventory,0,646,200,15.20816,4.5228,13,3.311
inventory,0,647,200,16.00519,4.5503,13,3.368
inventory,0,648,200,15.44114,4.4947,13,3.347
inventory,0,649,200,15.65211,4.6597,13,3.32
inventory,0,650,200,15.22624,4.5216,13,3.37
inventory,0,651,200,14.95885,4.4977,13,3.3
inventory,0,652,200,15.15513,4.4547,13,3.324
inventory,0,653,200,18.91013,4.5038,13,3.353
inventory,0,654,200,15.20836,4.3925,13,3.271
inventory,0,655,200,15.20073,4.7871,13,3.601
inventory,0,656,200,14.91514,4.5046,13,3.362
inventory,0,657,200,14.83426,4.5425,13,3.386
inventory,0,658,200,15.05005,4.3834,13,3.285
inventory,0,659,200,14.74515,4.4199,13,3.303
inventory,0,660,200,14.97761,4.3594,13,3.216
inventory,0,661,200,16.25326,4.6045,13,3.406
inventory,0,662,200,15.48082,4.9355,13,3.692
inventory,0,663,200,14.75589,4.4488,13,3.281
inventory,0,664,200,15.65972,4.4991,13,3.358
inventory,0,665,200,15.60959,4.7635,13,3.559
inventory,0,666,200,14.80125,4.3909,13,3.168
inventory,0,667,200,15.11255,4.3935,13,3.232
inventory,0,668,200,14.74683,4.4446,13,3.271
inventory,0,669,200,15.80913,4.5526,13,3.359
inventory,0,670,200,15.5255,4.6178,13,3.43
inventory,0,671,200,15.09207,4.4801,13,3.328
inventory,0,672,200,15.89968,4.5037,13,3.299
inventory,0,673,200,15.44767,4.5165,13,3.292
inventory,0,674,200,15.0138,4.5169,13,3.316
inventory,0,675,200,15.45656,4.4499,13,3.31
inventory,0,676,200,15.19544,4.4199,13,3.262
inventory,0,677,200,15.66454,4.6438,13,3.502
inventory,0,678,200,15.23433,4.5717,13,3.45
inventory,0,679,200,15.07184,4.5028,13,3.32
inventory,0,680,200,15.12512,4.5711,13,3.405
inventory,0,681,200,17.39528,5.0013,13,3.43
inventory,0,682,200,15.44282,4.6588,13,3.433
inventory,0,683,200,14.99185,4.3666,13,3.203
inventory,0,684,200,15.02081,4.5153,13,3.288
inventory,0,685,200,14.83831,4.507,13,3.397
inventory,0,686,200,14.99505,4.7393,13,3.505
inventory,0,687,200,14.53332,4.4756,13,3.361
inventory,0,688,200,63.35539,4.5713,13,3.368
inventory,0,689,200,17.39143,4.7726,13,3.55
inventory,0,690,200,15.60575,4.5143,13,3.311
inventory,0,691,200,15.86028,4.4955,13,3.309
inventory,0,692,200,15.40223,4.6702,13,3.548
inventory,0,693,200,15.87999,4.5793,13,3.416
inventory,0,694,200,15.3658,4.6591,13,3.507
inventory,0,695,200,15.78932,4.736,13,3.586
inventory,0,696,200,15.45181,4.5348,13,3.391
inventory,0,697,200,15.77513,4.4594,13,3.299
inventory,0,698,200,15.35437,4.473,13,3.31
inventory,0,699,200,14.51805,4.4153,13,3.227
inventory,0,700,200,15.17249,4.5246,13,3.413
inventory,0,701,200,15.93085,4.9319,13,3.735
inventory,0,702,200,15.04836,4.434,13,3.268
inventory,0,703,200,15.42845,4.477,13,3.365
inventory,0,704,200,15.66271,4.576,13,3.463
inventory,0,705,200,15.62539,4.6234,13,3.528
inventory,0,706,200,21.01701,4.533,13,3.385
inventory,0,707,200,15.65946,4.5683,13,3.34
inventory,0,708,200,15.02564,4.4223,13,3.279
inventory,0,709,200,15.72802,4.7597,13,3.595
inventory,0,710,200,15.44119,4.5824,13,3.378
inventory,0,711,200,17.98721,4.6525,13,3.43
inventory,0,712,200,15.74576,4.5989,13,3.354
inventory,0,713,200,15.7363,5.0849,13,3.921
inventory,0,714,200,15.23019,4.5044,13,3.374
inventory,0,715,200,15.24661,4.7147,13,3.485
inventory,0,716,200,14.79359,4.4657,13,3.325
inventory,0,717,200,14.83069,4.4526,13,3.254
inventory,0,718,200,15.74795,4.598,13,3.383
inventory,0,719,200,16.97306,4.6424,13,3.402
inventory,0,720,200,15.89246,4.6453,13,3.471
inventory,0,721,200,15.52906,4.5488,13,3.348
inventory,0,722,200,15.87771,4.5557,13,3.35
inventory,0,723,200,15.66941,4.4925,13,3.329
inventory,0,724,200,15.40854,4.917,13,3.783
inventory,0,725,200,15.27842,4.5373,13,3.346
inventory,0,726,200,14.76518,4.4832,13,3.298
inventory,0,727,200,15.07166,4.6974,13,3.526
inventory,0,728,200,15.21143,4.5229,13,3.37
inventory,0,729,200,15.27885,4.4683,13,3.338
inventory,0,730,200,17.91085,4.7396,13,3.484
inventory,0,731,200,15.39074,4.5709,13,3.433
inventory,0,732,200,14.97576,4.5055,13,3.341
inventory,0,733,200,15.41628,4.4379,13,3.31
inventory,0,734,200,15.10022,4.5059,13,3.388
inventory,0,735,200,15.03478,4.4872,13,3.278
inventory,0,736,200,14.54033,4.5706,13,3.436
inventory,0,737,200,65.00128,5.8441,13,4.614
inventory,0,738,200,17.53045,4.9728,13,3.713
inventory,0,739,200,15.9778,4.5635,13,3.363
inventory,0,740,200,15.11256,4.502,13,3.351
inventory,0,741,200,16.28254,4.5895,13,3.409
inventory,0,742,200,14.90429,4.5213,13,3.287
inventory,0,743,200,15.51212,4.5108,13,3.303
inventory,0,744,200,15.69952,4.577,13,3.355
inventory,0,745,200,15.6564,4.5505,13,3.38
inventory,0,746,200,15.55013,4.4984,13,3.348
inventory,0,747,200,15.47965,4.4351,13,3.311
inventory,0,748,200,15.18147,4.53,13,3.391
inventory,0,749,200,15.2584,4.5138,13,3.348
inventory,0,750,200,14.68965,4.4717,13,3.318
inventory,0,751,200,15.65569,4.5061,13,3.31
inventory,0,752,200,15.28866,4.4958,13,3.377
inventory,0,753,200,15.53708,4.6934,13,3.499
inventory,0,754,200,17.66038,5.9651,13,4.485
inventory,0,755,200,16.5126,5.4743,13,4.08
inventory,0,756,200,16.85695,5.8284,13,4.38
inventory,0,757,200,15.70929,4.7147,13,3.338
inventory,0,758,200,16.99027,5.6469,13,4.306
inventory,0,759,200,16.76968,5.6704,13,4.346
inventory,0,760,200,15.63493,4.5067,13,3.312
inventory,0,761,200,15.21256,4.6112,13,3.497
inventory,0,762,200,15.24547,4.4952,13,3.367
inventory,0,763,200,14.81489,4.3949,13,3.281
inventory,0,764,200,15.42772,4.7067,13,3.537
inventory,0,765,200,15.01945,4.4784,13,3.378
inventory,0,766,200,14.83417,4.4813,13,3.361
inventory,0,767,200,15.29628,4.6209,13,3.437
inventory,0,768,200,15.47954,4.4312,13,3.306
inventory,0,769,200,15.2966,4.4996,13,3.301
inventory,0,770,200,15.14412,4.4818,13,3.33
inventory,0,771,200,14.94913,4.4403,13,3.276
inventory,0,772,200,16.50023,4.5426,13,3.282
inventory,0,773,200,17.46012,5.7641,13,4.34
inventory,0,774,200,16.67271,5.7647,13,4.325
inventory,0,775,200,15.7944,4.9676,13,3.8
inventory,0,776,200,16.4133,5.7056,13,4.166
inventory,0,777,200,16.73431,5.7148,13,4.377
inventory,0,778,200,15.93129,4.7461,13,3.516
inventory,0,779,200,15.41321,4.488,13,3.347
inventory,0,780,200,14.82248,4.5084,13,3.365
inventory,0,781,200,14.79799,4.3917,13,3.263
inventory,0,782,200,15.20562,4.4691,13,3.312
inventory,0,783,200,15.26713,4.3994,13,3.238
inventory,0,784,200,15.50631,4.507,13,3.316
inventory,0,785,200,15.39651,4.4466,13,3.324
inventory,0,786,200,61.32638,4.444,13,3.33
inventory,0,787,200,18.41032,4.8358,13,3.549
inventory,0,788,200,15.46413,4.5694,13,3.315
inventory,0,789,200,15.19086,4.4132,13,3.232
inventory,0,790,200,15.76091,4.626,13,3.392
inventory,0,791,200,15.5661,4.5108,13,3.341
inventory,0,792,200,14.99472,4.4786,13,3.289
inventory,0,793,200,15.48062,4.5131,13,3.305
inventory,0,794,200,15.09282,4.4148,13,3.295
inventory,0,795,200,15.09392,4.4903,13,3.274
inventory,0,796,200,15.36826,4.4313,13,3.227
inventory,0,797,200,15.43008,4.472,13,3.355
inventory,0,798,200,14.9149,4.4135,13,3.278
inventory,0,799,200,15.47233,4.4234,13,3.28
inventory,0,800,200,14.77759,4.4822,13,3.245
inventory,0,801,200,15.22598,4.408,13,3.213
inventory,0,802,200,14.86296,4.418,13,3.306
inventory,0,803,200,15.53443,4.4936,13,3.395
inventory,0,804,200,15.37786,4.4755,13,3.289
inventory,0,805,200,14.91488,4.4699,13,3.325
inventory,0,806,200,14.7057,4.6402,13,3.484
inventory,0,807,200,15.08048,4.4438,13,3.283
inventory,0,808,200,15.72647,4.5708,13,3.402
inventory,0,809,200,15.84832,4.778,13,3.582
inventory,0,810,200,14.84665,4.484,13,3.303
inventory,0,811,200,15.37361,4.551,13,3.376
inventory,0,812,200,15.66613,4.6011,13,3.324
inventory,0,813,200,15.0471,4.5417,13,3.373
inventory,0,814,200,14.96696,4.4873,13,3.309
inventory,0,815,200,14.78258,4.4529,13,3.267
inventory,0,816,200,14.56389,4.4035,13,3.261
inventory,0,817,200,14.96083,4.619,13,3.418
inventory,0,818,200,15.21999,4.8044,13,3.436
inventory,0,819,200,15.65812,4.5346,13,3.378
inventory,0,820,200,14.74123,4.3322,13,3.101
inventory,0,821,200,14.77326,4.4415,13,3.275
inventory,0,822,200,14.60307,4.4478,13,3.292
inventory,0,823,200,14.34834,4.2854,13,3.056
inventory,0,824,200,14.52832,4.4396,13,3.321
inventory,0,825,200,14.61027,4.3711,13,3.231
inventory,0,826,200,14.39119,4.3401,13,3.116
inventory,0,827,200,15.13681,4.7729,13,3.586
inventory,0,828,200,14.88965,4.4539,13,3.323
inventory,0,829,200,14.67434,4.3556,13,3.112
inventory,0,830,200,14.91482,4.648,13,3.467
inventory,0,831,200,14.72052,4.4244,13,3.322
inventory,0,832,200,14.48326,4.3224,13,3.122
inventory,0,833,200,17.05206,4.4408,13,3.322
inventory,0,834,200,14.75619,4.4243,13,3.286
inventory,0,835,200,62.63815,4.411,13,3.192
inventory,0,836,200,17.76235,4.9856,13,3.732
inventory,0,837,200,15.66425,4.5027,13,3.304
inventory,0,838,200,14.88249,4.3819,13,3.162
inventory,0,839,200,15.0156,4.5195,13,3.321
inventory,0,840,200,15.19468,4.6294,13,3.504
inventory,0,841,200,14.65705,4.3728,13,3.148
inventory,0,842,200,15.13399,4.5355,13,3.263
inventory,0,843,200,14.90169,4.4045,13,3.244
inventory,0,844,200,14.81168,4.3664,13,3.179
inventory,0,845,200,15.08652,4.4183,13,3.284
inventory,0,846,200,14.72558,4.523,13,3.292
inventory,0,847,200,14.85787,4.3861,13,3.112
inventory,0,848,200,15.15693,4.6232,13,3.287
inventory,0,849,200,15.02461,4.388,13,3.291
inventory,0,850,200,14.75631,4.3863,13,3.183
inventory,0,851,200,14.90721,4.5362,13,3.349
inventory,0,852,200,14.7219,4.4636,13,3.342
inventory,0,853,200,14.58997,4.3569,13,3.168
inventory,0,854,200,15.05674,4.5222,13,3.361
inventory,0,855,200,14.74157,4.439,13,3.299
inventory,0,856,200,14.59342,4.3538,13,3.121
inventory,0,857,200,14.74145,4.6601,13,3.475
inventory,0,858,200,15.1407,4.5687,13,3.388
inventory,0,859,200,14.53461,4.3445,13,3.15
inventory,0,860,200,14.80147,4.5853,13,3.43
inventory,0,861,200,14.87682,4.4286,13,3.236
inventory,0,862,200,14.80492,4.4132,13,3.144
inventory,0,863,200,15.22032,4.623,13,3.475
inventory,0,864,200,16.07607,4.5571,13,3.285
inventory,0,865,200,14.56338,4.4147,13,3.282
inventory,0,866,200,15.30194,4.5662,13,3.35
inventory,0,867,200,14.40701,4.3868,13,3.244
inventory,0,868,200,15.32027,4.9384,13,3.368
inventory,0,869,200,14.58789,4.4167,13,3.291
inventory,0,870,200,15.5659,4.7421,13,3.329
inventory,0,871,200,14.60045,4.5822,13,3.449
inventory,0,872,200,16.563,4.384,13,3.243
inventory,0,873,200,14.62685,4.4236,13,3.307
inventory,0,874,200,15.20578,4.7213,13,3.571
inventory,0,875,200,14.56128,4.3832,13,3.227
inventory,0,876,200,14.55185,4.4498,13,3.338
inventory,0,877,200,14.7724,4.5176,13,3.388
inventory,0,878,200,15.19853,4.463,13,3.309
inventory,0,879,200,15.2206,4.9067,13,3.675
inventory,0,880,200,14.91557,4.5867,13,3.405
inventory,0,881,200,14.63536,4.4292,13,3.33
inventory,0,882,200,14.94509,4.4105,13,3.297
inventory,0,883,200,15.53523,4.4553,13,3.35
inventory,0,884,200,62.82291,4.4666,13,3.32
inventory,0,885,200,17.13799,4.891,13,3.641
inventory,0,886,200,15.7644,5.004,13,3.746
inventory,0,887,200,15.32098,4.7719,13,3.526
inventory,0,888,200,14.93806,4.5115,13,3.38
inventory,0,889,200,14.81272,4.4638,13,3.36
inventory,0,890,200,16.02904,4.5277,13,3.377
inventory,0,891,200,15.20723,4.5233,13,3.341
inventory,0,892,200,14.74029,4.5902,13,3.392
inventory,0,893,200,15.28891,4.4601,13,3.313
inventory,0,894,200,14.88348,4.5971,13,3.4
inventory,0,895,200,15.26444,4.4613,13,3.283
inventory,0,896,200,16.39753,4.5195,13,3.337
inventory,0,897,200,15.47456,4.4988,13,3.364
inventory,0,898,200,15.06774,4.4636,13,3.304
inventory,0,899,200,15.21341,4.499,13,3.361
inventory,0,900,200,14.93009,4.4823,13,3.319
inventory,0,901,200,15.18787,4.562,13,3.435
inventory,0,902,200,15.19058,4.5014,13,3.325
inventory,0,903,200,15.65929,4.6105,13,3.413
inventory,0,904,200,14.86324,4.4669,13,3.27
inventory,0,905,200,14.76319,4.5332,13,3.376
inventory,0,906,200,15.26146,4.5355,13,3.411
inventory,0,907,200,14.28146,4.3951,13,3.161
inventory,0,908,200,15.21406,4.5232,13,3.37
inventory,0,909,200,14.4702,4.5019,13,3.402
inventory,0,910,200,15.3597,4.5195,13,3.271
inventory,0,911,200,15.0356,4.6162,13,3.461
inventory,0,912,200,15.20677,4.5796,13,3.413
inventory,0,913,200,14.23407,4.3685,13,3.154
inventory,0,914,200,15.47497,4.7051,13,3.532
inventory,0,915,200,14.92696,4.4661,13,3.33
inventory,0,916,200,15.0563,4.3348,13,3.088
inventory,0,917,200,14.67581,4.3913,13,3.248
inventory,0,918,200,15.23104,4.5157,13,3.384
inventory,0,919,200,14.59884,4.3096,13,3.096
inventory,0,920,200,15.54694,4.4925,13,3.39
inventory,0,921,200,14.70803,4.4045,13,3.268
inventory,0,922,200,14.81628,4.2868,13,3.062
inventory,0,923,200,14.93635,4.4598,13,3.33
inventory,0,924,200,14.67344,4.6597,13,3.425
inventory,0,925,200,14.21074,4.2639,13,3.03
inventory,0,926,200,14.77438,4.4439,13,3.287
inventory,0,927,200,14.89406,4.5038,13,3.335
inventory,0,928,200,14.82512,4.2759,13,3.09
inventory,0,929,200,14.91511,4.574,13,3.469
inventory,0,930,200,14.91879,4.5444,13,3.441
inventory,0,931,200,14.36259,4.2982,13,3.07
inventory,0,932,200,14.92757,4.5144,13,3.372
inventory,0,933,200,64.33379,4.5047,13,3.366
inventory,0,934,200,16.82896,4.5949,13,3.271
inventory,0,935,200,15.89844,4.5676,13,3.373
inventory,0,936,200,15.13776,4.6343,13,3.517
inventory,0,937,200,14.74981,4.3018,13,3.14
inventory,0,938,200,15.11058,4.4368,13,3.346
inventory,0,939,200,15.16939,4.6713,13,3.364
inventory,0,940,200,16.20572,4.7023,13,3.363
inventory,0,941,200,16.30584,5.7009,13,4.281
inventory,0,942,200,16.49365,5.6879,13,4.399
inventory,0,943,200,15.01244,4.5894,13,3.299
inventory,0,944,200,16.73258,5.6317,13,4.373
inventory,0,945,200,16.75176,5.5453,13,4.214
inventory,0,946,200,15.10363,4.5442,13,3.364
inventory,0,947,200,16.64299,5.5666,13,4.344
inventory,0,948,200,16.82229,5.5063,13,4.221
inventory,0,949,200,14.88669,4.519,13,3.329
inventory,0,950,200,16.82514,5.5849,13,4.389
inventory,0,951,200,16.77353,5.6376,13,4.318
inventory,0,952,200,14.91372,4.5873,13,3.443
inventory,0,953,200,16.56867,5.6303,13,4.329
inventory,0,954,200,15.72451,4.6064,13,3.274
inventory,0,955,200,15.18991,4.5487,13,3.27
inventory,0,956,200,15.72423,4.6111,13,3.432
inventory,0,957,200,15.37657,4.5336,13,3.336
inventory,0,958,200,16.35349,4.6159,13,3.402
inventory,0,959,200,15.25962,4.4876,13,3.33
inventory,0,960,200,14.89281,4.4632,13,3.333
inventory,0,961,200,15.46931,4.4729,13,3.367
inventory,0,962,200,15.1856,4.4656,13,3.293
inventory,0,963,200,15.31905,4.5276,13,3.299
inventory,0,964,200,14.54303,4.447,13,3.289
inventory,0,965,200,15.19665,4.6174,13,3.478
inventory,0,966,200,15.28144,4.6918,13,3.523
inventory,0,967,200,15.84927,5.734,13,3.982
inventory,0,968,200,15.01874,4.7545,13,3.578
inventory,0,969,200,15.28245,4.4836,13,3.333
inventory,0,970,200,15.21685,4.5004,13,3.368
inventory,0,971,200,15.75257,4.6931,13,3.348
inventory,0,972,200,14.93819,4.4917,13,3.36
inventory,0,973,200,16.02096,4.6746,13,3.435
inventory,0,974,200,16.84837,5.5751,13,3.811
inventory,0,975,200,15.51693,4.5997,13,3.495
inventory,0,976,200,15.44245,5.0216,13,3.551
inventory,0,977,200,15.1486,4.8385,13,3.71
inventory,0,978,200,15.47353,4.5759,13,3.431
inventory,0,979,200,15.65488,4.8776,13,3.563
inventory,0,980,200,15.13503,4.489,13,3.323
inventory,0,981,200,15.69259,4.8588,13,3.594
inventory,0,982,200,65.73419,5.9761,13,4.826
inventory,0,983,200,17.90004,5.039,13,3.792
inventory,0,984,200,16.03544,4.7135,13,3.497
inventory,0,985,200,15.55149,4.9647,13,3.798
inventory,0,986,200,15.61058,4.5171,13,3.367
inventory,0,987,200,14.67665,4.3994,13,3.292
inventory,0,988,200,14.86732,4.5383,13,3.417
inventory,0,989,200,14.74639,4.3621,13,3.247
inventory,0,990,200,14.90045,4.5187,13,3.401
inventory,0,991,200,16.98611,5.1548,13,3.464
inventory,0,992,200,15.88536,4.448,13,3.253
inventory,0,993,200,15.51772,5.1247,13,3.562
inventory,0,994,200,17.09312,5.8832,13,4.119
inventory,0,995,200,15.24849,4.7225,13,3.525
inventory,0,996,200,14.78296,4.4224,13,3.283
inventory,0,997,200,16.53893,4.7886,13,3.359
inventory,0,998,200,14.6018,4.4438,13,3.289
inventory,0,999,200,15.13023,4.4176,13,3.263
create,1,0,201,53.63646,43.3431,38,8.655
create,1,1,201,27.59536,16.9672,33,7.097
create,1,2,201,29.11151,17.234,33,6.856
create,1,3,201,26.95981,16.6158,33,7.37
create,1,4,201,27.40452,16.4846,33,7.269
create,1,5,201,27.45543,16.2934,33,7.095
create,1,6,201,27.85884,16.4105,33,7.071
create,1,7,201,27.18825,16.0093,33,6.871
create,1,8,201,27.23605,16.1409,33,6.897
create,1,9,201,28.4837,16.5332,33,6.785
create,1,10,201,27.02003,16.5332,33,7.029
create,1,11,201,49.39359,37.8672,38,8.593
create,1,12,201,25.53729,14.9459,33,6.312
create,1,13,201,25.25074,14.8591,33,6.523
create,1,14,201,25.36964,15.1543,33,6.787
create,1,15,201,27.6504,16.3922,33,7.172
create,1,16,201,26.91182,15.8569,33,6.742
create,1,17,201,27.63836,16.4468,33,6.791
create,1,18,201,27.82531,16.3703,33,7.226
create,1,19,201,27.68131,16.1631,33,6.825
create,0,0,201,27.44254,16.1564,33,6.771
create,0,1,201,27.55875,16.1992,33,6.783
create,0,2,201,27.82841,16.4095,33,6.922
create,0,3,201,27.17602,16.1788,33,6.945
create,0,4,201,27.30929,16.6084,33,7.317
create,0,5,201,27.43486,16.2781,33,7.155
create,0,6,201,27.42213,16.3131,33,6.658
create,0,7,201,27.02566,16.2642,33,7.183
create,0,8,201,27.47385,16.319,33,7.085
create,0,9,201,26.48847,15.9749,33,6.765
create,0,10,201,28.53003,16.6341,33,7.024
create,0,11,201,83.79623,17.3271,33,7.373
create,0,12,201,30.87228,17.1964,33,7.482
create,0,13,201,28.19279,16.1712,33,7.069
create,0,14,201,26.73389,15.4724,33,6.737
create,0,15,201,25.86638,15.3163,33,6.565
create,0,16,201,28.11396,16.4791,33,7.047
create,0,17,201,27.68272,16.7696,33,7.612
create,0,18,201,27.02232,16.0406,33,6.791
create,0,19,201,26.37995,15.6582,33,6.809
create,0,20,201,26.91409,15.8739,33,6.784
create,0,21,201,26.41772,15.621,33,6.733
create,0,22,201,26.29919,15.4576,33,6.675
create,0,23,201,26.13332,15.6612,33,6.601
create,0,24,201,26.84084,15.9545,33,6.662
create,0,25,201,26.67925,16.0166,33,6.95
create,0,26,201,27.56173,16.4577,33,7.08
create,0,27,201,26.43959,15.8922,33,6.662
create,0,28,201,26.71181,15.6903,33,6.861
create,0,29,201,27.42943,16.5743,33,6.869
create,0,30,201,27.06035,16.0429,33,6.671
create,0,31,201,27.23633,16.3877,33,6.873
create,0,32,201,28.5664,16.5775,33,6.894
create,0,33,201,26.73933,15.8919,33,6.647
create,0,34,201,26.794,16.2148,33,6.964
create,0,35,201,26.74437,15.9275,33,6.684
create,0,36,201,27.38117,15.9579,33,6.547
create,0,37,201,26.85242,16.2513,33,6.905
create,0,38,201,26.65828,15.97,33,6.797
create,0,39,201,26.95914,15.8575,33,6.794
create,0,40,201,27.73592,16.8971,33,7.8
create,0,41,201,27.77619,16.2229,33,6.575
create,0,42,201,26.95371,15.9208,33,6.645
create,0,43,201,27.32163,16.2007,33,6.897
create,0,44,201,26.62203,16.087,33,6.759
create,0,45,201,26.68735,16.0934,33,6.797
create,0,46,201,26.98097,16.2003,33,6.877
create,0,47,201,28.00076,16.4271,33,6.785
create,0,48,201,28.68849,17.0977,33,7.585
create,0,49,201,29.08822,16.9645,33,7.242
create,0,50,201,27.94321,16.6864,33,7.282
create,0,51,201,26.8472,15.9325,33,6.739
create,0,52,201,28.29804,16.4192,33,6.803
create,0,53,201,26.75804,15.8231,33,6.727
create,0,54,201,26.52709,15.7651,33,6.759
create,0,55,201,28.38039,17.2506,33,7.594
create,0,56,201,27.37444,16.1896,33,6.952
create,0,57,201,28.09235,17.7098,33,7.921
create,0,58,201,28.80513,16.8892,33,7.426
create,0,59,201,27.14376,16.2173,33,6.834
create,0,60,201,71.32095,20.425,33,8.002
create,0,61,201,29.62401,17.4744,33,7.671
create,0,62,201,29.13152,16.7725,33,7.046
create,0,63,201,28.24873,16.3416,33,6.992
create,0,64,201,27.25525,16.5121,33,7.013
create,0,65,201,28.68343,16.8423,33,6.931
create,0,66,201,27.48699,16.5699,33,7.102
create,0,67,201,27.81925,16.4559,33,6.947
create,0,68,201,27.26032,16.4162,33,7.176
create,0,69,201,26.91348,15.9363,33,6.832
create,0,70,201,26.77548,16.0088,33,6.851
create,0,71,201,27.03267,16.2461,33,6.897
create,0,72,201,29.05497,17.1069,33,6.948
create,0,73,201,26.75828,15.8787,33,6.323
create,0,74,201,26.3773,15.9508,33,6.658
create,0,75,201,27.33617,16.3221,33,6.901
create,0,76,201,26.54508,16.0282,33,6.403
create,0,77,201,27.03748,16.1417,33,6.751
create,0,78,201,26.73959,16.2451,33,6.986
create,0,79,201,27.14505,16.3535,33,6.415
create,0,80,201,27.18523,16.4493,33,7.07
create,0,81,201,26.67649,16.1995,33,6.799
create,0,82,201,31.27496,19.1281,33,9.131
create,0,83,201,27.37473,16.3693,33,6.8
create,0,84,201,26.66266,16.3083,33,7.111
create,0,85,201,28.32923,17.094,33,7.377
create,0,86,201,26.98407,16.5826,33,7.133
create,0,87,201,27.31358,16.2057,33,6.895
create,0,88,201,30.31227,19.3578,33,9.248
create,0,89,201,27.16662,16.325,33,7.038
create,0,90,201,26.74424,16.3936,33,7.118
create,0,91,201,30.25194,19.0194,33,9.028
create,0,92,201,26.86792,16.4345,33,7.035
create,0,93,201,27.47412,16.5886,33,7.228
create,0,94,201,29.5916,18.8772,33,9.163
create,0,95,201,27.07235,16.1298,33,6.719
create,0,96,201,26.22217,15.9736,33,6.852
create,0,97,201,28.32726,16.5508,33,6.393
create,0,98,201,27.19859,16.2647,33,6.887
create,0,99,201,28.19068,16.3777,33,6.745
create,0,100,201,26.59188,15.9917,33,6.341
create,0,101,201,27.43917,16.4281,33,6.998
create,0,102,201,27.3569,16.2622,33,7.019
create,0,103,201,27.0998,16.2,33,6.262
create,0,104,201,29.08228,16.1912,33,6.81
create,0,105,201,27.08255,15.8995,33,6.615
create,0,106,201,26.56748,16.0273,33,6.202
create,0,107,201,27.602,16.5763,33,7.167
create,0,108,201,26.82225,16.1325,33,6.817
create,0,109,201,71.94506,25.6474,33,7.186
create,0,110,201,30.07338,17.5423,33,7.392
create,0,111,201,28.48938,16.7223,33,7.1
create,0,112,201,26.59879,16.0608,33,6.366
create,0,113,201,26.941,16.2252,33,6.937
create,0,114,201,26.90275,16.0318,33,6.735
create,0,115,201,26.25211,15.9361,33,6.454
create,0,116,201,27.38437,16.6402,33,6.806
create,0,117,201,27.04566,16.2437,33,6.836
create,0,118,201,26.57228,16.2891,33,6.442
create,0,119,201,26.99293,16.2874,33,6.875
create,0,120,201,27.22244,16.4801,33,7.046
create,0,121,201,27.41908,16.2488,33,6.211
create,0,122,201,26.57948,15.9897,33,6.743
create,0,123,201,28.36551,16.6586,33,6.91
create,0,124,201,29.68969,18.8898,33,8.843
create,0,125,201,26.97591,16.296,33,7.018
create,0,126,201,28.66308,17.8406,33,8.403
create,0,127,201,30.22186,19.3422,33,9.396
create,0,128,201,27.74974,17.229,33,7.449
create,0,129,201,27.18389,16.8687,33,7.285
create,0,130,201,31.07092,20.0304,33,10.083
create,0,131,201,28.34355,17.6886,33,8.082
create,0,132,201,27.6505,16.9571,33,8.051
create,0,133,201,29.42064,18.5617,33,9.471
create,0,134,201,27.02944,16.3933,33,7.679
create,0,135,201,27.42251,15.9697,33,7.332
create,0,136,201,29.61043,18.6965,33,9.422
create,0,137,201,27.58248,16.9637,33,7.917
create,0,138,201,26.33006,16.1508,33,7.54
create,0,139,201,29.98248,18.8495,33,9.456
create,0,140,201,26.9805,16.3005,33,7.436
create,0,141,201,28.54231,18.0812,33,9.574
create,0,142,201,29.81158,18.9031,33,9.361
create,0,143,201,26.62486,16.253,33,7.308
create,0,144,201,26.52476,15.9961,33,7.222
create,0,145,201,29.36756,18.7106,33,9.517
create,0,146,201,26.80858,16.5199,33,7.377
create,0,147,201,27.44941,16.9821,33,7.428
create,0,148,201,30.4257,19.4167,33,9.55
create,0,149,201,27.82372,16.9005,33,7.335
create,0,150,201,27.32878,16.917,33,7.148
create,0,151,201,31.10781,20.1455,33,9.847
create,0,152,201,27.91817,17.4458,33,7.506
create,0,153,201,27.99837,17.4461,33,7.437
create,0,154,201,28.09294,17.0926,33,7.5
create,0,155,201,27.91552,17.3599,33,7.363
create,0,156,201,28.56102,17.4829,33,7.608
create,0,157,201,36.85951,20.1531,33,9.665
create,0,158,201,84.04485,18.1341,33,7.873
create,0,159,201,29.25112,17.1396,33,7.288
create,0,160,201,31.46236,19.8302,33,9.605
create,0,161,201,30.93512,19.7408,33,8.837
create,0,162,201,30.2734,19.111,33,8.647
create,0,163,201,27.06532,16.4781,33,7.015
create,0,164,201,30.56927,19.5506,33,8.777
create,0,165,201,31.23418,19.8908,33,9.023
create,0,166,201,28.34884,17.4145,33,6.972
create,0,167,201,31.54031,20.0142,33,8.873
create,0,168,201,31.15487,19.9356,33,8.902
create,0,169,201,28.13115,17.571,33,6.977
create,0,170,201,30.90047,19.7529,33,8.876
create,0,171,201,30.37631,19.5459,33,8.805
create,0,172,201,29.63261,18.8453,33,8.352
create,0,173,201,30.54393,19.664,33,8.88
create,0,174,201,31.16823,19.654,33,9.025
create,0,175,201,28.48871,17.5657,33,6.957
create,0,176,201,30.27134,19.3723,33,8.795
create,0,177,201,30.77048,19.8613,33,8.773
create,0,178,201,28.17564,17.5622,33,6.97
create,0,179,201,31.48717,20.5056,33,9.743
create,0,180,201,31.24493,20.4469,33,9.491
create,0,181,201,28.42971,17.6401,33,7.384
create,0,182,201,32.14656,19.7608,33,8.953
create,0,183,201,31.12994,19.9515,33,9.014
create,0,184,201,27.76475,16.3269,33,6.574
create,0,185,201,27.3345,16.7841,33,7.447
create,0,186,201,32.92776,20.5155,33,9.14
create,0,187,201,29.07302,17.762,33,7.134
create,0,188,201,31.46801,19.6763,33,9.449
create,0,189,201,29.63833,18.4516,33,8.358
create,0,190,201,28.38657,16.77,33,7.028
create,0,191,201,28.90146,16.5651,33,6.977
create,0,192,201,30.46889,18.8451,33,8.955
create,0,193,201,27.34581,16.4807,33,7.046
create,0,194,201,27.36088,16.0659,33,6.762
create,0,195,201,26.69921,16.1414,33,6.658
create,0,196,201,27.26222,16.4859,33,6.938
create,0,197,201,30.9875,19.2412,33,9.115
create,0,198,201,36.8663,25.868,33,8.971
create,0,199,201,27.79231,16.6481,33,7.229
create,0,200,201,30.47396,18.833,33,9.031
create,0,201,201,30.74202,18.9796,33,8.998
create,0,202,201,27.38902,16.696,33,7.326
create,0,203,201,27.78527,16.7718,33,7.207
create,0,204,201,26.96106,16.1515,33,6.718
create,0,205,201,27.07441,16.4191,33,6.901
create,0,206,201,28.49625,16.567,33,6.893
create,0,207,201,66.90614,17.1669,33,7.499
create,0,208,201,28.80679,16.7663,33,6.696
create,0,209,201,27.7991,16.3999,33,6.962
create,0,210,201,29.08517,16.9092,33,6.666
create,0,211,201,28.50193,16.9525,33,7.13
create,0,212,201,27.701,16.7274,33,6.95
create,0,213,201,27.53881,16.4124,33,6.79
create,0,214,201,27.38646,16.5727,33,6.838
create,0,215,201,27.51491,16.5585,33,6.887
create,0,216,201,27.08852,16.209,33,6.693
create,0,217,201,29.11094,17.2948,33,6.879
create,0,218,201,28.98308,17.7532,33,7.413
create,0,219,201,28.24281,16.7436,33,6.975
create,0,220,201,26.90438,16.1904,33,6.695
create,0,221,201,28.32455,16.7806,33,6.939
create,0,222,201,27.16639,16.5118,33,7.006
create,0,223,201,28.44869,17.068,33,7.644
create,0,224,201,27.23671,15.9318,33,6.787
create,0,225,201,28.04927,16.835,33,7.047
create,0,226,201,29.60165,17.529,33,6.953
create,0,227,201,28.63243,17.5751,33,7.54
create,0,228,201,31.94644,19.6992,33,9.008
create,0,229,201,28.97764,18.0326,33,7.525
create,0,230,201,27.56193,16.1631,33,6.683
create,0,231,201,27.00372,16.0814,33,6.881
create,0,232,201,27.53224,16.5433,33,7.016
create,0,233,201,26.58633,16.0724,33,6.915
create,0,234,201,28.74571,17.6044,33,7.222
create,0,235,201,30.7891,19.573,33,9.009
create,0,236,201,33.60614,21.5916,33,10.548
create,0,237,201,32.43997,20.4815,33,9.307
create,0,238,201,31.64914,20.1337,33,9.27
create,0,239,201,31.72523,20.0176,33,9.221
create,0,240,201,31.50723,20.0934,33,8.931
create,0,241,201,32.45621,20.0884,33,9.195
create,0,242,201,31.04304,20.029,33,9.109
create,0,243,201,31.13504,19.5462,33,8.78
create,0,244,201,30.45943,19.5031,33,8.979
create,0,245,201,28.92094,17.3105,33,6.878
create,0,246,201,27.48872,16.705,33,6.64
create,0,247,201,31.5149,19.4714,33,8.955
create,0,248,201,27.62582,16.6744,33,6.869
create,0,249,201,35.23606,24.1135,33,7.225
create,0,250,201,27.68786,16.9753,33,7.199
create,0,251,201,27.97159,16.9124,33,7.194
create,0,252,201,27.52002,16.9002,33,6.945
create,0,253,201,28.73032,17.1862,33,7.058
create,0,254,201,27.77764,16.8363,33,7.129
create,0,255,201,26.71563,16.2456,33,6.783
create,0,256,201,67.91329,17.8255,33,7.539
create,0,257,201,29.12917,17.1432,33,7.119
create,0,258,201,28.02652,16.8645,33,6.989
create,0,259,201,28.21087,17.5136,33,6.975
create,0,260,201,27.92288,16.6514,33,6.803
create,0,261,201,27.94848,16.7872,33,7.13
create,0,262,201,29.75681,17.8671,33,7.315
create,0,263,201,28.68215,17.084,33,7.331
create,0,264,201,34.06003,23.2402,33,7.642
create,0,265,201,28.57884,17.2035,33,7.48
create,0,266,201,27.09103,16.5536,33,7.266
create,0,267,201,27.21297,16.7908,33,7.222
create,0,268,201,27.31261,16.7654,33,7.081
create,0,269,201,27.33034,16.9409,33,7.311
create,0,270,201,27.52505,16.7808,33,7.178
create,0,271,201,27.72329,16.589,33,6.9
create,0,272,201,26.25076,15.7793,33,6.737
create,0,273,201,28.66272,15.8546,33,6.659
create,0,274,201,26.79429,15.8935,33,6.859
create,0,275,201,26.50884,15.6317,33,6.773
create,0,276,201,26.5964,16.0128,33,6.845
create,0,277,201,26.80752,15.6388,33,6.647
create,0,278,201,26.80408,15.6355,33,6.708
create,0,279,201,26.39795,15.4249,33,6.525
create,0,280,201,26.42972,15.5459,33,6.622
create,0,281,201,26.7339,15.8729,33,6.752
create,0,282,201,25.80268,15.3744,33,6.401
create,0,283,201,26.08688,15.2552,33,6.437
create,0,284,201,26.15937,15.6385,33,6.665
create,0,285,201,28.58547,16.888,33,6.992
create,0,286,201,27.03261,16.4048,33,7.049
create,0,287,201,27.07971,16.732,33,7.056
create,0,288,201,27.47316,16.7755,33,7.102
create,0,289,201,27.45849,17.1684,33,7.716
create,0,290,201,26.76383,16.3918,33,7.089
create,0,291,201,28.13896,17.461,33,8.037
create,0,292,201,27.98106,16.8395,33,7.541
create,0,293,201,26.4926,15.9356,33,6.803
create,0,294,201,26.61405,15.6808,33,6.629
create,0,295,201,26.82182,16.1297,33,6.93
create,0,296,201,26.9418,15.8216,33,6.812
create,0,297,201,28.72452,17.9067,33,8.68
create,0,298,201,25.89497,15.6193,33,6.485
create,0,299,201,26.83773,16.3479,33,6.978
create,0,300,201,26.5358,16.0446,33,6.839
create,0,301,201,26.2453,15.9624,33,6.693
create,0,302,201,26.72521,15.7576,33,6.81
create,0,303,201,26.27979,15.6958,33,6.392
create,0,304,201,29.02175,17.3193,33,7.375
create,0,305,201,67.5998,17.6829,33,7.914
create,0,306,201,28.86508,17.085,33,7.568
create,0,307,201,27.81833,16.8375,33,7.291
create,0,308,201,28.22605,17.5849,33,7.998
create,0,309,201,26.89541,16.382,33,7.163
create,0,310,201,27.66949,16.5124,33,7.176
create,0,311,201,27.21911,16.5782,33,7.21
create,0,312,201,27.24652,16.4654,33,7.194
create,0,313,201,27.55261,16.7429,33,7.245
create,0,314,201,27.43446,16.8072,33,7.246
create,0,315,201,27.39481,16.5982,33,7.095
create,0,316,201,27.73386,16.4355,33,6.87
create,0,317,201,46.2629,30.0947,33,14.746
create,0,318,201,36.09362,20.0584,33,8.068
create,0,319,201,30.39943,17.5682,33,7.787
create,0,320,201,29.43184,18.1884,33,8.355
create,0,321,201,27.24643,16.4628,33,7.147
create,0,322,201,34.46708,21.8403,33,9.792
create,0,323,201,31.83779,20.0617,33,10.303
create,0,324,201,27.44332,16.8169,33,7.758
create,0,325,201,27.88152,17.2472,33,6.988
create,0,326,201,26.22195,15.8349,33,6.916
create,0,327,201,27.72605,16.1645,33,6.939
create,0,328,201,26.42802,15.7927,33,6.857
create,0,329,201,27.09581,15.5566,33,6.848
create,0,330,201,29.33705,17.8317,33,7.468
create,0,331,201,28.09782,16.66,33,6.694
create,0,332,201,27.88366,15.9284,33,7.11
create,0,333,201,26.49187,15.6714,33,6.621
create,0,334,201,26.60063,15.6848,33,7.04
create,0,335,201,26.79161,15.8754,33,6.965
create,0,336,201,26.82437,15.8291,33,6.81
create,0,337,201,27.74656,16.399,33,6.889
create,0,338,201,25.82234,15.4114,33,6.743
create,0,339,201,26.91974,16.2321,33,7.019
create,0,340,201,26.98908,15.97,33,6.755
create,0,341,201,26.5298,15.8884,33,6.996
create,0,342,201,26.47091,15.8521,33,6.793
create,0,343,201,28.67748,17.584,33,7.903
create,0,344,201,27.29524,16.2344,33,7.074
create,0,345,201,26.78233,15.8915,33,6.915
create,0,346,201,26.59737,15.6113,33,6.761
create,0,347,201,30.58543,19.2074,33,10.24
create,0,348,201,26.67216,16.0748,33,6.877
create,0,349,201,26.93827,15.6605,33,6.912
create,0,350,201,26.81172,15.7659,33,6.862
create,0,351,201,26.24378,15.8834,33,6.885
create,0,352,201,26.74761,15.6362,33,7.015
create,0,353,201,28.4254,16.6907,33,7.234
create,0,354,201,68.75967,16.7422,33,7.163
create,0,355,201,36.36902,22.812,33,8.321
create,0,356,201,29.99269,16.5439,33,7.175
create,0,357,201,27.87635,15.7914,33,6.892
create,0,358,201,26.78907,15.4829,33,6.753
create,0,359,201,27.45541,16.0848,33,6.856
create,0,360,201,27.16546,16.1043,33,6.973
create,0,361,201,27.64568,15.8232,33,7.022
create,0,362,201,28.28518,17.0445,33,7.691
create,0,363,201,28.66249,16.6435,33,7.134
create,0,364,201,34.40404,16.4815,33,7.426
create,0,365,201,29.4157,18.1719,33,7.044
create,0,366,201,30.17614,16.9922,33,7.334
create,0,367,201,27.51773,15.9874,33,7.183
create,0,368,201,27.0077,16.2547,33,7.124
create,0,369,201,27.48517,15.9084,33,6.916
create,0,370,201,26.67604,15.888,33,6.958
create,0,371,201,26.71811,15.6624,33,6.735
create,0,372,201,27.84491,15.709,33,6.888
create,0,373,201,26.61061,15.7804,33,6.868
create,0,374,201,26.44864,16.0801,33,7.031
create,0,375,201,26.93384,16.018,33,6.929
create,0,376,201,27.26603,15.6461,33,6.717
create,0,377,201,27.1554,15.9635,33,7.013
create,0,378,201,26.45119,15.8457,33,6.926
create,0,379,201,28.19498,16.8143,33,7.155
create,0,380,201,27.52515,16.2833,33,6.963
create,0,381,201,26.81331,16.2147,33,6.647
create,0,382,201,26.77501,16.1721,33,7.068
create,0,383,201,27.35611,16.3756,33,6.755
create,0,384,201,26.46191,15.9853,33,6.799
create,0,385,201,27.10733,16.29,33,6.786
create,0,386,201,26.69215,15.8968,33,6.796
create,0,387,201,26.80653,16.373,33,6.882
create,0,388,201,26.87031,16.3147,33,6.847
create,0,389,201,27.45222,16.4506,33,6.823
create,0,390,201,27.05286,15.9304,33,6.763
create,0,391,201,26.75221,16.1294,33,6.289
create,0,392,201,26.96709,15.7525,33,6.896
create,0,393,201,27.89361,16.3712,33,6.929
create,0,394,201,26.66095,15.7823,33,6.058
create,0,395,201,26.52979,16.1095,33,6.834
create,0,396,201,27.26038,16.0458,33,6.939
create,0,397,201,26.25925,16.1909,33,6.509
create,0,398,201,26.83196,16.0201,33,6.854
create,0,399,201,31.90442,20.7491,33,11.354
create,0,400,201,26.23188,15.5913,33,6.172
create,0,401,201,26.48994,15.8315,33,6.936
create,0,402,201,27.79751,16.5647,33,7.233
create,0,403,201,68.68128,16.8023,33,6.918
create,0,404,201,29.20056,16.7717,33,7.188
create,0,405,201,27.38931,15.9908,33,7.006
create,0,406,201,27.70709,16.4469,33,6.384
create,0,407,201,26.7519,15.5636,33,7.142
create,0,408,201,27.85955,16.1327,33,7.523
create,0,409,201,27.21556,15.6281,33,6.58
create,0,410,201,26.2385,15.4388,33,6.948
create,0,411,201,27.38433,16.0362,33,7.279
create,0,412,201,26.12065,15.3909,33,6.442
create,0,413,201,26.57476,15.8083,33,7.089
create,0,414,201,25.90854,15.5097,33,7.261
create,0,415,201,26.11049,15.1492,33,6.185
create,0,416,201,26.22222,15.9236,33,7.15
create,0,417,201,26.69567,15.6909,33,7.198
create,0,418,201,24.94489,14.9751,33,6.326
create,0,419,201,26.26388,15.6687,33,7.059
create,0,420,201,25.87968,15.5554,33,7.045
create,0,421,201,25.70453,15.1597,33,6.128
create,0,422,201,26.24374,15.7516,33,7.155
create,0,423,201,26.40645,15.4992,33,7.023
create,0,424,201,25.57162,15.4051,33,6.302
create,0,425,201,27.05961,16.1277,33,7.024
create,0,426,201,27.15484,16.4807,33,7.097
create,0,427,201,26.94318,15.9497,33,6.305
create,0,428,201,27.9389,17.0363,33,7.284
create,0,429,201,27.28288,16.091,33,6.856
create,0,430,201,26.00779,15.5938,33,6.154
create,0,431,201,26.31337,15.9241,33,6.987
create,0,432,201,26.33274,15.941,33,6.853
create,0,433,201,26.4805,15.8672,33,6.329
create,0,434,201,25.69595,15.4199,33,6.618
create,0,435,201,27.13464,16.194,33,7.076
create,0,436,201,25.95164,15.3182,33,6.912
create,0,437,201,26.88096,15.7414,33,6.346
create,0,438,201,25.01496,14.926,33,6.105
create,0,439,201,25.58967,15.1428,33,6.816
create,0,440,201,25.32516,14.9577,33,6.11
create,0,441,201,26.33422,15.8607,33,6.813
create,0,442,201,25.82777,15.635,33,6.343
create,0,443,201,27.72538,16.6368,33,7.064
create,0,444,201,27.20843,16.3448,33,7.229
create,0,445,201,26.65203,15.9032,33,6.182
create,0,446,201,28.34935,16.7509,33,7.213
create,0,447,201,28.29937,16.8742,33,7.314
create,0,448,201,28.12385,16.6637,33,7.064
create,0,449,201,26.38762,15.7856,33,6.788
create,0,450,201,25.95367,15.6007,33,6.662
create,0,451,201,26.00088,15.8684,33,6.842
create,0,452,201,68.79645,17.9788,33,7.977
create,0,453,201,28.58779,16.4506,33,7.214
create,0,454,201,26.92406,15.8572,33,6.853
create,0,455,201,28.12593,17.3255,33,8.26
create,0,456,201,26.9283,16.1654,33,7.008
create,0,457,201,27.14756,16.1663,33,6.244
create,0,458,201,27.05233,16.0277,33,6.883
create,0,459,201,26.99051,15.7845,33,6.747
create,0,460,201,26.71726,16.2177,33,6.342
create,0,461,201,27.4178,16.3401,33,7.311
create,0,462,201,26.77829,15.9287,33,6.836
create,0,463,201,27.67863,16.2384,33,6.876
create,0,464,201,26.71946,15.9558,33,6.774
create,0,465,201,26.60966,16.2428,33,6.959
create,0,466,201,26.0741,15.5762,33,6.567
create,0,467,201,26.1393,15.7951,33,6.663
create,0,468,201,26.51898,16.0033,33,6.833
create,0,469,201,26.53479,15.7666,33,6.263
create,0,470,201,26.48334,16.0652,33,7.075
create,0,471,201,27.39976,16.4129,33,6.919
create,0,472,201,26.40402,15.6909,33,6.728
create,0,473,201,26.46367,16.2791,33,6.915
create,0,474,201,26.88317,16.0718,33,6.938
create,0,475,201,26.32167,15.5273,33,6.142
create,0,476,201,26.24931,15.979,33,6.802
create,0,477,201,26.87586,16.0504,33,7.129
create,0,478,201,27.22704,16.2177,33,6.862
create,0,479,201,27.14536,16.1618,33,7.139
create,0,480,201,26.08365,15.5104,33,6.585
create,0,481,201,25.98375,15.5069,33,6.616
create,0,482,201,27.16653,16.264,33,6.855
create,0,483,201,26.27109,15.9482,33,6.874
create,0,484,201,27.37433,16.5396,33,7.107
create,0,485,201,27.27533,16.571,33,7.401
create,0,486,201,26.13899,15.9749,33,6.918
create,0,487,201,27.13247,16.6508,33,7.692
create,0,488,201,26.8748,16.4262,33,7.275
create,0,489,201,26.17645,15.7956,33,6.906
create,0,490,201,26.04252,15.6599,33,6.611
create,0,491,201,26.47407,15.8011,33,6.865
create,0,492,201,25.75305,15.5874,33,6.946
create,0,493,201,25.49548,15.0748,33,6.843
create,0,494,201,25.88155,15.6004,33,6.714
create,0,495,201,25.60812,15.2291,33,6.908
create,0,496,201,25.46705,15.2535,33,6.888
create,0,497,201,26.28611,15.8428,33,7.308
create,0,498,201,26.21714,15.9936,33,7.15
create,0,499,201,25.75694,15.215,33,6.87
create,0,500,201,26.27983,15.3676,33,6.703
create,0,501,201,68.18377,16.5097,33,7.577
create,0,502,201,28.20995,16.1935,33,7.374
create,0,503,201,26.77336,15.5138,33,7.031
create,0,504,201,26.22345,15.7669,33,6.972
create,0,505,201,25.85695,15.409,33,6.862
create,0,506,201,26.3519,15.777,33,6.796
create,0,507,201,25.7963,15.3015,33,6.851
create,0,508,201,25.48606,15.1238,33,6.882
create,0,509,201,25.7657,15.3872,33,6.807
create,0,510,201,25.74238,15.4073,33,6.851
create,0,511,201,25.6186,15.2837,33,6.862
create,0,512,201,25.53415,15.4098,33,6.862
create,0,513,201,25.68034,15.3551,33,6.899
create,0,514,201,27.00135,16.1015,33,6.277
create,0,515,201,26.5652,15.874,33,6.872
create,0,516,201,26.74827,16.1236,33,6.859
create,0,517,201,28.60719,17.1749,33,6.701
create,0,518,201,27.62356,16.5771,33,7.457
create,0,519,201,27.26851,16.6823,33,7.598
create,0,520,201,26.43429,16.0627,33,6.492
create,0,521,201,28.20357,17.2822,33,7.41
create,0,522,201,26.91858,16.0681,33,7.108
create,0,523,201,26.90213,16.3148,33,6.596
create,0,524,201,27.83823,17.1548,33,7.555
create,0,525,201,27.13612,16.6894,33,7.087
create,0,526,201,26.71696,16.4784,33,6.571
create,0,527,201,27.14831,16.5749,33,7.129
create,0,528,201,27.6174,17.1374,33,7.604
create,0,529,201,27.34644,16.6565,33,6.698
create,0,530,201,27.12928,16.639,33,7.294
create,0,531,201,26.72225,16.2331,33,7.108
create,0,532,201,26.44343,16.1725,33,6.329
create,0,533,201,27.51978,16.6904,33,7.354
create,0,534,201,26.76483,16.449,33,7.214
create,0,535,201,26.42703,16.3065,33,6.459
create,0,536,201,27.30185,16.5584,33,7.281
create,0,537,201,27.1122,16.3554,33,7.216
create,0,538,201,27.18958,16.3628,33,6.779
create,0,539,201,28.0808,17.48,33,7.768
create,0,540,201,28.23294,17.2036,33,7.229
create,0,541,201,27.27894,16.5849,33,6.683
create,0,542,201,27.40872,16.4991,33,7.364
create,0,543,201,27.16482,16.5681,33,7.109
create,0,544,201,27.11317,16.6151,33,7.042
create,0,545,201,26.69817,16.4018,33,7.178
create,0,546,201,26.70564,16.1217,33,6.993
create,0,547,201,27.09223,16.6392,33,7.342
create,0,548,201,28.36338,17.2822,33,7.67
create,0,549,201,27.25192,16.6871,33,7.33
create,0,550,201,66.53418,17.3759,33,7.915
create,0,551,201,29.23841,17.2513,33,7.667
create,0,552,201,28.53774,17.1056,33,7.45
create,0,553,201,28.36531,17.4355,33,8.23
create,0,554,201,27.73228,16.5259,33,7.251
create,0,555,201,27.63568,16.5771,33,7.27
create,0,556,201,27.73366,16.8341,33,7.468
create,0,557,201,27.10628,16.5894,33,7.288
create,0,558,201,27.65498,16.8029,33,7.25
create,0,559,201,27.16921,16.6103,33,7.341
create,0,560,201,27.72269,16.9413,33,7.274
create,0,561,201,27.13522,16.2699,33,7.184
create,0,562,201,27.30975,16.3842,33,7.093
create,0,563,201,27.09623,16.5649,33,7.318
create,0,564,201,27.82378,17.042,33,7.374
create,0,565,201,27.5334,16.4495,33,7.343
create,0,566,201,27.37394,16.3508,33,7.245
create,0,567,201,27.60375,17.2777,33,7.438
create,0,568,201,27.13011,16.3339,33,7.127
create,0,569,201,27.53834,16.8894,33,7.341
create,0,570,201,26.91258,16.3765,33,7.188
create,0,571,201,27.39561,16.864,33,7.28
create,0,572,201,27.03202,16.6634,33,7.152
create,0,573,201,27.14778,16.7717,33,7.345
create,0,574,201,26.82643,16.2112,33,7.102
create,0,575,201,26.86425,16.2441,33,7.136
create,0,576,201,27.11588,16.7928,33,7.194
create,0,577,201,26.98158,16.3483,33,7.179
create,0,578,201,27.94679,17.5151,33,8.126
create,0,579,201,28.17969,17.8002,33,8.373
create,0,580,201,29.24324,16.6413,33,7.561
create,0,581,201,27.12521,16.6691,33,7.375
create,0,582,201,27.51875,17.2453,33,7.266
create,0,583,201,26.51595,16.0653,33,6.983
create,0,584,201,26.42422,15.8616,33,6.924
create,0,585,201,26.50907,16.2849,33,7.146
create,0,586,201,27.10798,16.283,33,7.082
create,0,587,201,26.58457,16.1191,33,7.077
create,0,588,201,26.44521,16.0117,33,6.84
create,0,589,201,27.29073,16.6786,33,7.234
create,0,590,201,26.66588,16.2229,33,7.171
create,0,591,201,26.96098,16.5146,33,7.042
create,0,592,201,26.87773,16.3369,33,7.072
create,0,593,201,26.74592,16.2874,33,7.32
create,0,594,201,27.0013,16.4041,33,7.299
create,0,595,201,27.15081,16.7027,33,7.123
create,0,596,201,27.11608,16.6148,33,7.143
create,0,597,201,26.61179,16.2129,33,7.065
create,0,598,201,26.88127,16.4085,33,7.204
create,0,599,201,72.29769,17.4161,33,7.609
create,0,600,201,28.7951,16.6105,33,7.243
create,0,601,201,28.47136,16.3729,33,7.149
create,0,602,201,29.74864,18.9594,33,9.217
create,0,603,201,28.62765,16.7347,33,6.86
create,0,604,201,26.71154,16.007,33,6.351
create,0,605,201,26.82863,16.1157,33,6.923
create,0,606,201,26.51414,15.8611,33,6.729
create,0,607,201,28.10018,17.5276,33,7.272
create,0,608,201,28.40748,16.4442,33,7.344
create,0,609,201,27.14386,16.3752,33,7.097
create,0,610,201,28.22559,16.6445,33,7.021
create,0,611,201,28.01582,16.4927,33,7.175
create,0,612,201,27.21036,16.129,33,6.99
create,0,613,201,28.74792,17.348,33,7.829
create,0,614,201,27.4801,16.5852,33,7.259
create,0,615,201,29.37827,17.035,33,7.081
create,0,616,201,28.18755,17.1917,33,6.719
create,0,617,201,27.98399,17.5187,33,7.558
create,0,618,201,27.75524,17.1182,33,7.367
create,0,619,201,28.83627,17.1941,33,6.723
create,0,620,201,28.58731,17.3359,33,7.375
create,0,621,201,28.89551,16.6676,33,6.876
create,0,622,201,30.74646,19.4058,33,9.584
create,0,623,201,27.47248,16.6167,33,7.222
create,0,624,201,27.65613,17.0003,33,7.325
create,0,625,201,32.85049,20.1515,33,9.822
create,0,626,201,27.96676,16.7868,33,7.376
create,0,627,201,28.23829,17.0292,33,7.367
create,0,628,201,28.30089,17.3329,33,7.938
create,0,629,201,28.06041,16.7357,33,7.404
create,0,630,201,27.7415,16.7875,33,7.522
create,0,631,201,28.09055,16.6584,33,6.358
create,0,632,201,27.46505,16.7139,33,7.351
create,0,633,201,26.75078,16.2413,33,6.769
create,0,634,201,26.6055,16.0379,33,6.249
create,0,635,201,28.47269,17.4787,33,7.612
create,0,636,201,26.72475,16.287,33,7.164
create,0,637,201,27.91752,17.5142,33,7.016
create,0,638,201,28.76577,18.0281,33,7.226
create,0,639,201,30.99322,20.0577,33,9.21
create,0,640,201,30.88676,19.9235,33,9.032
create,0,641,201,28.42729,17.742,33,7.649
create,0,642,201,28.821,17.4424,33,7.726
create,0,643,201,26.45203,15.9284,33,6.803
create,0,644,201,27.6038,16.8907,33,7.561
create,0,645,201,26.82516,16.135,33,6.664
create,0,646,201,26.14155,15.6699,33,6.716
create,0,647,201,27.6441,16.8061,33,7.49
create,0,648,201,69.26111,21.1172,33,9.718
create,0,649,201,33.06636,20.57,33,9.461
create,0,650,201,29.51793,17.8423,33,7.42
create,0,651,201,31.34831,19.9338,33,9.128
create,0,652,201,31.07258,20.0019,33,9.111
create,0,653,201,28.70407,17.892,33,7.47
create,0,654,201,31.08076,20.0042,33,9.079
create,0,655,201,30.50651,19.5813,33,8.79
create,0,656,201,29.17591,17.9716,33,7.639
create,0,657,201,30.7383,19.761,33,9.129
create,0,658,201,31.04147,19.9235,33,8.858
create,0,659,201,28.93067,18.0641,33,7.642
create,0,660,201,30.76729,19.7645,33,8.898
create,0,661,201,31.26104,19.9657,33,8.914
create,0,662,201,28.65644,17.77,33,7.723
create,0,663,201,31.34208,19.8692,33,9.242
create,0,664,201,31.18092,20.1812,33,9.183
create,0,665,201,28.97829,18.2193,33,7.817
create,0,666,201,32.1971,20.2119,33,9.341
create,0,667,201,31.00204,19.8401,33,9.09
create,0,668,201,29.22209,17.8719,33,7.576
create,0,669,201,31.34761,20.2107,33,9.117
create,0,670,201,32.54253,21.2401,33,9.959
create,0,671,201,29.24297,18.1837,33,7.757
create,0,672,201,31.3627,20.1104,33,9.143
create,0,673,201,30.77569,19.6055,33,8.896
create,0,674,201,28.98627,17.8062,33,7.46
create,0,675,201,30.7748,19.5005,33,8.83
create,0,676,201,31.57318,19.8435,33,9.07
create,0,677,201,28.67365,17.7972,33,7.207
create,0,678,201,31.19097,19.9146,33,9.418
create,0,679,201,31.15375,19.906,33,9.033
create,0,680,201,28.94457,18.1472,33,7.489
create,0,681,201,31.27608,20.2484,33,9.209
create,0,682,201,31.03599,20.0298,33,8.802
create,0,683,201,29.22712,18.3455,33,8.331
create,0,684,201,26.0959,15.1655,33,6.49
create,0,685,201,25.73857,14.9661,33,6.17
create,0,686,201,27.18263,16.6907,33,8.0
create,0,687,201,26.17344,15.4867,33,6.735
create,0,688,201,25.7288,15.1249,33,6.251
create,0,689,201,27.61551,16.6412,33,7.893
create,0,690,201,25.43333,15.2578,33,6.406
create,0,691,201,26.16541,15.5408,33,6.393
create,0,692,201,26.87233,16.3611,33,7.52
create,0,693,201,26.18332,15.2301,33,6.341
create,0,694,201,25.72339,15.2563,33,6.449
create,0,695,201,27.03405,16.1829,33,7.588
create,0,696,201,25.9555,15.1721,33,6.358
create,0,697,201,68.63498,16.6557,33,7.013
create,0,698,201,28.93256,16.4853,33,7.801
create,0,699,201,30.55664,18.9765,33,8.146
create,0,700,201,31.45844,18.9291,33,8.07
create,0,701,201,28.17065,17.1985,33,7.282
create,0,702,201,30.65138,19.1768,33,7.811
create,0,703,201,29.46028,17.7853,33,7.623
create,0,704,201,27.78235,16.4815,33,6.504
create,0,705,201,27.17006,16.357,33,7.295
create,0,706,201,29.63499,18.2278,33,8.515
create,0,707,201,26.27141,15.6941,33,6.413
create,0,708,201,26.23711,15.5925,33,6.982
create,0,709,201,26.43247,15.6922,33,6.93
create,0,710,201,25.74146,15.4474,33,6.367
create,0,711,201,27.69738,17.0351,33,6.898
create,0,712,201,27.48022,16.4534,33,7.123
create,0,713,201,26.19268,15.7041,33,6.295
create,0,714,201,26.615,15.9032,33,6.987
create,0,715,201,27.53822,17.0713,33,7.514
create,0,716,201,27.00112,16.071,33,6.604
create,0,717,201,27.23389,16.196,33,7.267
create,0,718,201,27.3495,16.3804,33,7.242
create,0,719,201,26.16521,15.8377,33,6.279
create,0,720,201,26.99143,16.3646,33,7.186
create,0,721,201,26.67591,16.0289,33,7.116
create,0,722,201,26.51119,15.9664,33,6.42
create,0,723,201,27.27248,16.6072,33,7.531
create,0,724,201,27.05057,16.3216,33,7.2
create,0,725,201,26.76952,16.2737,33,6.357
create,0,726,201,27.09008,16.5961,33,7.358
create,0,727,201,27.12623,16.6856,33,7.362
create,0,728,201,27.47301,17.0559,33,7.174
create,0,729,201,26.87866,16.2622,33,7.034
create,0,730,201,27.24279,16.6366,33,7.12
create,0,731,201,26.2349,15.9117,33,6.239
create,0,732,201,27.70484,17.1544,33,7.397
create,0,733,201,26.92513,16.3405,33,7.087
create,0,734,201,26.37591,15.9066,33,6.37
create,0,735,201,26.64664,16.0894,33,7.079
create,0,736,201,27.51462,16.7051,33,7.362
create,0,737,201,26.23312,15.7482,33,6.383
create,0,738,201,27.17963,16.3504,33,7.21
create,0,739,201,27.46338,16.9401,33,7.243
create,0,740,201,27.4061,16.7257,33,6.512
create,0,741,201,27.67569,17.0624,33,7.539
create,0,742,201,28.18869,17.1539,33,7.39
create,0,743,201,26.33707,15.5908,33,6.914
create,0,744,201,25.79296,15.2437,33,6.254
create,0,745,201,25.5832,15.2185,33,6.402
create,0,746,201,67.67107,16.584,33,7.398
create,0,747,201,27.26932,15.4863,33,6.661
create,0,748,201,26.41488,15.1841,33,6.405
create,0,749,201,26.20617,15.3348,33,6.88
create,0,750,201,27.22851,15.7207,33,6.546
create,0,751,201,35.74793,19.8441,33,8.901
create,0,752,201,30.10206,18.3307,33,7.79
create,0,753,201,29.52316,17.3208,33,7.859
create,0,754,201,28.01033,16.3666,33,7.217
create,0,755,201,28.9062,17.772,33,7.613
create,0,756,201,29.21029,17.696,33,7.595
create,0,757,201,28.59206,16.8223,33,7.442
create,0,758,201,30.12376,18.318,33,8.767
create,0,759,201,28.07775,16.7755,33,7.613
create,0,760,201,33.18572,16.8932,33,7.079
create,0,761,201,28.31135,16.5918,33,7.077
create,0,762,201,27.11061,16.1953,33,7.095
create,0,763,201,32.16719,16.1103,33,7.016
create,0,764,201,26.99995,15.8117,33,6.838
create,0,765,201,30.76458,15.6332,33,6.654
create,0,766,201,28.79655,17.7439,33,6.955
create,0,767,201,27.76227,16.7074,33,7.156
create,0,768,201,26.95045,16.3775,33,6.877
create,0,769,201,27.53102,16.3906,33,6.638
create,0,770,201,27.83285,16.6713,33,6.997
create,0,771,201,27.03987,16.4507,33,7.147
create,0,772,201,26.74073,16.0825,33,6.825
create,0,773,201,26.71656,15.974,33,7.154
create,0,774,201,26.78242,16.0473,33,7.0
create,0,775,201,26.61696,15.8229,33,6.883
create,0,776,201,27.15983,16.3721,33,7.25
create,0,777,201,26.96752,15.8651,33,6.836
create,0,778,201,26.67294,16.263,33,7.004
create,0,779,201,30.63702,19.5481,33,7.807
create,0,780,201,26.84308,15.5854,33,6.483
create,0,781,201,26.10262,15.3705,33,6.529
create,0,782,201,26.22515,15.466,33,6.943
create,0,783,201,25.96386,15.5497,33,6.4
create,0,784,201,25.80935,15.2893,33,6.328
create,0,785,201,26.40644,15.9356,33,7.137
create,0,786,201,26.20922,15.5021,33,6.295
create,0,787,201,26.93601,16.8062,33,7.209
create,0,788,201,26.32641,15.9646,33,7.0
create,0,789,201,26.36017,15.6529,33,6.247
create,0,790,201,33.57958,19.3548,33,7.921
create,0,791,201,28.93079,17.8059,33,8.014
create,0,792,201,28.13473,16.949,33,7.174
create,0,793,201,27.69949,16.7625,33,7.63
create,0,794,201,27.27215,16.1312,33,7.366
create,0,795,201,69.07382,17.8407,33,7.534
create,0,796,201,30.51492,18.7046,33,7.175
create,0,797,201,27.53961,16.4238,33,7.23
create,0,798,201,28.3879,16.354,33,7.349
create,0,799,201,27.78715,17.0673,33,7.28
create,0,800,201,27.71981,16.6298,33,7.206
create,0,801,201,29.37522,17.3204,33,7.336
create,0,802,201,29.48116,17.253,33,8.247
create,0,803,201,28.07039,17.1986,33,7.504
create,0,804,201,26.71655,16.0208,33,7.056
create,0,805,201,28.29052,17.4303,33,7.696
create,0,806,201,27.52677,16.5947,33,7.226
create,0,807,201,27.06005,16.4362,33,7.054
create,0,808,201,27.20784,16.6604,33,7.478
create,0,809,201,28.65778,16.4088,33,7.118
create,0,810,201,27.77624,16.6846,33,6.73
create,0,811,201,26.81946,16.1187,33,6.934
create,0,812,201,26.6887,16.0251,33,6.835
create,0,813,201,26.46419,15.7708,33,6.747
create,0,814,201,26.98761,16.269,33,7.061
create,0,815,201,26.81209,16.3019,33,7.076
create,0,816,201,27.31405,16.2473,33,6.788
create,0,817,201,27.06445,16.382,33,7.17
create,0,818,201,26.543,15.8071,33,6.873
create,0,819,201,26.81483,16.1935,33,7.044
create,0,820,201,26.78243,16.1274,33,6.876
create,0,821,201,28.10875,16.7815,33,7.224
create,0,822,201,27.67686,16.6103,33,7.336
create,0,823,201,27.38133,16.5137,33,7.409
create,0,824,201,26.773,16.1413,33,7.111
create,0,825,201,26.83804,16.2925,33,7.308
create,0,826,201,26.95172,16.4207,33,7.224
create,0,827,201,27.92934,16.3948,33,7.016
create,0,828,201,30.50343,18.4886,33,8.094
create,0,829,201,29.3162,17.8974,33,7.394
create,0,830,201,31.61817,20.0975,33,9.166
create,0,831,201,28.25761,16.6601,33,7.136
create,0,832,201,27.48964,16.5955,33,7.211
create,0,833,201,28.97687,18.1094,33,7.635
create,0,834,201,27.21409,16.5736,33,7.512
create,0,835,201,26.38309,16.008,33,7.06
create,0,836,201,26.56015,15.9317,33,6.98
create,0,837,201,26.82894,15.9733,33,7.212
create,0,838,201,27.9737,16.5444,33,6.872
create,0,839,201,27.47781,16.717,33,7.164
create,0,840,201,26.91114,16.3727,33,6.981
create,0,841,201,26.47693,16.0361,33,6.827
create,0,842,201,27.36649,16.8389,33,7.355
create,0,843,201,26.79614,16.3084,33,7.126
create,0,844,201,70.18624,17.4849,33,7.308
create,0,845,201,31.92103,18.113,33,8.574
create,0,846,201,28.41836,16.1874,33,6.327
create,0,847,201,27.72996,16.6657,33,7.128
create,0,848,201,28.07762,17.0572,33,7.551
create,0,849,201,30.52953,16.6004,33,6.939
create,0,850,201,31.61082,20.5413,33,8.247
create,0,851,201,27.42076,16.5137,33,7.237
create,0,852,201,28.17707,16.8464,33,7.352
create,0,853,201,27.32756,16.5092,33,6.925
create,0,854,201,29.1063,17.0804,33,7.192
create,0,855,201,27.02827,16.4909,33,6.743
create,0,856,201,27.43103,16.2759,33,6.951
create,0,857,201,28.55908,17.1031,33,7.6
create,0,858,201,28.797,16.7367,33,6.541
create,0,859,201,27.76223,16.8925,33,7.154
create,0,860,201,28.72108,17.1458,33,7.686
create,0,861,201,27.24065,16.7103,33,6.479
create,0,862,201,32.39815,19.9525,33,9.481
create,0,863,201,30.40654,18.9073,33,8.725
create,0,864,201,31.65269,20.0358,33,9.384
create,0,865,201,30.60898,19.6568,33,9.102
create,0,866,201,27.33666,16.6989,33,7.277
create,0,867,201,30.55619,19.4322,33,9.34
create,0,868,201,28.9369,16.9339,33,7.505
create,0,869,201,26.41023,15.7445,33,6.901
create,0,870,201,27.27798,16.3008,33,7.426
create,0,871,201,26.58334,16.1385,33,7.225
create,0,872,201,26.63335,16.0772,33,7.002
create,0,873,201,27.2307,16.4977,33,7.372
create,0,874,201,29.16499,17.1936,33,7.163
create,0,875,201,28.70421,17.7824,33,7.71
create,0,876,201,27.51087,16.8847,33,7.014
create,0,877,201,27.2252,16.6418,33,6.988
create,0,878,201,27.76055,17.1966,33,7.58
create,0,879,201,27.6683,16.808,33,6.951
create,0,880,201,26.45898,16.0879,33,6.837
create,0,881,201,27.21565,16.8464,33,7.419
create,0,882,201,28.07887,17.6682,33,7.702
create,0,883,201,29.84825,19.1575,33,9.045
create,0,884,201,29.51894,17.3216,33,7.962
create,0,885,201,28.67818,17.1958,33,7.655
create,0,886,201,28.28062,17.5622,33,7.996
create,0,887,201,26.90355,16.2181,33,7.172
create,0,888,201,27.09186,16.2894,33,7.504
create,0,889,201,28.76673,17.1646,33,7.228
create,0,890,201,27.16152,16.2361,33,7.045
create,0,891,201,27.89133,17.2311,33,7.52
create,0,892,201,27.02688,16.0744,33,6.836
create,0,893,201,69.61166,17.2489,33,7.647
create,0,894,201,29.28798,17.0821,33,7.503
create,0,895,201,27.44392,16.2637,33,7.187
create,0,896,201,26.41327,15.7272,33,6.821
create,0,897,201,27.69643,16.7732,33,7.74
create,0,898,201,29.08643,16.956,33,7.511
create,0,899,201,28.17032,17.0826,33,7.638
create,0,900,201,27.99872,17.1689,33,7.575
create,0,901,201,27.32861,16.6329,33,7.338
create,0,902,201,27.77448,16.8486,33,7.228
create,0,903,201,27.66404,16.4033,33,6.919
create,0,904,201,27.33701,16.451,33,7.129
create,0,905,201,28.18962,16.9315,33,7.37
create,0,906,201,27.99242,16.8692,33,7.543
create,0,907,201,26.96183,15.9306,33,7.087
create,0,908,201,26.38463,15.6933,33,6.866
create,0,909,201,26.97918,16.4215,33,7.289
create,0,910,201,27.16644,15.9681,33,7.161
create,0,911,201,27.94556,16.7956,33,7.419
create,0,912,201,27.46846,16.566,33,7.393
create,0,913,201,27.55972,16.9993,33,7.499
create,0,914,201,35.56747,25.1917,33,7.75
create,0,915,201,27.47175,16.8735,33,7.386
create,0,916,201,27.23056,16.6817,33,7.459
create,0,917,201,27.80794,17.1581,33,7.374
create,0,918,201,27.22689,16.6947,33,7.205
create,0,919,201,27.36525,16.4694,33,7.215
create,0,920,201,27.80983,16.9734,33,7.13
create,0,921,201,27.26415,16.7485,33,7.303
create,0,922,201,27.7353,17.3004,33,7.466
create,0,923,201,27.3519,16.169,33,6.947
create,0,924,201,26.35169,15.9266,33,6.173
create,0,925,201,26.59878,16.0414,33,6.742
create,0,926,201,28.16942,16.4637,33,7.073
create,0,927,201,27.44249,16.1376,33,6.842
create,0,928,201,27.33286,16.5029,33,6.787
create,0,929,201,26.22347,15.9451,33,6.78
create,0,930,201,26.68542,16.2772,33,6.888
create,0,931,201,26.06679,15.5845,33,6.764
create,0,932,201,26.45839,15.5693,33,6.671
create,0,933,201,26.31715,15.8965,33,6.952
create,0,934,201,27.11865,16.5639,33,7.148
create,0,935,201,27.5446,17.1385,33,7.893
create,0,936,201,25.40227,15.2875,33,6.205
create,0,937,201,28.4153,16.9197,33,7.447
create,0,938,201,27.0769,16.2641,33,7.112
create,0,939,201,29.19094,17.8197,33,7.376
create,0,940,201,27.99281,16.9713,33,7.632
create,0,941,201,27.16887,16.0062,33,6.911
create,0,942,201,72.49686,17.0458,33,6.866
create,0,943,201,29.07268,16.7383,33,7.393
create,0,944,201,28.56741,15.724,33,6.962
create,0,945,201,26.16961,15.4087,33,6.152
create,0,946,201,29.28998,17.2244,33,7.243
create,0,947,201,27.24241,16.3347,33,7.11
create,0,948,201,27.91476,16.9492,33,7.171
create,0,949,201,26.87588,16.3626,33,7.278
create,0,950,201,28.66197,16.7468,33,6.95
create,0,951,201,26.37324,15.8292,33,6.281
create,0,952,201,27.90526,16.6977,33,7.937
create,0,953,201,26.43091,15.6352,33,6.861
create,0,954,201,26.07356,15.6115,33,6.19
create,0,955,201,26.53635,15.7821,33,7.386
create,0,956,201,26.27106,15.414,33,6.879
create,0,957,201,25.73596,15.2263,33,6.119
create,0,958,201,26.98091,15.8944,33,7.595
create,0,959,201,26.82999,16.0557,33,7.09
create,0,960,201,28.47215,16.4515,33,7.04
create,0,961,201,28.24201,16.8622,33,7.168
create,0,962,201,26.81373,15.8499,33,6.907
create,0,963,201,28.46754,17.7242,33,7.244
create,0,964,201,26.86197,16.0333,33,6.917
create,0,965,201,30.99327,16.6314,33,7.488
create,0,966,201,27.27359,16.4574,33,7.103
create,0,967,201,29.30227,17.5682,33,7.701
create,0,968,201,28.85793,17.4441,33,7.532
create,0,969,201,28.17271,16.8515,33,7.325
create,0,970,201,28.35755,17.4777,33,7.4
create,0,971,201,27.86003,16.6665,33,7.544
create,0,972,201,27.64924,16.9858,33,7.637
create,0,973,201,27.33473,16.5963,33,7.382
create,0,974,201,28.32489,17.4618,33,7.703
create,0,975,201,27.44948,16.3419,33,7.103
create,0,976,201,28.012,16.8698,33,7.412
create,0,977,201,28.58022,17.1147,33,7.554
create,0,978,201,27.11157,16.3485,33,7.257
create,0,979,201,27.62679,16.7938,33,7.257
create,0,980,201,27.23709,16.483,33,7.295
create,0,981,201,27.99929,17.4114,33,7.281
create,0,982,201,27.56605,16.417,33,7.082
create,0,983,201,27.88537,16.6559,33,7.411
create,0,984,201,27.6597,16.7105,33,7.224
create,0,985,201,27.33334,16.8014,33,7.317
create,0,986,201,28.32458,17.1122,33,7.603
create,0,987,201,27.13506,16.8386,33,7.266
create,0,988,201,27.77423,16.3208,33,6.514
create,0,989,201,27.41874,16.5805,33,7.345
create,0,990,201,27.18496,16.4241,33,7.144
create,0,991,201,67.38571,16.6322,33,6.866
create,0,992,201,31.89411,17.3449,33,8.092
create,0,993,201,28.782,16.5642,33,7.478
create,0,994,201,29.42706,15.8416,33,6.467
create,0,995,201,29.85439,18.6866,33,7.815
create,0,996,201,29.61496,17.1731,33,7.284
create,0,997,201,28.38166,16.7747,33,7.308
create,0,998,201,28.76059,17.7242,33,8.18
create,0,999,201,27.47325,16.6471,33,7.443
