operation,warmup,sample,http_status,elapsed_ms,server_ms,query_count,db_ms
search,1,0,200,449.92408,6.4221,2,3.411
search,1,1,200,15.71129,4.818,2,3.655
search,1,2,200,29.73994,6.7923,2,3.389
search,1,3,200,14.63226,4.3003,2,3.172
search,1,4,200,14.26218,4.5271,2,3.17
search,1,5,200,13.84821,4.2979,2,3.25
search,1,6,200,14.35385,4.6805,2,3.574
search,1,7,200,13.9895,4.2737,2,3.12
search,1,8,200,13.63457,4.1397,2,3.088
search,1,9,200,13.68009,4.3632,2,3.205
search,1,10,200,13.06342,4.2875,2,3.17
search,1,11,200,14.42543,5.034,2,3.923
search,1,12,200,13.52917,4.2271,2,3.096
search,1,13,200,13.56994,4.4594,2,3.411
search,1,14,200,14.57886,4.5165,2,3.139
search,1,15,200,13.934,4.2643,2,3.21
search,1,16,200,14.47218,4.4662,2,3.109
search,1,17,200,14.34407,4.5793,2,3.425
search,1,18,200,13.26788,4.3095,2,3.219
search,1,19,200,14.65449,4.5327,2,3.312
search,0,0,200,14.08447,4.3738,2,3.157
search,0,1,200,14.77373,4.2961,2,3.27
search,0,2,200,13.97371,4.4095,2,3.131
search,0,3,200,13.53326,4.4392,2,3.246
search,0,4,200,14.12417,4.41,2,3.286
search,0,5,200,14.08004,4.3636,2,3.261
search,0,6,200,15.1759,6.0817,2,4.927
search,0,7,200,13.75529,4.5853,2,3.34
search,0,8,200,13.1551,4.3838,2,3.158
search,0,9,200,14.72143,5.0513,2,3.896
search,0,10,200,14.45217,4.3503,2,3.174
search,0,11,200,14.15782,4.572,2,3.452
search,0,12,200,13.78456,4.4781,2,3.335
search,0,13,200,21.00358,4.9126,2,3.674
search,0,14,200,16.19822,4.6688,2,3.468
search,0,15,200,14.75474,4.6315,2,3.253
search,0,16,200,14.43955,4.5346,2,3.106
search,0,17,200,14.28097,4.6226,2,3.516
search,0,18,200,13.7882,4.1698,2,3.106
search,0,19,200,14.48407,4.196,2,3.141
search,0,20,200,14.54908,4.8287,2,3.65
search,0,21,200,13.81353,4.2556,2,3.195
search,0,22,200,14.4315,4.7146,2,3.357
search,0,23,200,14.44419,4.2777,2,3.208
search,0,24,200,13.73642,4.2382,2,3.095
search,0,25,200,13.6725,4.3335,2,3.199
search,0,26,200,16.32594,4.7904,2,3.674
search,0,27,200,15.53104,5.6129,2,4.184
search,0,28,200,14.69077,4.4485,2,3.365
search,0,29,200,13.69437,4.5442,2,3.494
search,0,30,200,14.10158,4.1981,2,3.01
search,0,31,200,14.26022,4.4873,2,3.216
search,0,32,200,13.82606,4.2499,2,3.081
search,0,33,200,14.03871,4.4799,2,3.405
search,0,34,200,14.94955,4.8867,2,3.773
search,0,35,200,13.66083,4.1961,2,3.144
search,0,36,200,14.74933,4.8927,2,3.737
search,0,37,200,13.74012,4.2853,2,3.205
search,0,38,200,14.88388,4.7303,2,3.637
search,0,39,200,14.41083,4.5717,2,3.272
search,0,40,200,14.23865,4.7141,2,3.126
search,0,41,200,16.66504,6.9217,2,5.141
search,0,42,200,15.50003,5.4844,2,4.275
search,0,43,200,15.92993,4.5796,2,3.387
search,0,44,200,14.66089,4.8767,2,3.717
search,0,45,200,16.25836,4.9424,2,3.616
search,0,46,200,92.96565,5.0278,2,3.629
search,0,47,200,15.50672,4.9192,2,3.812
search,0,48,200,14.84889,5.0096,2,3.35
search,0,49,200,13.82029,4.2681,2,3.188
search,0,50,200,14.83296,5.0694,2,3.77
search,0,51,200,13.97226,4.3953,2,3.299
search,0,52,200,13.74331,4.132,2,3.042
search,0,53,200,14.81818,4.5529,2,3.488
search,0,54,200,14.33121,4.398,2,3.304
search,0,55,200,14.35136,4.9852,2,3.875
search,0,56,200,15.66833,4.769,2,3.562
search,0,57,200,16.27608,5.3302,2,3.719
search,0,58,200,14.98797,4.6039,2,3.542
search,0,59,200,16.18117,5.4161,2,4.107
search,0,60,200,15.05172,4.6828,2,3.266
search,0,61,200,15.1248,4.7277,2,3.427
search,0,62,200,14.78661,4.552,2,3.407
search,0,63,200,14.7284,4.5601,2,3.461
search,0,64,200,14.29045,4.6478,2,3.44
search,0,65,200,15.36689,6.0087,2,4.925
search,0,66,200,15.94403,4.5205,2,3.261
search,0,67,200,14.62072,4.6925,2,3.505
search,0,68,200,27.38598,4.476,2,3.292
search,0,69,200,15.14891,4.51,2,3.284
search,0,70,200,24.00127,4.4763,2,3.164
search,0,71,200,15.24407,5.1189,2,3.918
search,0,72,200,18.0659,4.3358,2,3.188
search,0,73,200,14.11415,4.316,2,3.222
search,0,74,200,14.3288,4.4611,2,3.147
search,0,75,200,18.07471,5.3913,2,4.208
search,0,76,200,17.33863,4.7427,2,3.264
search,0,77,200,15.32048,4.8123,2,3.647
search,0,78,200,14.88486,4.4121,2,3.261
search,0,79,200,15.36585,5.0124,2,3.818
search,0,80,200,14.98878,4.549,2,3.417
search,0,81,200,16.24662,4.8354,2,3.688
search,0,82,200,15.99688,4.7358,2,3.587
search,0,83,200,14.57689,4.3932,2,3.279
search,0,84,200,15.92011,4.6332,2,3.461
search,0,85,200,14.58976,4.8985,2,3.533
search,0,86,200,14.91488,4.2799,2,3.234
search,0,87,200,14.82855,4.408,2,3.358
search,0,88,200,13.86886,4.399,2,3.262
search,0,89,200,13.56111,4.3889,2,3.201
search,0,90,200,14.39189,4.3811,2,3.336
search,0,91,200,13.23444,4.1604,2,3.077
search,0,92,200,14.43378,4.3194,2,3.254
search,0,93,200,14.19083,4.2534,2,3.141
search,0,94,200,15.74472,4.3757,2,3.253
search,0,95,200,61.52326,4.4659,2,3.258
search,0,96,200,17.07241,4.7623,2,3.576
search,0,97,200,15.00632,4.3012,2,3.206
search,0,98,200,13.2823,4.1613,2,3.022
search,0,99,200,14.47787,4.2419,2,3.154
search,0,100,200,14.76738,4.6449,2,3.435
search,0,101,200,14.94925,4.4866,2,3.114
search,0,102,200,14.29553,4.8024,2,3.598
search,0,103,200,18.04256,4.3929,2,3.104
search,0,104,200,14.08953,4.7691,2,3.594
search,0,105,200,13.36274,4.2591,2,3.013
search,0,106,200,12.97674,4.1914,2,3.124
search,0,107,200,14.23306,4.2229,2,3.092
search,0,108,200,14.28836,4.7698,2,3.61
search,0,109,200,13.54955,4.2365,2,3.095
search,0,110,200,17.2254,6.3243,2,3.631
search,0,111,200,13.90534,4.7669,2,3.357
search,0,112,200,13.42404,4.1956,2,3.078
search,0,113,200,14.93652,4.6468,2,3.451
search,0,114,200,13.942,4.6537,2,3.502
search,0,115,200,12.9916,4.1542,2,3.013
search,0,116,200,13.89233,4.7565,2,3.531
search,0,117,200,15.56951,4.7633,2,3.503
search,0,118,200,13.47509,4.7019,2,3.543
search,0,119,200,13.36743,4.7257,2,3.596
search,0,120,200,12.84386,4.2517,2,3.042
search,0,121,200,13.70075,4.7286,2,3.479
search,0,122,200,12.50793,4.1199,2,3.091
search,0,123,200,13.59174,4.979,2,3.849
search,0,124,200,13.15973,4.2698,2,3.167
search,0,125,200,14.3317,4.9479,2,3.628
search,0,126,200,12.52835,4.125,2,3.037
search,0,127,200,13.43779,4.6531,2,3.551
search,0,128,200,19.8259,4.6355,2,3.257
search,0,129,200,13.89817,4.3612,2,3.17
search,0,130,200,15.7758,4.9735,2,3.182
search,0,131,200,13.52787,4.6004,2,3.459
search,0,132,200,13.656,4.6216,2,3.31
search,0,133,200,13.94151,4.3706,2,3.187
search,0,134,200,12.92005,4.144,2,3.058
search,0,135,200,14.42776,4.6819,2,3.551
search,0,136,200,13.09781,4.4512,2,3.382
search,0,137,200,13.62512,4.4937,2,3.441
search,0,138,200,13.83527,4.314,2,3.141
search,0,139,200,14.72274,4.1994,2,3.071
search,0,140,200,13.16884,4.1896,2,3.015
search,0,141,200,13.67345,4.2634,2,3.186
search,0,142,200,14.71603,4.5967,2,3.333
search,0,143,200,14.2188,4.4221,2,3.191
search,0,144,200,65.57179,4.3238,2,3.192
search,0,145,200,15.04345,4.5634,2,3.165
search,0,146,200,12.82688,4.1567,2,3.03
search,0,147,200,12.58351,4.1755,2,3.143
search,0,148,200,12.49497,4.0852,2,3.027
search,0,149,200,12.92783,4.161,2,3.116
search,0,150,200,12.89859,4.0772,2,2.972
search,0,151,200,13.14604,4.3397,2,3.25
search,0,152,200,12.61215,4.2388,2,3.166
search,0,153,200,17.18166,8.1695,2,7.116
search,0,154,200,12.88959,4.3491,2,3.216
search,0,155,200,12.74836,4.3351,2,3.214
search,0,156,200,12.88463,4.2618,2,3.176
search,0,157,200,13.40548,4.5343,2,3.424
search,0,158,200,13.35378,4.331,2,3.244
search,0,159,200,12.99011,4.3082,2,3.227
search,0,160,200,12.78128,4.2511,2,3.208
search,0,161,200,13.36856,4.4042,2,3.245
search,0,162,200,12.71164,4.591,2,3.517
search,0,163,200,12.86185,4.3884,2,3.321
search,0,164,200,12.79921,4.3262,2,3.221
search,0,165,200,14.4276,4.8082,2,3.622
search,0,166,200,13.62746,4.5199,2,3.36
search,0,167,200,13.08745,4.3752,2,3.222
search,0,168,200,13.54961,4.6773,2,3.61
search,0,169,200,13.82401,4.5731,2,3.444
search,0,170,200,13.51828,4.5847,2,3.425
search,0,171,200,13.03059,4.289,2,3.2
search,0,172,200,12.41563,4.2455,2,3.143
search,0,173,200,12.78082,4.4999,2,3.337
search,0,174,200,12.96894,4.208,2,3.112
search,0,175,200,13.16633,4.1432,2,3.101
search,0,176,200,13.60608,4.3459,2,3.244
search,0,177,200,13.71992,4.6698,2,3.551
search,0,178,200,13.10341,4.2382,2,3.178
search,0,179,200,14.00421,4.9792,2,3.703
search,0,180,200,13.13868,4.3135,2,3.229
search,0,181,200,14.53688,4.6839,2,3.513
search,0,182,200,13.7106,4.3217,2,3.242
search,0,183,200,13.52139,4.5641,2,3.477
search,0,184,200,13.26945,4.3706,2,3.199
search,0,185,200,12.86364,4.1802,2,3.126
search,0,186,200,12.8605,4.467,2,3.347
search,0,187,200,13.26828,4.3376,2,3.155
search,0,188,200,13.23063,4.508,2,3.404
search,0,189,200,12.81372,4.1971,2,3.141
search,0,190,200,12.76471,4.237,2,3.171
search,0,191,200,13.85686,4.5884,2,3.429
search,0,192,200,12.43887,4.1188,2,2.996
search,0,193,200,71.09187,4.9249,2,3.37
search,0,194,200,15.77322,4.9238,2,3.726
search,0,195,200,13.80381,4.3319,2,3.17
search,0,196,200,13.66824,4.2318,2,3.107
search,0,197,200,15.95944,5.2513,2,3.887
search,0,198,200,13.68175,4.3854,2,3.249
search,0,199,200,13.88665,4.1734,2,3.041
search,0,200,200,12.8441,4.0904,2,3.021
search,0,201,200,13.4217,4.1818,2,3.101
search,0,202,200,12.57903,4.0553,2,2.974
search,0,203,200,12.45287,4.0266,2,2.961
search,0,204,200,12.86683,4.5149,2,3.17
search,0,205,200,12.96901,4.1031,2,3.036
search,0,206,200,13.08255,4.2284,2,3.1
search,0,207,200,14.0296,4.3521,2,3.214
search,0,208,200,14.24029,4.7099,2,3.445
search,0,209,200,14.24599,4.7706,2,3.333
search,0,210,200,13.27169,4.3567,2,3.273
search,0,211,200,15.86109,6.5445,2,5.155
search,0,212,200,14.06708,4.3597,2,3.301
search,0,213,200,14.02053,4.427,2,3.295
search,0,214,200,13.34194,4.4142,2,3.264
search,0,215,200,14.20647,4.6692,2,3.329
search,0,216,200,13.47616,4.3321,2,3.23
search,0,217,200,16.03117,7.2568,2,6.168
search,0,218,200,12.97297,4.3269,2,3.178
search,0,219,200,14.08727,4.3291,2,3.222
search,0,220,200,13.0638,4.1966,2,3.063
search,0,221,200,12.46218,4.0885,2,3.009
search,0,222,200,13.13762,4.2219,2,3.13
search,0,223,200,13.37739,4.4783,2,3.373
search,0,224,200,13.48851,4.6169,2,3.486
search,0,225,200,13.02114,4.1713,2,3.077
search,0,226,200,13.26216,4.3656,2,3.282
search,0,227,200,13.42484,4.3205,2,3.166
search,0,228,200,13.02033,4.3032,2,3.155
search,0,229,200,15.55588,4.5459,2,3.302
search,0,230,200,17.60737,5.1944,2,3.689
search,0,231,200,14.59908,4.7652,2,3.431
search,0,232,200,13.99782,4.6266,2,3.262
search,0,233,200,14.20904,4.8476,2,3.272
search,0,234,200,13.1048,4.3491,2,3.208
search,0,235,200,13.81651,4.8566,2,3.494
search,0,236,200,13.17535,4.1695,2,3.029
search,0,237,200,14.77188,4.7575,2,3.648
search,0,238,200,14.48241,4.9452,2,3.726
search,0,239,200,13.8285,4.7389,2,3.613
search,0,240,200,14.12482,5.1149,2,3.537
search,0,241,200,14.66733,4.82,2,3.606
search,0,242,200,63.9553,4.7163,2,3.339
search,0,243,200,19.98416,8.82,2,3.251
search,0,244,200,14.19691,4.477,2,3.367
search,0,245,200,13.84818,4.5612,2,3.378
search,0,246,200,13.17833,4.2793,2,3.194
search,0,247,200,14.08718,4.4799,2,3.323
search,0,248,200,12.96387,4.2109,2,3.109
search,0,249,200,12.81394,4.1865,2,3.112
search,0,250,200,12.34355,4.1866,2,3.107
search,0,251,200,13.21941,4.2856,2,3.2
search,0,252,200,13.63115,4.46,2,3.319
search,0,253,200,13.29015,4.3824,2,3.284
search,0,254,200,14.39612,5.0025,2,3.767
search,0,255,200,13.33764,4.3995,2,3.267
search,0,256,200,18.88146,4.9534,2,3.764
search,0,257,200,14.63889,4.6635,2,3.567
search,0,258,200,13.90837,4.6259,2,3.464
search,0,259,200,14.36944,4.7538,2,3.524
search,0,260,200,17.31502,6.8958,2,5.577
search,0,261,200,15.66284,5.15,2,3.643
search,0,262,200,14.725,4.6003,2,3.382
search,0,263,200,14.1416,4.5823,2,3.464
search,0,264,200,15.27679,5.0404,2,3.563
search,0,265,200,13.26254,4.2808,2,3.215
search,0,266,200,13.1835,4.8685,2,3.639
search,0,267,200,13.45811,4.5978,2,3.228
search,0,268,200,16.69808,4.7154,2,3.544
search,0,269,200,15.34624,5.0305,2,3.911
search,0,270,200,13.99871,4.3777,2,3.273
search,0,271,200,14.11437,4.8752,2,3.718
search,0,272,200,14.16447,4.5319,2,3.391
search,0,273,200,13.90584,4.4637,2,3.417
search,0,274,200,13.84369,4.237,2,3.182
search,0,275,200,12.70789,4.2003,2,3.1
search,0,276,200,13.44228,4.2552,2,3.146
search,0,277,200,15.21149,5.6379,2,4.538
search,0,278,200,13.57744,4.4265,2,3.294
search,0,279,200,15.2164,4.637,2,3.541
search,0,280,200,24.24804,4.5375,2,3.438
search,0,281,200,14.73066,4.4478,2,3.358
search,0,282,200,15.28913,4.5412,2,3.416
search,0,283,200,13.82938,4.3563,2,3.256
search,0,284,200,15.12754,4.6747,2,3.504
search,0,285,200,13.82048,4.5198,2,3.375
search,0,286,200,14.05159,4.2897,2,3.176
search,0,287,200,13.12303,4.5148,2,3.449
search,0,288,200,13.77593,4.4199,2,3.222
search,0,289,200,13.10829,4.3515,2,3.217
search,0,290,200,14.49251,4.492,2,3.227
search,0,291,200,66.90995,4.5772,2,3.43
search,0,292,200,15.98899,5.1146,2,3.384
search,0,293,200,16.29002,5.4487,2,3.963
search,0,294,200,16.23043,4.9349,2,3.763
search,0,295,200,16.06409,6.0956,2,3.345
search,0,296,200,14.61998,4.9306,2,3.785
search,0,297,200,15.15743,4.4157,2,3.304
search,0,298,200,14.34131,4.4782,2,3.279
search,0,299,200,14.79734,4.5108,2,3.31
search,0,300,200,16.66459,4.4187,2,3.292
search,0,301,200,15.51804,4.6445,2,3.404
search,0,302,200,15.35405,4.3945,2,3.236
search,0,303,200,14.96598,4.5205,2,3.296
search,0,304,200,14.46517,4.4085,2,3.245
search,0,305,200,15.3384,4.4496,2,3.287
search,0,306,200,15.12542,4.6784,2,3.562
search,0,307,200,15.43419,4.3689,2,3.231
search,0,308,200,18.0484,4.7523,2,3.56
search,0,309,200,14.67098,4.3382,2,3.221
search,0,310,200,16.26643,4.5798,2,3.483
search,0,311,200,15.22685,4.5058,2,3.416
search,0,312,200,14.22905,4.2665,2,3.163
search,0,313,200,17.06595,5.6069,2,4.371
search,0,314,200,14.72277,4.5543,2,3.313
search,0,315,200,16.01008,4.4644,2,3.304
search,0,316,200,14.16129,4.4582,2,3.332
search,0,317,200,14.03843,4.776,2,3.42
search,0,318,200,14.72585,4.8486,2,3.55
search,0,319,200,14.65931,4.8669,2,3.67
search,0,320,200,14.94472,4.7498,2,3.59
search,0,321,200,15.77699,4.5752,2,3.385
search,0,322,200,13.73487,4.5528,2,3.466
search,0,323,200,14.41481,4.6409,2,3.453
search,0,324,200,17.163,5.8246,2,4.699
search,0,325,200,15.19914,5.3114,2,4.124
search,0,326,200,16.07833,4.9951,2,3.774
search,0,327,200,17.65108,5.6483,2,4.332
search,0,328,200,16.55285,4.8794,2,3.354
search,0,329,200,17.02121,4.9157,2,3.779
search,0,330,200,16.22325,4.3233,2,3.21
search,0,331,200,12.99854,4.2606,2,3.163
search,0,332,200,13.02179,4.3034,2,3.218
search,0,333,200,12.99707,4.1219,2,3.051
search,0,334,200,14.96438,4.5761,2,3.448
search,0,335,200,13.53033,4.5262,2,3.458
search,0,336,200,15.51708,6.0982,2,4.892
search,0,337,200,14.6512,4.5017,2,3.39
search,0,338,200,13.80019,4.8413,2,3.655
search,0,339,200,13.41148,4.6997,2,3.59
search,0,340,200,65.90636,5.5435,2,4.412
search,0,341,200,15.456,4.5906,2,3.496
search,0,342,200,13.29559,4.3048,2,3.237
search,0,343,200,13.58927,4.6915,2,3.571
search,0,344,200,12.72894,4.3102,2,3.116
search,0,345,200,13.59255,4.187,2,3.136
search,0,346,200,13.08032,4.4521,2,3.34
search,0,347,200,13.78285,4.4925,2,3.386
search,0,348,200,12.74949,4.2266,2,3.1
search,0,349,200,14.5268,6.1337,2,3.429
search,0,350,200,12.97818,4.6885,2,3.449
search,0,351,200,13.61628,4.2097,2,3.156
search,0,352,200,13.18064,4.2621,2,3.191
search,0,353,200,12.55294,4.2511,2,3.2
search,0,354,200,13.27088,4.6264,2,3.588
search,0,355,200,13.23185,4.7777,2,3.698
search,0,356,200,12.39789,4.2206,2,3.134
search,0,357,200,14.34749,4.3327,2,3.2
search,0,358,200,13.56221,4.3611,2,3.249
search,0,359,200,12.99872,4.3388,2,3.244
search,0,360,200,13.50576,4.4818,2,3.293
search,0,361,200,12.83238,4.1745,2,3.093
search,0,362,200,12.79064,4.1102,2,3.045
search,0,363,200,14.96442,4.3714,2,3.204
search,0,364,200,12.64518,4.1377,2,3.057
search,0,365,200,13.72431,4.297,2,3.212
search,0,366,200,12.55845,4.1078,2,3.019
search,0,367,200,13.76891,4.2302,2,3.127
search,0,368,200,13.46318,4.3685,2,3.276
search,0,369,200,13.4478,4.1756,2,3.043
search,0,370,200,12.95061,4.1193,2,3.042
search,0,371,200,13.5209,4.2139,2,3.052
search,0,372,200,12.70905,4.0958,2,3.012
search,0,373,200,13.67186,4.4335,2,3.336
search,0,374,200,14.30348,4.4559,2,3.192
search,0,375,200,14.22886,4.302,2,3.196
search,0,376,200,13.56804,4.2334,2,3.071
search,0,377,200,14.90025,4.3284,2,3.218
search,0,378,200,12.64065,4.2511,2,3.118
search,0,379,200,13.37889,4.0478,2,2.988
search,0,380,200,12.37158,4.13,2,2.997
search,0,381,200,12.7905,4.0457,2,2.989
search,0,382,200,12.34779,4.0452,2,2.974
search,0,383,200,14.12057,4.1114,2,3.007
search,0,384,200,12.64726,4.1392,2,3.081
search,0,385,200,14.31082,4.5301,2,3.406
search,0,386,200,12.85041,4.1303,2,3.056
search,0,387,200,14.12559,4.1528,2,3.053
search,0,388,200,12.93973,4.1343,2,3.017
search,0,389,200,68.06157,5.564,2,4.49
search,0,390,200,14.30082,4.4392,2,3.335
search,0,391,200,13.32486,4.3598,2,3.232
search,0,392,200,13.16785,4.1779,2,3.148
search,0,393,200,13.0096,4.2691,2,3.211
search,0,394,200,12.74935,4.3507,2,3.335
search,0,395,200,13.59684,4.2489,2,3.136
search,0,396,200,12.83002,4.4634,2,3.37
search,0,397,200,12.7623,4.185,2,3.105
search,0,398,200,12.46602,4.1787,2,3.145
search,0,399,200,12.83944,4.2471,2,3.172
search,0,400,200,12.26831,4.1952,2,3.175
search,0,401,200,12.58742,4.135,2,3.072
search,0,402,200,12.30126,4.1419,2,3.068
search,0,403,200,12.3709,4.0865,2,3.048
search,0,404,200,12.47614,4.1089,2,3.057
search,0,405,200,12.80172,4.1839,2,3.128
search,0,406,200,12.7283,4.1464,2,3.049
search,0,407,200,13.01683,4.1287,2,3.088
search,0,408,200,13.10851,4.4241,2,3.296
search,0,409,200,13.06124,4.1599,2,3.099
search,0,410,200,12.97574,4.1118,2,3.064
search,0,411,200,12.88826,4.2784,2,3.222
search,0,412,200,13.35972,4.1869,2,3.137
search,0,413,200,14.84677,4.6626,2,3.361
search,0,414,200,14.93133,4.3996,2,3.098
search,0,415,200,13.93548,4.4364,2,3.336
search,0,416,200,13.91872,4.3974,2,3.167
search,0,417,200,13.65226,4.3762,2,3.246
search,0,418,200,13.931,4.2324,2,3.13
search,0,419,200,13.45401,4.3173,2,3.215
search,0,420,200,13.48563,4.1134,2,3.03
search,0,421,200,13.18221,4.1655,2,3.09
search,0,422,200,13.78113,4.3624,2,3.266
search,0,423,200,13.13465,4.2394,2,3.113
search,0,424,200,14.81505,4.3258,2,3.194
search,0,425,200,12.80922,4.2155,2,3.107
search,0,426,200,13.95348,4.3483,2,3.254
search,0,427,200,12.51245,4.0733,2,3.025
search,0,428,200,12.78297,4.12,2,3.045
search,0,429,200,12.49791,4.1792,2,3.07
search,0,430,200,12.87692,4.3709,2,3.326
search,0,431,200,12.73969,4.1305,2,3.091
search,0,432,200,14.39684,4.7268,2,3.533
search,0,433,200,13.37014,4.4117,2,3.244
search,0,434,200,13.45598,4.1675,2,3.121
search,0,435,200,12.76656,4.1014,2,3.034
search,0,436,200,13.09343,4.072,2,3.028
search,0,437,200,12.72548,4.0013,2,2.988
search,0,438,200,69.15171,4.1908,2,3.113
search,0,439,200,15.88354,4.8562,2,3.452
search,0,440,200,14.22851,4.8168,2,3.141
search,0,441,200,15.62235,4.3264,2,3.257
search,0,442,200,12.79435,4.107,2,3.085
search,0,443,200,13.71198,4.1412,2,3.1
search,0,444,200,13.06474,4.1468,2,3.077
search,0,445,200,13.62387,4.0774,2,3.028
search,0,446,200,13.09937,4.0432,2,2.973
search,0,447,200,13.34177,4.1766,2,3.063
search,0,448,200,13.34786,4.5448,2,3.349
search,0,449,200,13.20216,4.0431,2,2.989
search,0,450,200,13.34021,4.6837,2,3.364
search,0,451,200,13.09188,4.1372,2,3.052
search,0,452,200,13.30764,4.038,2,2.972
search,0,453,200,12.90323,4.0921,2,3.007
search,0,454,200,12.56469,4.2912,2,3.019
search,0,455,200,13.55315,4.4855,2,3.16
search,0,456,200,13.59969,4.4724,2,3.311
search,0,457,200,13.44895,4.1892,2,3.085
search,0,458,200,13.64428,4.298,2,3.214
search,0,459,200,14.51397,4.405,2,3.269
search,0,460,200,13.08925,4.2367,2,3.107
search,0,461,200,14.40436,4.46,2,3.355
search,0,462,200,13.81255,4.29,2,3.172
search,0,463,200,14.21215,4.5769,2,3.445
search,0,464,200,13.12318,4.3782,2,3.214
search,0,465,200,13.58278,4.2262,2,3.119
search,0,466,200,12.40274,4.1472,2,3.046
search,0,467,200,13.52258,4.3566,2,3.296
search,0,468,200,12.80009,4.5627,2,3.526
search,0,469,200,13.83646,4.1767,2,3.121
search,0,470,200,12.5036,4.1409,2,3.063
search,0,471,200,14.38287,4.4729,2,3.229
search,0,472,200,13.79372,4.5629,2,3.17
search,0,473,200,14.53482,4.2838,2,3.148
search,0,474,200,12.6976,4.1826,2,3.115
search,0,475,200,13.12846,4.2201,2,3.14
search,0,476,200,13.0671,4.5378,2,3.39
search,0,477,200,18.52309,9.3661,2,8.203
search,0,478,200,16.18215,4.5218,2,3.423
search,0,479,200,14.28902,4.6426,2,3.35
search,0,480,200,14.95366,5.0127,2,3.861
search,0,481,200,13.38529,4.3075,2,3.222
search,0,482,200,12.73056,4.2493,2,3.145
search,0,483,200,12.81281,4.236,2,3.044
search,0,484,200,15.00112,4.6436,2,3.45
search,0,485,200,13.89391,4.4863,2,3.267
search,0,486,200,13.47432,4.2636,2,3.102
search,0,487,200,65.84456,4.2531,2,3.155
search,0,488,200,15.02036,4.5841,2,3.45
search,0,489,200,13.25074,4.2881,2,3.135
search,0,490,200,13.35502,4.6449,2,3.571
search,0,491,200,14.04173,4.2888,2,3.201
search,0,492,200,13.36954,4.5119,2,3.39
search,0,493,200,13.66287,4.7891,2,3.613
search,0,494,200,12.89512,4.2549,2,3.159
search,0,495,200,13.34558,4.3049,2,3.21
search,0,496,200,12.83548,4.1678,2,3.1
search,0,497,200,12.9936,4.0293,2,2.976
search,0,498,200,13.56038,4.6547,2,3.537
search,0,499,200,13.72866,4.2529,2,3.159
search,0,500,200,13.62393,4.7005,2,3.599
search,0,501,200,14.71902,4.8734,2,3.699
search,0,502,200,13.0593,4.2414,2,3.115
search,0,503,200,13.59275,4.0982,2,3.073
search,0,504,200,13.71502,4.3479,2,3.282
search,0,505,200,13.76391,4.5265,2,3.454
search,0,506,200,13.94492,4.3022,2,3.224
search,0,507,200,15.04436,4.8866,2,3.764
search,0,508,200,14.26664,4.6292,2,3.526
search,0,509,200,13.80935,4.3545,2,3.246
search,0,510,200,13.63784,4.3143,2,3.217
search,0,511,200,12.93589,4.1502,2,3.112
search,0,512,200,13.37954,4.6308,2,3.528
search,0,513,200,17.475,4.9009,2,3.778
search,0,514,200,14.09735,4.7223,2,3.573
search,0,515,200,13.60106,4.5698,2,3.46
search,0,516,200,14.1115,4.7271,2,3.647
search,0,517,200,14.78965,4.6719,2,3.537
search,0,518,200,14.15721,4.5984,2,3.477
search,0,519,200,12.82754,4.2429,2,3.15
search,0,520,200,14.80651,4.956,2,3.657
search,0,521,200,14.5164,4.6657,2,3.558
search,0,522,200,13.98647,4.5287,2,3.44
search,0,523,200,13.68377,4.2852,2,3.219
search,0,524,200,14.8336,5.2705,2,4.093
search,0,525,200,13.8561,4.2551,2,3.186
search,0,526,200,12.74483,4.1072,2,3.036
search,0,527,200,13.32665,4.247,2,3.186
search,0,528,200,12.692,4.1722,2,3.032
search,0,529,200,14.82494,4.287,2,3.106
search,0,530,200,13.21202,4.3098,2,3.197
search,0,531,200,14.93179,4.8371,2,3.528
search,0,532,200,12.87338,4.1821,2,3.116
search,0,533,200,13.58107,4.292,2,3.218
search,0,534,200,13.78131,4.3202,2,3.158
search,0,535,200,15.02253,4.7931,2,3.498
search,0,536,200,65.23705,5.378,2,4.295
search,0,537,200,15.65037,4.7075,2,3.577
search,0,538,200,12.92677,4.183,2,3.128
search,0,539,200,14.60144,5.1252,2,4.047
search,0,540,200,14.2151,4.9233,2,3.763
search,0,541,200,16.61216,4.6103,2,3.389
search,0,542,200,14.49319,4.4217,2,3.195
search,0,543,200,15.57577,4.8675,2,3.677
search,0,544,200,16.54235,4.4038,2,3.264
search,0,545,200,15.07329,4.7134,2,3.599
search,0,546,200,14.62204,4.3716,2,3.186
search,0,547,200,14.05066,4.2918,2,3.18
search,0,548,200,14.68384,4.5403,2,3.355
search,0,549,200,15.45464,4.4491,2,3.272
search,0,550,200,14.46566,4.3777,2,3.246
search,0,551,200,14.00958,4.5381,2,3.448
search,0,552,200,12.94342,4.3734,2,3.302
search,0,553,200,13.29378,4.2259,2,3.133
search,0,554,200,13.32507,4.2833,2,3.204
search,0,555,200,13.09402,4.1976,2,3.09
search,0,556,200,16.36935,4.9405,2,3.766
search,0,557,200,13.71309,4.2662,2,3.118
search,0,558,200,13.71767,4.5259,2,3.301
search,0,559,200,13.81863,4.5202,2,3.324
search,0,560,200,13.76257,4.3631,2,3.069
search,0,561,200,13.34558,4.1535,2,3.066
search,0,562,200,13.44961,4.5325,2,3.439
search,0,563,200,13.80617,4.2849,2,3.194
search,0,564,200,17.22949,4.4246,2,3.261
search,0,565,200,13.06361,4.1907,2,3.1
search,0,566,200,13.70187,4.4576,2,3.286
search,0,567,200,13.58986,4.2548,2,3.173
search,0,568,200,13.16784,4.5339,2,3.451
search,0,569,200,13.57885,4.4103,2,3.312
search,0,570,200,13.7363,4.5044,2,3.421
search,0,571,200,13.04328,4.5816,2,3.462
search,0,572,200,12.90326,4.0319,2,2.961
search,0,573,200,12.66731,4.3889,2,3.166
search,0,574,200,14.74892,4.4306,2,3.307
search,0,575,200,13.28893,4.4462,2,3.092
search,0,576,200,14.2902,4.4529,2,3.385
search,0,577,200,14.01745,4.3215,2,3.161
search,0,578,200,14.62808,4.3357,2,3.083
search,0,579,200,13.1015,4.3109,2,3.254
search,0,580,200,13.75687,4.1567,2,3.066
search,0,581,200,14.52026,4.9042,2,3.705
search,0,582,200,13.74622,4.8785,2,3.624
search,0,583,200,12.49471,4.0579,2,2.969
search,0,584,200,14.07073,4.2117,2,3.128
search,0,585,200,70.02463,4.9334,2,3.733
search,0,586,200,16.58535,4.7948,2,3.557
search,0,587,200,14.0548,4.3717,2,3.184
search,0,588,200,13.87059,4.4652,2,3.347
search,0,589,200,13.64321,4.6423,2,3.434
search,0,590,200,14.26797,4.1523,2,3.074
search,0,591,200,12.89371,4.1972,2,3.133
search,0,592,200,14.18692,5.0945,2,3.98
search,0,593,200,13.26511,4.4751,2,3.312
search,0,594,200,13.74511,4.3668,2,3.236
search,0,595,200,14.54427,4.1596,2,3.059
search,0,596,200,14.1795,4.6379,2,3.556
search,0,597,200,13.60549,4.5853,2,3.498
search,0,598,200,14.38068,4.4984,2,3.373
search,0,599,200,14.36949,5.5328,2,4.426
search,0,600,200,12.78423,4.064,2,3.001
search,0,601,200,13.47,4.811,2,3.386
search,0,602,200,13.7444,4.2032,2,3.037
search,0,603,200,12.91112,4.1587,2,2.977
search,0,604,200,12.59759,4.3386,2,3.183
search,0,605,200,13.16564,4.4526,2,3.148
search,0,606,200,13.46377,4.2332,2,3.154
search,0,607,200,14.04917,4.5483,2,3.42
search,0,608,200,13.15283,4.3841,2,3.27
search,0,609,200,14.03916,4.5246,2,3.329
search,0,610,200,13.0134,4.2456,2,3.126
search,0,611,200,14.23165,4.537,2,3.277
search,0,612,200,13.52964,4.4272,2,3.347
search,0,613,200,12.86992,4.2712,2,3.139
search,0,614,200,13.68273,4.4805,2,3.165
search,0,615,200,14.25519,4.2695,2,3.112
search,0,616,200,14.46488,4.6342,2,3.037
search,0,617,200,14.55994,4.2799,2,3.144
search,0,618,200,14.61343,4.279,2,3.144
search,0,619,200,13.54412,4.5113,2,3.381
search,0,620,200,12.65533,4.2601,2,3.122
search,0,621,200,14.03837,4.092,2,3.032
search,0,622,200,12.44453,4.1159,2,3.042
search,0,623,200,13.15686,4.3348,2,3.211
search,0,624,200,12.70985,4.3063,2,3.199
search,0,625,200,12.65085,4.0548,2,3.001
search,0,626,200,12.94058,4.1634,2,3.036
search,0,627,200,13.30462,4.2223,2,3.125
search,0,628,200,12.46954,4.2125,2,3.153
search,0,629,200,13.16373,4.3815,2,3.261
search,0,630,200,12.83005,4.1696,2,3.105
search,0,631,200,12.67984,4.1051,2,3.053
search,0,632,200,12.99573,4.3123,2,3.228
search,0,633,200,12.37893,4.1567,2,3.014
search,0,634,200,68.95871,5.4005,2,4.318
search,0,635,200,15.56482,4.8188,2,3.644
search,0,636,200,13.98116,4.6054,2,3.517
search,0,637,200,13.59755,4.8697,2,3.724
search,0,638,200,13.4296,4.6374,2,3.513
search,0,639,200,13.48706,4.5858,2,3.399
search,0,640,200,13.31776,4.5101,2,3.41
search,0,641,200,14.18602,4.7586,2,3.622
search,0,642,200,13.69888,4.6621,2,3.554
search,0,643,200,14.12583,4.8714,2,3.766
search,0,644,200,13.38237,4.6188,2,3.448
search,0,645,200,14.46179,4.7425,2,3.64
search,0,646,200,13.50396,4.6343,2,3.464
search,0,647,200,13.23263,4.5752,2,3.483
search,0,648,200,13.72297,4.6849,2,3.477
search,0,649,200,13.6542,4.6617,2,3.551
search,0,650,200,13.54099,4.5974,2,3.499
search,0,651,200,13.27343,4.6789,2,3.565
search,0,652,200,14.09586,4.8021,2,3.53
search,0,653,200,13.55343,4.7151,2,3.533
search,0,654,200,13.5563,4.7689,2,3.547
search,0,655,200,13.90687,4.7625,2,3.494
search,0,656,200,13.71669,4.7796,2,3.601
search,0,657,200,14.26714,4.7823,2,3.512
search,0,658,200,13.57853,4.8409,2,3.703
search,0,659,200,14.15202,4.9499,2,3.671
search,0,660,200,13.67757,4.6954,2,3.59
search,0,661,200,13.36299,4.5772,2,3.48
search,0,662,200,13.19036,4.8742,2,3.778
search,0,663,200,13.38822,4.4298,2,3.347
search,0,664,200,13.46815,4.6816,2,3.502
search,0,665,200,13.38623,4.6711,2,3.543
search,0,666,200,13.95065,4.341,2,3.215
search,0,667,200,12.94292,4.1895,2,3.083
search,0,668,200,13.00914,4.4925,2,3.383
search,0,669,200,12.99883,4.3522,2,3.201
search,0,670,200,12.51788,4.2954,2,3.008
search,0,671,200,12.58735,4.2189,2,3.166
search,0,672,200,13.16223,4.318,2,3.082
search,0,673,200,12.22602,4.0809,2,3.036
search,0,674,200,12.54004,4.1049,2,3.093
search,0,675,200,12.50078,4.2522,2,3.211
search,0,676,200,12.2403,4.1025,2,3.076
search,0,677,200,12.81164,4.3529,2,3.294
search,0,678,200,13.2076,4.2341,2,3.065
search,0,679,200,12.61624,4.1514,2,3.098
search,0,680,200,13.21451,4.2088,2,3.164
search,0,681,200,12.63348,4.1327,2,3.107
search,0,682,200,12.96601,4.165,2,3.065
search,0,683,200,67.3486,4.2228,2,3.176
search,0,684,200,14.29853,4.2949,2,3.165
search,0,685,200,12.96332,4.1217,2,3.089
search,0,686,200,12.92259,4.0996,2,3.055
search,0,687,200,12.64688,4.2252,2,3.207
search,0,688,200,12.38864,4.0649,2,3.016
search,0,689,200,12.99879,4.1602,2,3.113
search,0,690,200,12.58856,4.0765,2,3.018
search,0,691,200,12.50873,4.2533,2,3.195
search,0,692,200,12.56337,4.1312,2,3.032
search,0,693,200,12.40907,4.0792,2,3.04
search,0,694,200,12.4904,4.0564,2,3.029
search,0,695,200,12.05427,4.0382,2,3.01
search,0,696,200,12.71789,4.0697,2,3.054
search,0,697,200,12.92689,4.112,2,3.046
search,0,698,200,12.66186,4.1713,2,3.148
search,0,699,200,13.22632,4.4443,2,3.268
search,0,700,200,12.43342,4.1617,2,3.14
search,0,701,200,13.10946,4.3259,2,3.246
search,0,702,200,13.2245,4.2217,2,3.116
search,0,703,200,13.37477,4.3411,2,3.112
search,0,704,200,13.47244,4.4007,2,3.349
search,0,705,200,12.58516,4.2858,2,2.977
search,0,706,200,12.69781,4.1472,2,3.045
search,0,707,200,13.13111,4.4092,2,3.096
search,0,708,200,11.89008,3.9728,2,2.955
search,0,709,200,12.94616,4.4937,2,3.439
search,0,710,200,12.73019,4.0938,2,3.062
search,0,711,200,13.3061,4.2318,2,3.158
search,0,712,200,12.6195,4.1916,2,3.142
search,0,713,200,12.86446,4.0768,2,3.036
search,0,714,200,12.79534,4.1143,2,3.058
search,0,715,200,12.53367,4.174,2,3.115
search,0,716,200,13.0029,4.399,2,3.029
search,0,717,200,13.69125,4.256,2,3.073
search,0,718,200,14.19573,4.6942,2,3.485
search,0,719,200,14.29301,4.7107,2,3.231
search,0,720,200,12.81042,4.1891,2,3.046
search,0,721,200,12.59322,4.1992,2,3.132
search,0,722,200,14.31256,4.7776,2,3.683
search,0,723,200,12.55569,4.0734,2,2.994
search,0,724,200,14.24158,4.6448,2,3.553
search,0,725,200,13.07083,4.3171,2,3.166
search,0,726,200,12.91588,4.0548,2,2.967
search,0,727,200,12.45427,4.1321,2,3.049
search,0,728,200,13.80404,4.2333,2,3.121
search,0,729,200,13.34333,4.5324,2,3.421
search,0,730,200,13.96942,4.3599,2,3.186
search,0,731,200,12.83664,4.3098,2,3.07
search,0,732,200,68.25938,4.295,2,3.092
search,0,733,200,14.92166,4.314,2,3.195
search,0,734,200,12.64686,4.08,2,3.026
search,0,735,200,14.56253,4.7376,2,3.56
search,0,736,200,13.38598,4.2505,2,3.126
search,0,737,200,13.45089,4.254,2,3.054
search,0,738,200,14.26347,4.9506,2,3.752
search,0,739,200,13.33917,4.4481,2,3.148
search,0,740,200,14.05333,4.82,2,3.098
search,0,741,200,14.1671,4.4127,2,3.167
search,0,742,200,13.84429,4.7498,2,3.65
search,0,743,200,14.41911,4.2158,2,3.13
search,0,744,200,14.20402,4.4858,2,3.367
search,0,745,200,14.26074,4.3642,2,3.132
search,0,746,200,13.67484,4.3312,2,3.193
search,0,747,200,13.45138,4.4744,2,3.129
search,0,748,200,14.96175,6.2136,2,4.159
search,0,749,200,14.72819,5.0233,2,3.811
search,0,750,200,13.27422,4.2923,2,2.99
search,0,751,200,12.93461,4.1843,2,3.021
search,0,752,200,13.29027,4.3508,2,3.138
search,0,753,200,13.29645,4.3136,2,3.23
search,0,754,200,12.84182,4.3975,2,3.288
search,0,755,200,14.30575,4.3047,2,3.078
search,0,756,200,13.34613,4.2557,2,3.121
search,0,757,200,15.46674,4.8041,2,3.257
search,0,758,200,15.28751,5.1662,2,4.041
search,0,759,200,14.23193,4.706,2,3.549
search,0,760,200,19.20185,5.0753,2,3.657
search,0,761,200,14.97766,4.3007,2,3.221
search,0,762,200,13.5119,4.1814,2,3.043
search,0,763,200,14.5207,5.0104,2,3.71
search,0,764,200,14.17287,4.808,2,3.655
search,0,765,200,14.09881,4.8814,2,3.677
search,0,766,200,16.67351,4.2432,2,3.128
search,0,767,200,13.08657,4.2299,2,3.12
search,0,768,200,13.32302,4.3307,2,3.252
search,0,769,200,13.7256,4.3915,2,3.23
search,0,770,200,13.93258,4.5532,2,3.419
search,0,771,200,14.5914,4.991,2,3.78
search,0,772,200,13.84869,4.7425,2,3.595
search,0,773,200,14.24398,4.9268,2,3.731
search,0,774,200,13.63359,4.8811,2,3.553
search,0,775,200,13.58652,4.6785,2,3.558
search,0,776,200,13.4737,4.7561,2,3.633
search,0,777,200,13.59302,4.6544,2,3.517
search,0,778,200,13.73857,4.8379,2,3.741
search,0,779,200,13.80714,4.7961,2,3.599
search,0,780,200,13.5046,4.8136,2,3.702
search,0,781,200,69.27246,4.6186,2,3.517
search,0,782,200,14.86115,4.3502,2,3.239
search,0,783,200,13.03539,4.0696,2,3.055
search,0,784,200,12.55917,4.1827,2,3.097
search,0,785,200,12.91812,4.2412,2,3.18
search,0,786,200,13.04106,4.4218,2,3.288
search,0,787,200,12.29963,4.1382,2,3.129
search,0,788,200,13.18027,4.4449,2,3.235
search,0,789,200,13.22651,4.5683,2,3.516
search,0,790,200,12.43109,4.1585,2,3.147
search,0,791,200,12.94724,4.2132,2,3.199
search,0,792,200,13.24362,4.3819,2,3.276
search,0,793,200,14.11958,4.6168,2,3.289
search,0,794,200,15.41979,5.2848,2,3.261
search,0,795,200,13.14002,4.2523,2,3.185
search,0,796,200,13.12989,4.5205,2,3.316
search,0,797,200,13.82513,4.5552,2,3.504
search,0,798,200,12.72332,4.1758,2,3.17
search,0,799,200,13.61536,4.2748,2,3.158
search,0,800,200,12.62628,4.2509,2,3.173
search,0,801,200,13.45018,4.2746,2,3.093
search,0,802,200,13.57332,4.375,2,3.205
search,0,803,200,12.95212,4.5265,2,3.296
search,0,804,200,14.68597,5.7524,2,4.689
search,0,805,200,13.26141,4.2621,2,3.211
search,0,806,200,12.92858,4.1005,2,3.074
search,0,807,200,12.92908,4.887,2,3.022
search,0,808,200,13.10145,4.4954,2,3.396
search,0,809,200,12.94186,4.2565,2,3.229
search,0,810,200,13.70273,4.8989,2,3.581
search,0,811,200,14.04326,4.5726,2,3.167
search,0,812,200,13.05597,4.4073,2,3.265
search,0,813,200,13.30549,4.2295,2,3.182
search,0,814,200,13.13405,4.3111,2,3.269
search,0,815,200,12.46215,4.1488,2,3.129
search,0,816,200,13.02055,4.4461,2,3.28
search,0,817,200,12.42715,4.3476,2,3.281
search,0,818,200,14.44931,5.5388,2,4.394
search,0,819,200,12.98552,4.3331,2,3.295
search,0,820,200,13.21142,4.2461,2,3.22
search,0,821,200,12.89478,4.3488,2,3.241
search,0,822,200,13.97392,4.4707,2,3.351
search,0,823,200,13.54365,4.4411,2,3.246
search,0,824,200,14.01459,4.3449,2,3.205
search,0,825,200,13.05572,4.3741,2,3.26
search,0,826,200,12.74977,4.2684,2,3.056
search,0,827,200,12.97687,4.3123,2,3.194
search,0,828,200,12.54783,4.1501,2,3.045
search,0,829,200,12.75465,4.3069,2,3.149
search,0,830,200,63.78939,4.8359,2,3.632
search,0,831,200,15.66674,5.0785,2,3.503
search,0,832,200,13.01375,4.3591,2,3.293
search,0,833,200,13.03204,4.1701,2,3.119
search,0,834,200,12.31231,4.1671,2,3.097
search,0,835,200,12.48728,4.0842,2,3.037
search,0,836,200,12.47572,4.2035,2,3.18
search,0,837,200,14.89247,4.4339,2,3.268
search,0,838,200,13.02367,4.0754,2,3.035
search,0,839,200,13.66659,4.3366,2,2.991
search,0,840,200,14.16917,4.2415,2,3.079
search,0,841,200,13.05463,4.3743,2,3.273
search,0,842,200,15.31769,4.3117,2,3.12
search,0,843,200,13.34138,4.1927,2,3.038
search,0,844,200,20.71478,11.7764,2,10.597
search,0,845,200,14.01969,4.8886,2,3.723
search,0,846,200,12.98381,4.5334,2,3.352
search,0,847,200,13.69393,4.6929,2,3.535
search,0,848,200,13.19078,4.3859,2,3.256
search,0,849,200,13.22588,4.6079,2,3.386
search,0,850,200,12.6137,4.3288,2,3.169
search,0,851,200,12.7357,4.4679,2,3.326
search,0,852,200,12.99643,4.4244,2,3.278
search,0,853,200,13.30161,4.6176,2,3.171
search,0,854,200,13.00257,4.6244,2,3.524
search,0,855,200,13.21413,4.6347,2,3.59
search,0,856,200,12.98115,4.7355,2,3.449
search,0,857,200,13.15448,4.4795,2,3.375
search,0,858,200,13.06555,4.7823,2,3.743
search,0,859,200,12.53628,4.4004,2,3.339
search,0,860,200,12.77551,4.36,2,3.289
search,0,861,200,13.6253,4.4049,2,3.291
search,0,862,200,13.10026,4.6469,2,3.522
search,0,863,200,13.483,4.5042,2,3.44
search,0,864,200,13.60969,4.9477,2,3.789
search,0,865,200,13.89171,4.4235,2,3.335
search,0,866,200,13.00955,4.3492,2,3.182
search,0,867,200,13.03746,4.3257,2,3.261
search,0,868,200,13.63701,4.6827,2,3.565
search,0,869,200,13.18043,4.6543,2,3.503
search,0,870,200,12.92442,4.3356,2,3.223
search,0,871,200,13.50266,4.6112,2,3.27
search,0,872,200,14.17021,4.9613,2,3.83
search,0,873,200,12.93612,4.2802,2,3.196
search,0,874,200,12.45074,4.4309,2,3.347
search,0,875,200,13.90917,5.0982,2,3.918
search,0,876,200,13.08371,4.3672,2,3.273
search,0,877,200,12.92494,4.4415,2,3.358
search,0,878,200,13.4135,4.7312,2,3.548
search,0,879,200,64.3143,4.7065,2,3.461
search,0,880,200,14.21833,4.3324,2,3.198
search,0,881,200,13.48788,4.3151,2,3.175
search,0,882,200,12.69273,4.0916,2,3.057
search,0,883,200,12.78693,4.2882,2,3.218
search,0,884,200,14.13608,4.6194,2,3.413
search,0,885,200,14.07025,4.7817,2,3.471
search,0,886,200,14.28465,4.5656,2,3.467
search,0,887,200,12.88103,4.2909,2,3.261
search,0,888,200,13.62011,4.7346,2,3.313
search,0,889,200,13.06331,4.2758,2,3.198
search,0,890,200,15.89658,5.4264,2,4.108
search,0,891,200,15.41274,6.0683,2,4.678
search,0,892,200,14.90423,5.2124,2,4.048
search,0,893,200,14.38157,5.2974,2,4.116
search,0,894,200,13.00697,4.3791,2,3.248
search,0,895,200,12.96423,4.4101,2,3.305
search,0,896,200,12.90917,4.3506,2,3.196
search,0,897,200,13.6736,4.7419,2,3.613
search,0,898,200,12.66428,4.3617,2,3.255
search,0,899,200,13.16991,4.3252,2,3.185
search,0,900,200,12.7786,4.378,2,3.275
search,0,901,200,12.65119,4.5586,2,3.446
search,0,902,200,13.00491,4.5128,2,3.334
search,0,903,200,12.94846,4.5571,2,3.419
search,0,904,200,13.03742,4.5351,2,3.321
search,0,905,200,13.27031,4.6645,2,3.548
search,0,906,200,12.8385,4.4361,2,3.268
search,0,907,200,13.36422,4.7843,2,3.549
search,0,908,200,13.1052,4.4218,2,3.303
search,0,909,200,13.03166,4.7664,2,3.266
search,0,910,200,13.22016,4.4683,2,3.266
search,0,911,200,12.88789,4.5602,2,3.407
search,0,912,200,13.06471,4.8027,2,3.58
search,0,913,200,12.65833,4.3037,2,3.137
search,0,914,200,13.16966,4.3818,2,3.204
search,0,915,200,12.68773,4.42,2,3.322
search,0,916,200,12.43797,4.3647,2,3.245
search,0,917,200,12.74201,4.3921,2,3.254
search,0,918,200,13.40317,4.7843,2,3.624
search,0,919,200,13.38171,4.679,2,3.368
search,0,920,200,12.57788,4.421,2,3.334
search,0,921,200,12.92461,4.4287,2,3.321
search,0,922,200,12.81522,4.5264,2,3.324
search,0,923,200,13.21935,4.4632,2,3.309
search,0,924,200,12.60778,4.307,2,3.206
search,0,925,200,12.74182,4.3512,2,3.28
search,0,926,200,12.65129,4.3263,2,3.213
search,0,927,200,13.18769,4.5872,2,3.373
search,0,928,200,61.88687,4.847,2,3.627
search,0,929,200,16.74162,5.7832,2,4.438
search,0,930,200,13.92089,4.5101,2,3.349
search,0,931,200,18.41283,5.6432,2,4.161
search,0,932,200,15.00815,4.9487,2,3.656
search,0,933,200,14.79151,5.1971,2,3.944
search,0,934,200,14.17501,4.4952,2,3.407
search,0,935,200,13.17713,4.3887,2,3.266
search,0,936,200,13.06576,4.45,2,3.353
search,0,937,200,14.02878,5.0907,2,3.698
search,0,938,200,15.09064,4.7237,2,3.591
search,0,939,200,13.61431,4.693,2,3.531
search,0,940,200,17.68701,4.9881,2,3.599
search,0,941,200,15.40905,4.7625,2,3.633
search,0,942,200,13.57072,4.6387,2,3.521
search,0,943,200,13.1583,4.5672,2,3.481
search,0,944,200,13.37299,4.6119,2,3.548
search,0,945,200,14.08461,4.6151,2,3.432
search,0,946,200,13.66115,4.6792,2,3.468
search,0,947,200,14.52992,4.9511,2,3.752
search,0,948,200,13.43138,4.6291,2,3.558
search,0,949,200,13.47003,4.8489,2,3.699
search,0,950,200,14.05064,4.8342,2,3.629
search,0,951,200,13.5435,4.7116,2,3.566
search,0,952,200,13.26027,4.7692,2,3.567
search,0,953,200,14.53255,4.6064,2,3.48
search,0,954,200,13.87751,4.9232,2,3.597
search,0,955,200,13.89913,4.7124,2,3.54
search,0,956,200,14.45822,4.7206,2,3.443
search,0,957,200,12.47814,4.126,2,3.041
search,0,958,200,13.39556,4.4802,2,3.378
search,0,959,200,13.94631,4.1963,2,3.124
search,0,960,200,13.24395,4.2326,2,3.15
search,0,961,200,13.80648,4.7427,2,3.561
search,0,962,200,14.43642,4.6819,2,3.521
search,0,963,200,13.87454,4.6712,2,3.453
search,0,964,200,14.05961,4.8733,2,3.752
search,0,965,200,13.73186,4.3598,2,3.259
search,0,966,200,12.53021,4.3298,2,3.215
search,0,967,200,14.24668,4.5395,2,3.374
search,0,968,200,14.05225,4.6166,2,3.473
search,0,969,200,13.42704,4.4884,2,3.357
search,0,970,200,12.71423,4.4715,2,3.375
search,0,971,200,14.60603,4.4953,2,3.395
search,0,972,200,13.1306,4.5643,2,3.42
search,0,973,200,13.6586,4.5583,2,3.391
search,0,974,200,13.78844,5.0119,2,3.794
search,0,975,200,13.54313,4.6409,2,3.415
search,0,976,200,13.52569,4.5116,2,3.351
search,0,977,200,63.12164,4.7558,2,3.614
search,0,978,200,14.79214,4.5291,2,3.32
search,0,979,200,13.95329,4.4137,2,3.371
search,0,980,200,13.56783,4.3492,2,3.105
search,0,981,200,14.4693,4.9603,2,3.741
search,0,982,200,13.64272,4.5915,2,3.457
search,0,983,200,16.10616,5.3738,2,4.012
search,0,984,200,13.88772,5.1373,2,3.992
search,0,985,200,14.9285,4.6022,2,3.408
search,0,986,200,12.87014,4.345,2,3.259
search,0,987,200,14.33677,5.0217,2,3.836
search,0,988,200,13.63411,4.8309,2,3.652
search,0,989,200,14.15197,4.9856,2,3.802
search,0,990,200,13.56289,4.9376,2,3.72
search,0,991,200,14.03731,5.1159,2,3.908
search,0,992,200,15.14753,5.5293,2,4.14
search,0,993,200,14.5444,5.0834,2,3.848
search,0,994,200,14.16102,4.9899,2,3.842
search,0,995,200,14.2486,4.9966,2,3.811
search,0,996,200,13.62393,4.8914,2,3.751
search,0,997,200,15.04945,5.0411,2,3.82
search,0,998,200,13.61096,4.9814,2,3.772
search,0,999,200,14.60973,5.1591,2,3.967
inventory,1,0,200,25.28701,16.233,15,4.348
inventory,1,1,200,14.4054,4.5386,13,3.324
inventory,1,2,200,12.02354,3.5582,13,2.628
inventory,1,3,200,12.6445,3.4052,13,2.559
inventory,1,4,200,12.97117,3.8697,13,2.883
inventory,1,5,200,13.91156,4.8045,13,3.755
inventory,1,6,200,13.63383,4.4741,13,3.379
inventory,1,7,200,14.07625,4.5611,13,3.36
inventory,1,8,200,13.35179,4.4676,13,3.439
inventory,1,9,200,14.21035,4.6391,13,3.423
inventory,1,10,200,13.66512,4.4901,13,3.372
inventory,1,11,200,13.30585,4.4917,13,3.44
inventory,1,12,200,13.02975,4.431,13,3.313
inventory,1,13,200,13.43692,4.4396,13,3.383
inventory,1,14,200,12.69159,3.492,13,2.639
inventory,1,15,200,12.40296,3.5333,13,2.507
inventory,1,16,200,12.24331,3.5528,13,2.662
inventory,1,17,200,12.76044,3.6191,13,2.707
inventory,1,18,200,14.26167,4.8638,13,3.65
inventory,1,19,200,34.58936,3.7898,13,2.777
inventory,0,0,200,12.1245,3.4482,13,2.582
inventory,0,1,200,13.11604,3.9316,13,3.003
inventory,0,2,200,12.15503,3.6432,13,2.739
inventory,0,3,200,12.58654,3.821,13,2.885
inventory,0,4,200,11.72216,3.2811,13,2.398
inventory,0,5,200,12.55628,3.3995,13,2.522
inventory,0,6,200,65.12865,4.1921,13,3.097
inventory,0,7,200,25.66646,15.1734,15,3.663
inventory,0,8,200,13.75455,4.049,13,2.993
inventory,0,9,200,18.87519,3.626,13,2.671
inventory,0,10,200,13.26544,3.5536,13,2.659
inventory,0,11,200,13.72012,3.715,13,2.8
inventory,0,12,200,20.25507,11.5196,13,2.773
inventory,0,13,200,12.79391,3.5031,13,2.626
inventory,0,14,200,18.93973,3.6967,13,2.844
inventory,0,15,200,12.59416,3.5335,13,2.603
inventory,0,16,200,17.03653,3.8901,13,2.871
inventory,0,17,200,14.14316,3.4374,13,2.568
inventory,0,18,200,14.11881,4.8322,13,3.111
inventory,0,19,200,14.16152,4.0769,13,3.08
inventory,0,20,200,14.04779,4.5872,13,3.417
inventory,0,21,200,15.01201,4.806,13,3.635
inventory,0,22,200,16.77549,4.8332,13,3.679
inventory,0,23,200,14.97834,4.6225,13,3.428
inventory,0,24,200,13.05979,4.0117,13,3.058
inventory,0,25,200,13.09734,3.4038,13,2.553
inventory,0,26,200,12.66934,3.9272,13,2.983
inventory,0,27,200,13.60463,3.844,13,2.938
inventory,0,28,200,13.45414,3.593,13,2.686
inventory,0,29,200,13.19156,3.5106,13,2.576
inventory,0,30,200,13.89135,3.8962,13,2.841
inventory,0,31,200,14.5951,4.7852,13,3.646
inventory,0,32,200,14.13753,3.8614,13,2.867
inventory,0,33,200,13.41679,3.5065,13,2.611
inventory,0,34,200,12.46123,3.4655,13,2.544
inventory,0,35,200,12.8034,3.3954,13,2.492
inventory,0,36,200,15.89754,5.003,13,3.252
inventory,0,37,200,15.53564,4.0569,13,2.969
inventory,0,38,200,12.56936,3.6829,13,2.649
inventory,0,39,200,14.81521,3.7647,13,2.762
inventory,0,40,200,15.76491,4.1967,13,3.212
inventory,0,41,200,15.22585,4.804,13,3.702
inventory,0,42,200,16.95874,5.9609,13,3.087
inventory,0,43,200,15.31696,4.4678,13,3.408
inventory,0,44,200,13.42963,3.5378,13,2.663
inventory,0,45,200,16.23318,4.4389,13,3.376
inventory,0,46,200,12.52343,3.3624,13,2.51
inventory,0,47,200,13.75712,4.5142,13,3.338
inventory,0,48,200,12.92383,4.4598,13,3.49
inventory,0,49,200,17.73969,4.5916,13,3.492
inventory,0,50,200,14.42617,4.3775,13,3.364
inventory,0,51,200,12.57023,3.8508,13,2.878
inventory,0,52,200,21.78037,3.9642,13,2.959
inventory,0,53,200,17.85539,7.418,13,6.462
inventory,0,54,200,17.80102,4.0763,13,3.055
inventory,0,55,200,74.88738,3.9193,13,2.842
inventory,0,56,200,14.95009,3.9326,13,2.878
inventory,0,57,200,19.36942,9.6207,13,2.912
inventory,0,58,200,14.39429,3.7644,13,2.824
inventory,0,59,200,16.32964,4.6285,13,3.555
inventory,0,60,200,13.87246,4.0263,13,3.154
inventory,0,61,200,15.98393,4.5918,13,3.515
inventory,0,62,200,14.11562,3.8081,13,2.951
inventory,0,63,200,14.02193,4.6389,13,3.404
inventory,0,64,200,14.26451,3.9485,13,2.994
inventory,0,65,200,17.40544,4.7083,13,3.568
inventory,0,66,200,14.88699,3.7965,13,2.901
inventory,0,67,200,19.07504,4.9383,13,3.685
inventory,0,68,200,13.16305,3.5669,13,2.673
inventory,0,69,200,15.12014,4.646,13,3.464
inventory,0,70,200,13.59493,4.126,13,3.151
inventory,0,71,200,14.49058,4.5064,13,3.377
inventory,0,72,200,13.32385,3.8075,13,2.901
inventory,0,73,200,15.89114,6.0198,13,4.95
inventory,0,74,200,14.46788,4.8545,13,3.606
inventory,0,75,200,14.01895,3.8995,13,2.998
inventory,0,76,200,13.40375,4.5649,13,3.408
inventory,0,77,200,13.75718,3.896,13,2.901
inventory,0,78,200,13.65972,4.3854,13,3.359
inventory,0,79,200,12.97204,3.8949,13,2.847
inventory,0,80,200,13.38742,4.0114,13,3.054
inventory,0,81,200,14.28228,4.9119,13,3.747
inventory,0,82,200,14.73518,3.8839,13,2.887
inventory,0,83,200,18.23769,5.8499,13,4.764
inventory,0,84,200,15.27197,3.8491,13,2.879
inventory,0,85,200,14.60977,4.7032,13,3.562
inventory,0,86,200,13.22619,3.8305,13,2.834
inventory,0,87,200,12.69403,3.6214,13,2.646
inventory,0,88,200,12.88866,3.3902,13,2.545
inventory,0,89,200,12.87269,4.0417,13,3.176
inventory,0,90,200,13.98199,4.4407,13,2.854
inventory,0,91,200,14.56833,4.247,13,3.219
inventory,0,92,200,15.2513,4.7756,13,3.589
inventory,0,93,200,16.85246,4.8736,13,3.748
inventory,0,94,200,13.55112,4.6173,13,3.517
inventory,0,95,200,13.70568,4.4958,13,3.416
inventory,0,96,200,13.41255,3.697,13,2.672
inventory,0,97,200,12.94994,3.9251,13,2.907
inventory,0,98,200,12.25519,3.4772,13,2.456
inventory,0,99,200,12.53973,3.4243,13,2.428
inventory,0,100,200,12.32787,3.3927,13,2.398
inventory,0,101,200,11.90828,3.3925,13,2.4
inventory,0,102,200,11.91336,3.3802,13,2.39
inventory,0,103,200,14.79402,3.7214,13,2.714
inventory,0,104,200,79.44722,4.6835,13,3.532
inventory,0,105,200,16.78993,6.0703,13,4.829
inventory,0,106,200,14.47974,4.9248,13,2.964
inventory,0,107,200,12.32873,3.4879,13,2.435
inventory,0,108,200,12.51391,3.7555,13,2.733
inventory,0,109,200,11.87315,3.3851,13,2.473
inventory,0,110,200,13.53847,3.3562,13,2.37
inventory,0,111,200,13.65768,4.035,13,2.946
inventory,0,112,200,12.46246,4.0049,13,2.602
inventory,0,113,200,12.92776,3.7296,13,2.724
inventory,0,114,200,16.80059,3.7554,13,2.585
inventory,0,115,200,13.01499,4.1146,13,3.09
inventory,0,116,200,12.39074,3.5822,13,2.61
inventory,0,117,200,12.68897,3.4177,13,2.471
inventory,0,118,200,14.22074,3.5798,13,2.573
inventory,0,119,200,13.80286,3.719,13,2.762
inventory,0,120,200,13.8849,4.8902,13,3.959
inventory,0,121,200,17.22159,3.947,13,2.729
inventory,0,122,200,18.51097,3.8722,13,2.817
inventory,0,123,200,13.64116,4.5869,13,2.711
inventory,0,124,200,14.3174,5.56,13,4.648
inventory,0,125,200,14.91847,3.9341,13,2.964
inventory,0,126,200,14.05993,3.6557,13,2.732
inventory,0,127,200,14.86095,4.1459,13,3.18
inventory,0,128,200,12.6628,3.6281,13,2.766
inventory,0,129,200,17.76884,3.8515,13,2.653
inventory,0,130,200,12.64332,3.545,13,2.571
inventory,0,131,200,13.07282,3.5237,13,2.64
inventory,0,132,200,12.4806,3.6556,13,2.615
inventory,0,133,200,12.9312,3.8978,13,2.933
inventory,0,134,200,22.97316,9.7532,13,8.716
inventory,0,135,200,13.33783,3.9215,13,2.854
inventory,0,136,200,15.34189,3.4837,13,2.582
inventory,0,137,200,14.92023,6.2324,13,5.237
inventory,0,138,200,16.88794,4.6183,13,3.388
inventory,0,139,200,14.13897,4.756,13,3.396
inventory,0,140,200,14.09618,4.8064,13,3.717
inventory,0,141,200,13.30517,3.8509,13,2.595
inventory,0,142,200,15.76879,3.887,13,2.825
inventory,0,143,200,13.17499,4.3538,13,2.794
inventory,0,144,200,13.03765,3.9126,13,2.889
inventory,0,145,200,13.67719,3.9426,13,2.584
inventory,0,146,200,12.78301,3.5953,13,2.558
inventory,0,147,200,13.91094,4.0816,13,2.827
inventory,0,148,200,12.79341,3.749,13,2.856
inventory,0,149,200,15.08337,4.9689,13,3.032
inventory,0,150,200,13.94596,3.8868,13,2.934
inventory,0,151,200,13.15826,3.5848,13,2.677
inventory,0,152,200,12.47981,3.7212,13,2.821
inventory,0,153,200,66.85945,3.6222,13,2.734
inventory,0,154,200,14.77951,3.825,13,2.739
inventory,0,155,200,12.43085,3.6089,13,2.62
inventory,0,156,200,12.94067,3.7302,13,2.559
inventory,0,157,200,13.59627,3.9301,13,2.869
inventory,0,158,200,12.33684,3.7416,13,2.744
inventory,0,159,200,13.99583,3.7836,13,2.619
inventory,0,160,200,12.28711,3.5108,13,2.487
inventory,0,161,200,11.64233,3.4218,13,2.461
inventory,0,162,200,11.77109,3.5289,13,2.568
inventory,0,163,200,12.19721,3.232,13,2.414
inventory,0,164,200,11.42312,3.3305,13,2.433
inventory,0,165,200,11.68461,3.2441,13,2.43
inventory,0,166,200,12.15419,3.8817,13,2.966
inventory,0,167,200,12.04104,3.3217,13,2.487
inventory,0,168,200,11.66679,3.224,13,2.412
inventory,0,169,200,12.23216,3.3505,13,2.484
inventory,0,170,200,12.07665,3.8906,13,3.056
inventory,0,171,200,11.79761,3.2986,13,2.441
inventory,0,172,200,12.06065,3.4423,13,2.582
inventory,0,173,200,13.18999,3.6574,13,2.775
inventory,0,174,200,13.67509,4.5128,13,3.467
inventory,0,175,200,12.92335,4.3527,13,3.253
inventory,0,176,200,13.10683,4.537,13,3.345
inventory,0,177,200,13.0021,4.3496,13,3.227
inventory,0,178,200,13.08272,4.3733,13,3.295
inventory,0,179,200,12.73603,3.9665,13,2.766
inventory,0,180,200,12.48359,3.4383,13,2.564
inventory,0,181,200,12.93786,4.363,13,3.09
inventory,0,182,200,12.2378,3.5687,13,2.518
inventory,0,183,200,12.099,3.4813,13,2.61
inventory,0,184,200,12.35431,3.4204,13,2.521
inventory,0,185,200,12.57326,3.3394,13,2.468
inventory,0,186,200,12.74151,4.0756,13,3.169
inventory,0,187,200,12.07506,3.5264,13,2.613
inventory,0,188,200,15.44703,4.9586,13,3.819
inventory,0,189,200,14.26296,4.3464,13,3.37
inventory,0,190,200,61.94815,3.9859,13,3.022
inventory,0,191,200,12.85345,4.2198,13,3.201
inventory,0,192,200,12.53584,3.9047,13,2.925
inventory,0,193,200,11.67328,3.5649,13,2.613
inventory,0,194,200,12.77131,3.4573,13,2.437
inventory,0,195,200,11.93892,3.2621,13,2.354
inventory,0,196,200,13.16608,3.4525,13,2.473
inventory,0,197,200,12.06519,3.4526,13,2.495
inventory,0,198,200,11.77867,3.2175,13,2.348
inventory,0,199,200,11.73798,3.1801,13,2.354
inventory,0,200,200,12.48297,3.4414,13,2.473
inventory,0,201,200,12.31963,3.5522,13,2.676
inventory,0,202,200,65.25604,3.4465,13,2.558
inventory,0,203,200,14.29858,4.208,13,3.195
inventory,0,204,200,12.75695,3.4638,13,2.545
inventory,0,205,200,13.09032,3.7678,13,2.737
inventory,0,206,200,12.73089,3.7094,13,2.713
inventory,0,207,200,12.57702,3.5773,13,2.722
inventory,0,208,200,11.65167,3.2461,13,2.418
inventory,0,209,200,13.35882,3.8871,13,2.877
inventory,0,210,200,14.51971,4.6311,13,3.419
inventory,0,211,200,18.13601,4.9445,13,4.002
inventory,0,212,200,14.92658,4.6659,13,3.52
inventory,0,213,200,14.74611,3.7286,13,2.746
inventory,0,214,200,13.49634,3.7114,13,2.82
inventory,0,215,200,14.42935,3.5289,13,2.619
inventory,0,216,200,15.49602,4.369,13,3.289
inventory,0,217,200,15.54209,3.8215,13,2.857
inventory,0,218,200,53.9655,3.7586,13,2.79
inventory,0,219,200,15.31843,5.3094,13,4.043
inventory,0,220,200,15.60334,4.2142,13,3.0
inventory,0,221,200,19.83356,5.3805,13,4.09
inventory,0,222,200,14.34865,3.6477,13,2.683
inventory,0,223,200,16.85324,4.6318,13,3.442
inventory,0,224,200,14.0959,3.7817,13,2.719
inventory,0,225,200,14.54778,3.7805,13,2.793
inventory,0,226,200,13.74526,3.7649,13,2.852
inventory,0,227,200,13.39442,3.8538,13,2.757
inventory,0,228,200,12.88399,3.9149,13,2.725
inventory,0,229,200,13.60527,3.6135,13,2.702
inventory,0,230,200,14.30573,3.7463,13,2.654
inventory,0,231,200,16.35875,5.2003,13,3.905
inventory,0,232,200,13.84773,4.1101,13,3.119
inventory,0,233,200,13.39175,3.9102,13,2.837
inventory,0,234,200,13.99565,3.8942,13,2.781
inventory,0,235,200,14.36342,4.2293,13,3.231
inventory,0,236,200,14.29028,4.4115,13,3.375
inventory,0,237,200,13.00621,3.5485,13,2.607
inventory,0,238,200,12.90544,3.6765,13,2.589
inventory,0,239,200,12.35914,3.7845,13,2.605
inventory,0,240,200,12.63881,3.5472,13,2.632
inventory,0,241,200,13.4043,3.9638,13,3.031
inventory,0,242,200,13.83291,3.5057,13,2.601
inventory,0,243,200,15.61019,5.7103,13,2.843
inventory,0,244,200,17.43002,3.8253,13,2.737
inventory,0,245,200,15.12927,4.044,13,2.892
inventory,0,246,200,14.44786,3.7555,13,2.742
inventory,0,247,200,12.95487,3.7645,13,2.672
inventory,0,248,200,12.89298,3.7662,13,2.71
inventory,0,249,200,13.75308,4.1053,13,3.114
inventory,0,250,200,13.85167,3.5539,13,2.626
inventory,0,251,200,77.13167,3.7694,13,2.663
inventory,0,252,200,15.43474,3.7742,13,2.827
inventory,0,253,200,13.00231,3.4373,13,2.541
inventory,0,254,200,12.72846,3.9333,13,2.897
inventory,0,255,200,13.44906,3.6363,13,2.67
inventory,0,256,200,12.95594,3.4544,13,2.514
inventory,0,257,200,13.37024,3.624,13,2.724
inventory,0,258,200,13.49884,4.5214,13,3.14
inventory,0,259,200,12.93098,3.8557,13,2.896
inventory,0,260,200,13.9485,4.5552,13,3.622
inventory,0,261,200,13.10067,3.4341,13,2.515
inventory,0,262,200,13.61921,4.1814,13,2.66
inventory,0,263,200,13.55504,3.688,13,2.693
inventory,0,264,200,12.35792,3.398,13,2.508
inventory,0,265,200,14.11606,4.7339,13,3.439
inventory,0,266,200,13.91804,4.4946,13,3.387
inventory,0,267,200,12.85194,3.7371,13,2.837
inventory,0,268,200,12.38595,3.4428,13,2.576
inventory,0,269,200,12.02009,3.3683,13,2.481
inventory,0,270,200,12.63862,3.9738,13,2.791
inventory,0,271,200,12.68597,3.5204,13,2.611
inventory,0,272,200,12.95141,3.6783,13,2.679
inventory,0,273,200,13.23411,3.4691,13,2.611
inventory,0,274,200,11.95736,3.4965,13,2.561
inventory,0,275,200,12.91393,3.8694,13,2.963
inventory,0,276,200,13.35358,4.4663,13,3.367
inventory,0,277,200,12.88608,3.6614,13,2.578
inventory,0,278,200,12.94134,3.7593,13,2.65
inventory,0,279,200,13.1842,3.7601,13,2.846
inventory,0,280,200,12.48582,3.4855,13,2.632
inventory,0,281,200,13.10692,4.2248,13,3.083
inventory,0,282,200,12.42408,3.6129,13,2.57
inventory,0,283,200,13.99446,4.551,13,3.41
inventory,0,284,200,12.72208,3.5546,13,2.584
inventory,0,285,200,13.65641,4.064,13,2.799
inventory,0,286,200,12.72165,3.7167,13,2.752
inventory,0,287,200,21.98375,3.7154,13,2.676
inventory,0,288,200,13.62748,3.5553,13,2.623
inventory,0,289,200,13.3012,3.7748,13,2.773
inventory,0,290,200,12.93458,3.7903,13,2.874
inventory,0,291,200,12.54279,3.7915,13,2.661
inventory,0,292,200,13.57978,3.9221,13,2.919
inventory,0,293,200,12.43539,3.3825,13,2.496
inventory,0,294,200,13.94532,4.1565,13,2.851
inventory,0,295,200,17.67893,3.6768,13,2.707
inventory,0,296,200,14.16813,3.5976,13,2.586
inventory,0,297,200,13.11198,3.8017,13,2.82
inventory,0,298,200,12.03052,3.4901,13,2.432
inventory,0,299,200,12.78792,3.4975,13,2.596
inventory,0,300,200,76.63691,4.2587,13,3.03
inventory,0,301,200,15.19803,4.0629,13,2.905
inventory,0,302,200,18.08171,4.2317,13,2.921
inventory,0,303,200,17.27901,4.4905,13,3.238
inventory,0,304,200,17.29154,5.1247,13,3.433
inventory,0,305,200,14.50927,3.6394,13,2.666
inventory,0,306,200,13.43975,3.725,13,2.665
inventory,0,307,200,12.32158,3.3962,13,2.558
inventory,0,308,200,12.0085,3.6222,13,2.671
inventory,0,309,200,12.53605,3.7542,13,2.763
inventory,0,310,200,13.23053,4.3245,13,3.301
inventory,0,311,200,13.17351,3.4794,13,2.599
inventory,0,312,200,12.95537,4.0189,13,2.806
inventory,0,313,200,13.41088,3.8197,13,2.868
inventory,0,314,200,14.33795,4.1015,13,2.761
inventory,0,315,200,14.32713,4.4977,13,3.395
inventory,0,316,200,12.33918,3.6309,13,2.524
inventory,0,317,200,13.62658,4.4906,13,3.416
inventory,0,318,200,12.57949,3.8959,13,2.846
inventory,0,319,200,13.7203,4.5472,13,3.408
inventory,0,320,200,12.3202,3.6175,13,2.515
inventory,0,321,200,13.28865,3.8416,13,2.781
inventory,0,322,200,12.24744,3.4826,13,2.551
inventory,0,323,200,12.25942,3.4007,13,2.564
inventory,0,324,200,12.43198,3.8229,13,2.91
inventory,0,325,200,12.29973,3.5378,13,2.675
inventory,0,326,200,13.37529,3.7262,13,2.733
inventory,0,327,200,13.75048,4.0912,13,2.703
inventory,0,328,200,13.45936,3.5841,13,2.647
inventory,0,329,200,12.96983,3.4718,13,2.584
inventory,0,330,200,11.66694,3.4118,13,2.585
inventory,0,331,200,12.0375,3.4728,13,2.607
inventory,0,332,200,13.09524,3.6681,13,2.74
inventory,0,333,200,12.79986,3.8948,13,2.707
inventory,0,334,200,12.71569,3.9326,13,3.036
inventory,0,335,200,13.55879,3.5898,13,2.682
inventory,0,336,200,12.34593,3.5232,13,2.623
inventory,0,337,200,12.53942,3.5628,13,2.662
inventory,0,338,200,12.77474,3.655,13,2.754
inventory,0,339,200,12.44141,3.3631,13,2.473
inventory,0,340,200,12.71098,3.7651,13,2.812
inventory,0,341,200,12.73692,3.7118,13,2.816
inventory,0,342,200,13.1418,3.613,13,2.673
inventory,0,343,200,12.16324,3.4173,13,2.559
inventory,0,344,200,12.08651,3.6428,13,2.644
inventory,0,345,200,11.85378,3.3899,13,2.501
inventory,0,346,200,13.88154,4.3549,13,3.273
inventory,0,347,200,14.11382,4.8014,13,3.592
inventory,0,348,200,13.84921,4.8208,13,3.735
inventory,0,349,200,68.20889,4.4003,13,3.354
inventory,0,350,200,17.22597,4.3583,13,2.894
inventory,0,351,200,13.09934,3.603,13,2.733
inventory,0,352,200,12.38055,3.438,13,2.559
inventory,0,353,200,12.82135,3.7543,13,2.803
inventory,0,354,200,12.17549,3.4106,13,2.561
inventory,0,355,200,12.94702,3.7033,13,2.804
inventory,0,356,200,12.47162,3.3947,13,2.559
inventory,0,357,200,12.53528,3.4151,13,2.535
inventory,0,358,200,12.9976,3.7395,13,2.829
inventory,0,359,200,13.34634,3.4842,13,2.536
inventory,0,360,200,12.20684,3.4863,13,2.623
inventory,0,361,200,12.28631,3.4112,13,2.573
inventory,0,362,200,11.96325,3.577,13,2.566
inventory,0,363,200,11.70594,3.2735,13,2.453
inventory,0,364,200,12.67632,4.1724,13,3.023
inventory,0,365,200,11.70078,3.2602,13,2.423
inventory,0,366,200,12.59898,3.4969,13,2.619
inventory,0,367,200,12.40255,3.8616,13,2.929
inventory,0,368,200,12.89151,3.9675,13,3.043
inventory,0,369,200,12.70079,3.6477,13,2.813
inventory,0,370,200,12.70052,3.596,13,2.757
inventory,0,371,200,16.06406,5.3122,13,4.351
inventory,0,372,200,12.29643,3.4588,13,2.533
inventory,0,373,200,12.44458,3.6516,13,2.75
inventory,0,374,200,14.47711,4.136,13,3.153
inventory,0,375,200,13.27084,3.8297,13,2.951
inventory,0,376,200,12.23004,3.4871,13,2.623
inventory,0,377,200,11.971,3.6988,13,2.714
inventory,0,378,200,11.86348,3.4201,13,2.609
inventory,0,379,200,12.05712,3.4793,13,2.669
inventory,0,380,200,12.01738,3.3918,13,2.538
inventory,0,381,200,12.15396,3.9061,13,3.06
inventory,0,382,200,12.7536,3.2927,13,2.427
inventory,0,383,200,12.26769,3.617,13,2.576
inventory,0,384,200,13.5492,3.6155,13,2.702
inventory,0,385,200,11.84013,3.3796,13,2.509
inventory,0,386,200,11.93007,3.3206,13,2.452
inventory,0,387,200,12.85823,3.9938,13,3.073
inventory,0,388,200,11.92091,3.3336,13,2.489
inventory,0,389,200,12.05975,3.4845,13,2.594
inventory,0,390,200,12.07944,3.7862,13,2.899
inventory,0,391,200,12.70352,3.6258,13,2.693
inventory,0,392,200,15.197,4.3365,13,3.396
inventory,0,393,200,15.26433,5.3592,13,4.391
inventory,0,394,200,14.45338,4.0383,13,3.122
inventory,0,395,200,13.48945,3.9672,13,2.798
inventory,0,396,200,14.57011,4.6262,13,3.651
inventory,0,397,200,16.19874,3.86,13,2.881
inventory,0,398,200,81.69339,4.1418,13,2.801
inventory,0,399,200,15.78044,4.2019,13,3.152
inventory,0,400,200,17.4461,4.9122,13,3.997
inventory,0,401,200,14.83029,4.6376,13,3.676
inventory,0,402,200,15.72692,4.7433,13,3.79
inventory,0,403,200,12.7004,3.6949,13,2.753
inventory,0,404,200,16.02839,3.9813,13,2.896
inventory,0,405,200,12.60315,3.6696,13,2.79
inventory,0,406,200,13.99925,3.5995,13,2.682
inventory,0,407,200,13.65664,3.9691,13,2.877
inventory,0,408,200,15.18551,3.5114,13,2.643
inventory,0,409,200,13.26205,3.5809,13,2.689
inventory,0,410,200,13.02242,3.7102,13,2.864
inventory,0,411,200,12.86691,3.7827,13,2.795
inventory,0,412,200,17.91772,3.5769,13,2.709
inventory,0,413,200,13.05503,3.8114,13,2.852
inventory,0,414,200,14.40299,3.6947,13,2.732
inventory,0,415,200,12.87462,3.4839,13,2.617
inventory,0,416,200,13.8647,3.6831,13,2.676
inventory,0,417,200,12.46073,3.7289,13,2.829
inventory,0,418,200,12.3735,3.6044,13,2.66
inventory,0,419,200,14.52625,3.9283,13,2.96
inventory,0,420,200,12.88173,3.6459,13,2.774
inventory,0,421,200,13.00416,3.5385,13,2.668
inventory,0,422,200,13.6416,4.0083,13,2.954
inventory,0,423,200,12.96903,3.6068,13,2.735
inventory,0,424,200,23.40162,13.6464,13,3.01
inventory,0,425,200,13.02453,3.4992,13,2.595
inventory,0,426,200,12.3434,3.5692,13,2.728
inventory,0,427,200,14.10497,4.1179,13,3.174
inventory,0,428,200,14.7183,3.9228,13,2.886
inventory,0,429,200,12.65079,3.5827,13,2.689
inventory,0,430,200,13.79386,4.1781,13,3.083
inventory,0,431,200,12.87,3.4533,13,2.54
inventory,0,432,200,13.05541,3.4974,13,2.587
inventory,0,433,200,13.18866,3.4005,13,2.54
inventory,0,434,200,13.35783,3.7615,13,2.898
inventory,0,435,200,13.20843,3.5926,13,2.671
inventory,0,436,200,13.89046,4.019,13,2.864
inventory,0,437,200,12.89707,3.6675,13,2.766
inventory,0,438,200,14.30934,3.4574,13,2.565
inventory,0,439,200,13.68927,3.5042,13,2.583
inventory,0,440,200,14.19442,4.2325,13,3.258
inventory,0,441,200,12.60703,3.5726,13,2.708
inventory,0,442,200,15.06164,4.0892,13,3.197
inventory,0,443,200,12.99942,3.8531,13,2.805
inventory,0,444,200,13.11594,3.5971,13,2.731
inventory,0,445,200,15.61316,5.649,13,2.787
inventory,0,446,200,13.66821,3.499,13,2.613
inventory,0,447,200,93.07021,3.4212,13,2.544
inventory,0,448,200,30.82113,7.722,13,3.127
inventory,0,449,200,16.88808,3.7269,13,2.67
inventory,0,450,200,17.43779,4.3127,13,2.915
inventory,0,451,200,14.51657,4.5124,13,3.468
inventory,0,452,200,18.14494,3.8776,13,2.861
inventory,0,453,200,14.71835,3.5539,13,2.615
inventory,0,454,200,14.73482,3.8501,13,2.707
inventory,0,455,200,13.34529,3.8964,13,2.666
inventory,0,456,200,15.8823,3.7261,13,2.735
inventory,0,457,200,16.52324,3.8715,13,2.856
inventory,0,458,200,21.07614,10.9848,13,9.908
inventory,0,459,200,14.60743,3.8494,13,2.932
inventory,0,460,200,15.66635,3.6179,13,2.698
inventory,0,461,200,23.35171,3.86,13,2.937
inventory,0,462,200,14.16684,4.1299,13,3.019
inventory,0,463,200,13.67374,3.7322,13,2.705
inventory,0,464,200,26.06725,4.4335,13,3.046
inventory,0,465,200,21.3194,4.0381,13,3.067
inventory,0,466,200,21.64421,8.4675,13,7.203
inventory,0,467,200,15.01743,4.014,13,2.902
inventory,0,468,200,13.71684,4.0199,13,2.845
inventory,0,469,200,13.9609,3.7033,13,2.808
inventory,0,470,200,13.90277,3.5424,13,2.55
inventory,0,471,200,12.63836,3.6681,13,2.692
inventory,0,472,200,18.66078,3.6328,13,2.748
inventory,0,473,200,12.6971,3.7309,13,2.724
inventory,0,474,200,13.44536,3.4066,13,2.535
inventory,0,475,200,13.77027,3.916,13,3.009
inventory,0,476,200,16.08155,3.7358,13,2.803
inventory,0,477,200,12.97253,3.7151,13,2.82
inventory,0,478,200,13.44276,3.6104,13,2.636
inventory,0,479,200,12.81531,3.5687,13,2.63
inventory,0,480,200,14.79556,3.439,13,2.505
inventory,0,481,200,12.87336,3.4461,13,2.533
inventory,0,482,200,15.55418,5.804,13,4.595
inventory,0,483,200,14.27641,4.6393,13,3.61
inventory,0,484,200,12.56551,3.8065,13,2.583
inventory,0,485,200,12.87503,3.6517,13,2.7
inventory,0,486,200,13.62883,4.9687,13,4.025
inventory,0,487,200,12.48617,3.9724,13,3.048
inventory,0,488,200,13.11195,4.2896,13,3.359
inventory,0,489,200,12.00595,3.6013,13,2.71
inventory,0,490,200,16.9888,3.8418,13,2.874
inventory,0,491,200,13.82416,3.7373,13,2.807
inventory,0,492,200,13.27029,3.8992,13,3.045
inventory,0,493,200,12.64841,3.8141,13,2.919
inventory,0,494,200,12.46694,3.5051,13,2.656
inventory,0,495,200,12.17837,3.3713,13,2.51
inventory,0,496,200,76.69285,3.7994,13,2.922
inventory,0,497,200,15.96185,4.4015,13,3.282
inventory,0,498,200,15.50859,4.3667,13,3.194
inventory,0,499,200,12.98264,3.8867,13,2.75
inventory,0,500,200,13.94672,3.4576,13,2.561
inventory,0,501,200,12.86023,3.7578,13,2.85
inventory,0,502,200,12.89949,3.8075,13,2.859
inventory,0,503,200,13.00771,3.7374,13,2.759
inventory,0,504,200,13.03789,3.6696,13,2.745
inventory,0,505,200,13.81593,3.7574,13,2.843
inventory,0,506,200,13.57874,3.6056,13,2.726
inventory,0,507,200,13.48507,4.5532,13,3.631
inventory,0,508,200,12.63943,3.8311,13,2.913
inventory,0,509,200,13.1882,3.9464,13,2.955
inventory,0,510,200,13.67706,3.9454,13,2.753
inventory,0,511,200,12.75252,3.4726,13,2.548
inventory,0,512,200,12.17648,3.3894,13,2.472
inventory,0,513,200,12.55642,3.8893,13,2.825
inventory,0,514,200,15.58449,4.2157,13,3.262
inventory,0,515,200,13.1692,3.7086,13,2.753
inventory,0,516,200,13.6034,4.0177,13,2.874
inventory,0,517,200,15.57574,4.0882,13,2.987
inventory,0,518,200,13.07842,3.4479,13,2.492
inventory,0,519,200,13.4035,3.9029,13,2.803
inventory,0,520,200,12.46395,3.6139,13,2.718
inventory,0,521,200,13.61245,3.4999,13,2.519
inventory,0,522,200,13.40833,4.0062,13,2.692
inventory,0,523,200,12.64211,3.5757,13,2.637
inventory,0,524,200,15.28027,6.0292,13,5.027
inventory,0,525,200,13.21318,3.4985,13,2.608
inventory,0,526,200,12.75841,3.6586,13,2.658
inventory,0,527,200,13.71716,3.7591,13,2.582
inventory,0,528,200,14.59691,4.017,13,2.832
inventory,0,529,200,13.42892,3.7275,13,2.801
inventory,0,530,200,12.91468,3.7789,13,2.886
inventory,0,531,200,12.74132,3.8863,13,2.993
inventory,0,532,200,13.70141,3.7808,13,2.835
inventory,0,533,200,15.15362,3.9432,13,2.902
inventory,0,534,200,13.31844,3.7626,13,2.818
inventory,0,535,200,17.39134,3.7347,13,2.831
inventory,0,536,200,14.76582,4.4191,13,3.437
inventory,0,537,200,14.61272,4.7891,13,3.87
inventory,0,538,200,15.12881,3.7659,13,2.706
inventory,0,539,200,13.82386,3.5119,13,2.63
inventory,0,540,200,14.15892,4.6382,13,3.598
inventory,0,541,200,16.28445,3.8063,13,2.851
inventory,0,542,200,14.77839,4.5442,13,3.563
inventory,0,543,200,17.0048,3.8617,13,2.928
inventory,0,544,200,15.60142,4.0483,13,3.116
inventory,0,545,200,93.28245,3.5618,13,2.671
inventory,0,546,200,25.08281,4.29,13,3.183
inventory,0,547,200,22.59558,9.3753,13,6.409
inventory,0,548,200,14.82567,4.0494,13,3.035
inventory,0,549,200,26.84275,4.1422,13,3.156
inventory,0,550,200,39.99964,6.2264,13,4.892
inventory,0,551,200,40.5175,23.6765,13,22.216
inventory,0,552,200,19.19194,8.1686,13,6.865
inventory,0,553,200,18.80654,4.0659,13,2.673
inventory,0,554,200,22.70807,6.0524,13,4.711
inventory,0,555,200,15.12709,3.8468,13,2.813
inventory,0,556,200,16.84471,4.7128,13,3.493
inventory,0,557,200,22.73475,12.7639,13,11.606
inventory,0,558,200,19.91779,5.764,13,4.648
inventory,0,559,200,17.19979,4.1034,13,2.967
inventory,0,560,200,19.05915,6.6365,13,5.462
inventory,0,561,200,15.88782,4.055,13,2.761
inventory,0,562,200,24.76196,4.8521,13,3.682
inventory,0,563,200,16.69647,3.8797,13,2.807
inventory,0,564,200,19.97035,4.7024,13,3.694
inventory,0,565,200,20.67538,4.8887,13,3.849
inventory,0,566,200,21.49933,5.3231,13,3.575
inventory,0,567,200,20.44642,6.6612,13,5.28
inventory,0,568,200,18.51004,6.6157,13,4.923
inventory,0,569,200,16.0232,4.2859,13,3.101
inventory,0,570,200,17.15325,4.3217,13,3.004
inventory,0,571,200,18.34919,4.6094,13,2.883
inventory,0,572,200,18.3336,4.5234,13,3.438
inventory,0,573,200,18.72591,4.0303,13,2.852
inventory,0,574,200,14.30363,4.1028,13,2.864
inventory,0,575,200,14.99235,4.1893,13,3.237
inventory,0,576,200,14.31203,3.8251,13,2.692
inventory,0,577,200,14.80619,3.8043,13,2.814
inventory,0,578,200,13.82964,3.8199,13,2.758
inventory,0,579,200,16.05536,4.6213,13,3.448
inventory,0,580,200,13.91945,3.8061,13,2.702
inventory,0,581,200,15.80658,4.2219,13,3.055
inventory,0,582,200,14.26713,4.2184,13,3.097
inventory,0,583,200,18.00073,6.5156,13,5.506
inventory,0,584,200,15.51614,3.9022,13,2.94
inventory,0,585,200,13.54247,3.6475,13,2.759
inventory,0,586,200,16.98505,5.4069,13,3.918
inventory,0,587,200,17.00881,3.8815,13,2.93
inventory,0,588,200,16.36139,4.3787,13,3.16
inventory,0,589,200,19.53285,4.6425,13,3.633
inventory,0,590,200,15.60064,4.8993,13,3.637
inventory,0,591,200,14.46371,4.2919,13,3.2
inventory,0,592,200,15.40376,5.1847,13,4.229
inventory,0,593,200,16.14644,4.0458,13,2.94
inventory,0,594,200,84.4452,4.0981,13,3.118
inventory,0,595,200,17.2602,4.2327,13,3.14
inventory,0,596,200,14.54141,3.884,13,2.913
inventory,0,597,200,22.67883,9.9268,13,8.763
inventory,0,598,200,17.44254,6.1706,13,5.036
inventory,0,599,200,16.30835,5.6041,13,4.56
inventory,0,600,200,18.63358,4.0473,13,3.043
inventory,0,601,200,13.60844,3.6917,13,2.603
inventory,0,602,200,13.53325,4.1923,13,3.14
inventory,0,603,200,16.36539,5.9955,13,3.02
inventory,0,604,200,13.66943,4.1846,13,3.273
inventory,0,605,200,17.96252,5.2152,13,4.087
inventory,0,606,200,13.65105,3.5564,13,2.635
inventory,0,607,200,14.04767,4.0719,13,2.781
inventory,0,608,200,12.92515,3.7746,13,2.698
inventory,0,609,200,13.67201,4.5334,13,3.411
inventory,0,610,200,15.67734,3.4377,13,2.547
inventory,0,611,200,12.92282,3.6477,13,2.779
inventory,0,612,200,14.58526,3.956,13,2.852
inventory,0,613,200,19.67279,6.01,13,4.967
inventory,0,614,200,15.79228,3.9658,13,2.924
inventory,0,615,200,15.98263,3.8029,13,2.758
inventory,0,616,200,13.78787,3.8883,13,2.767
inventory,0,617,200,15.36297,4.4637,13,3.447
inventory,0,618,200,14.48547,3.9225,13,2.85
inventory,0,619,200,18.29355,4.3014,13,3.278
inventory,0,620,200,15.74592,5.6315,13,4.281
inventory,0,621,200,16.83443,3.9845,13,3.001
inventory,0,622,200,13.44421,3.9272,13,2.847
inventory,0,623,200,17.60616,7.1188,13,3.105
inventory,0,624,200,13.94072,3.7271,13,2.699
inventory,0,625,200,14.16748,4.0633,13,3.036
inventory,0,626,200,14.01226,3.6856,13,2.681
inventory,0,627,200,16.10933,3.929,13,3.007
inventory,0,628,200,13.6405,3.6043,13,2.618
inventory,0,629,200,16.73984,5.7418,13,4.786
inventory,0,630,200,13.10738,3.5766,13,2.572
inventory,0,631,200,14.25183,3.8715,13,2.897
inventory,0,632,200,13.70401,3.9342,13,2.844
inventory,0,633,200,16.67553,4.3649,13,3.362
inventory,0,634,200,13.17411,4.2178,13,3.124
inventory,0,635,200,15.77498,3.6479,13,2.722
inventory,0,636,200,17.42645,5.1138,13,3.772
inventory,0,637,200,15.34299,4.1306,13,3.152
inventory,0,638,200,19.15115,4.8072,13,3.65
inventory,0,639,200,16.70917,3.838,13,2.764
inventory,0,640,200,14.01488,4.4076,13,3.391
inventory,0,641,200,13.54799,3.631,13,2.677
inventory,0,642,200,15.24949,3.654,13,2.683
inventory,0,643,200,73.00026,3.8538,13,2.924
inventory,0,644,200,14.54816,3.7869,13,2.635
inventory,0,645,200,14.44536,4.1255,13,3.185
inventory,0,646,200,15.22844,4.1809,13,3.094
inventory,0,647,200,13.1829,3.5362,13,2.53
inventory,0,648,200,14.43245,3.8414,13,2.723
inventory,0,649,200,14.00922,3.7454,13,2.831
inventory,0,650,200,13.35699,3.6665,13,2.608
inventory,0,651,200,13.64706,4.0171,13,3.041
inventory,0,652,200,12.67473,3.5344,13,2.5
inventory,0,653,200,13.87759,4.02,13,3.045
inventory,0,654,200,16.73883,4.0036,13,2.739
inventory,0,655,200,17.79208,4.8455,13,3.593
inventory,0,656,200,14.68657,3.8805,13,2.711
inventory,0,657,200,15.74198,4.5474,13,3.477
inventory,0,658,200,14.01945,3.8355,13,2.74
inventory,0,659,200,18.52475,3.883,13,2.905
inventory,0,660,200,12.92841,3.6144,13,2.62
inventory,0,661,200,15.48536,5.3881,13,4.405
inventory,0,662,200,20.04106,9.5884,13,8.548
inventory,0,663,200,12.99859,3.766,13,2.646
inventory,0,664,200,14.19392,4.4128,13,3.395
inventory,0,665,200,12.70771,3.6387,13,2.591
inventory,0,666,200,16.64931,5.454,13,3.561
inventory,0,667,200,21.54589,4.0535,13,3.007
inventory,0,668,200,24.34363,4.7778,13,3.672
inventory,0,669,200,14.32646,4.0159,13,2.982
inventory,0,670,200,15.53678,4.1492,13,3.098
inventory,0,671,200,14.65153,4.9732,13,3.979
inventory,0,672,200,15.48028,4.6738,13,3.288
inventory,0,673,200,13.40111,3.9146,13,3.004
inventory,0,674,200,13.50153,4.0999,13,2.981
inventory,0,675,200,13.40785,4.3017,13,3.32
inventory,0,676,200,16.52247,6.6472,13,5.563
inventory,0,677,200,13.42486,4.0832,13,3.07
inventory,0,678,200,14.30324,3.8911,13,2.829
inventory,0,679,200,13.13103,3.8713,13,2.879
inventory,0,680,200,14.47812,4.5481,13,2.999
inventory,0,681,200,15.67966,4.7631,13,3.539
inventory,0,682,200,17.37338,4.0639,13,3.11
inventory,0,683,200,14.28425,3.9631,13,2.935
inventory,0,684,200,13.24939,4.0856,13,3.172
inventory,0,685,200,13.56689,4.4588,13,3.389
inventory,0,686,200,13.82543,4.3291,13,3.278
inventory,0,687,200,13.14618,4.1652,13,3.215
inventory,0,688,200,19.18556,7.6363,13,4.648
inventory,0,689,200,13.0725,3.7951,13,2.601
inventory,0,690,200,12.94392,3.679,13,2.738
inventory,0,691,200,12.55083,3.6856,13,2.614
inventory,0,692,200,68.73131,3.6141,13,2.654
inventory,0,693,200,15.68938,4.7628,13,3.479
inventory,0,694,200,14.76975,4.7177,13,3.646
inventory,0,695,200,13.97079,4.7433,13,3.651
inventory,0,696,200,13.47957,4.6398,13,3.591
inventory,0,697,200,14.31039,4.0789,13,3.006
inventory,0,698,200,13.01935,4.0374,13,3.169
inventory,0,699,200,12.93532,3.6726,13,2.697
inventory,0,700,200,14.59005,3.6745,13,2.747
inventory,0,701,200,12.81742,3.6804,13,2.779
inventory,0,702,200,12.81588,3.5409,13,2.621
inventory,0,703,200,12.34068,3.5309,13,2.676
inventory,0,704,200,12.56205,3.6357,13,2.631
inventory,0,705,200,12.3889,3.5508,13,2.61
inventory,0,706,200,13.48852,3.8175,13,2.93
inventory,0,707,200,13.65501,4.4677,13,3.335
inventory,0,708,200,12.55288,3.5303,13,2.51
inventory,0,709,200,12.13778,3.4873,13,2.611
inventory,0,710,200,12.22615,3.4594,13,2.426
inventory,0,711,200,12.82035,3.8375,13,2.868
inventory,0,712,200,12.42688,3.852,13,2.595
inventory,0,713,200,11.70052,3.2376,13,2.372
inventory,0,714,200,12.28977,3.4203,13,2.434
inventory,0,715,200,12.17297,3.397,13,2.475
inventory,0,716,200,11.78235,3.4073,13,2.447
inventory,0,717,200,11.66843,3.2741,13,2.412
inventory,0,718,200,11.8851,3.4989,13,2.501
inventory,0,719,200,12.10037,3.3817,13,2.463
inventory,0,720,200,12.24785,3.5717,13,2.576
inventory,0,721,200,12.71516,3.5298,13,2.615
inventory,0,722,200,13.88,3.512,13,2.505
inventory,0,723,200,11.99747,3.3532,13,2.475
inventory,0,724,200,12.88716,4.0928,13,2.907
inventory,0,725,200,12.23998,3.4667,13,2.531
inventory,0,726,200,12.19182,3.6843,13,2.675
inventory,0,727,200,12.37409,3.8315,13,2.876
inventory,0,728,200,12.77804,3.9946,13,2.928
inventory,0,729,200,12.89492,3.9158,13,2.892
inventory,0,730,200,12.89359,3.7993,13,2.511
inventory,0,731,200,12.36797,3.655,13,2.75
inventory,0,732,200,16.0966,7.459,13,3.245
inventory,0,733,200,16.66344,7.2372,13,6.167
inventory,0,734,200,15.0066,3.6788,13,2.581
inventory,0,735,200,22.27233,8.7886,13,6.62
inventory,0,736,200,15.34398,4.4851,13,3.413
inventory,0,737,200,14.29592,4.6072,13,3.471
inventory,0,738,200,12.45558,3.6002,13,2.457
inventory,0,739,200,12.42338,3.7801,13,2.687
inventory,0,740,200,13.12693,3.6844,13,2.676
inventory,0,741,200,68.22393,4.7312,13,3.6
inventory,0,742,200,15.57747,3.99,13,3.054
inventory,0,743,200,12.60758,3.5237,13,2.512
inventory,0,744,200,12.48219,3.4537,13,2.602
inventory,0,745,200,12.10994,3.591,13,2.463
inventory,0,746,200,13.42468,4.2357,13,3.23
inventory,0,747,200,13.40739,3.8791,13,2.936
inventory,0,748,200,13.17998,4.2021,13,3.056
inventory,0,749,200,13.93587,4.0944,13,2.984
inventory,0,750,200,12.69462,3.5857,13,2.664
inventory,0,751,200,12.55709,3.6663,13,2.668
inventory,0,752,200,12.86209,3.7147,13,2.725
inventory,0,753,200,12.68053,4.0619,13,2.804
inventory,0,754,200,12.76062,3.8202,13,2.923
inventory,0,755,200,15.42387,5.292,13,3.777
inventory,0,756,200,12.83325,3.5925,13,2.614
inventory,0,757,200,12.86458,3.5022,13,2.594
inventory,0,758,200,12.41674,3.6745,13,2.657
inventory,0,759,200,13.34153,3.7651,13,2.657
inventory,0,760,200,12.41484,3.8877,13,2.903
inventory,0,761,200,13.29986,3.6658,13,2.743
inventory,0,762,200,13.11476,3.6218,13,2.564
inventory,0,763,200,12.74252,3.8058,13,2.917
inventory,0,764,200,13.35047,3.992,13,2.813
inventory,0,765,200,14.9197,4.7581,13,3.432
inventory,0,766,200,13.17746,3.7872,13,2.767
inventory,0,767,200,13.39768,4.4402,13,3.264
inventory,0,768,200,13.02098,4.0056,13,2.579
inventory,0,769,200,12.69839,3.54,13,2.633
inventory,0,770,200,12.50345,3.6787,13,2.616
inventory,0,771,200,12.7539,3.4008,13,2.52
inventory,0,772,200,13.03843,3.6587,13,2.663
inventory,0,773,200,13.07074,4.0316,13,3.076
inventory,0,774,200,13.60043,4.2181,13,3.094
inventory,0,775,200,13.76705,4.6631,13,3.427
inventory,0,776,200,13.83028,3.8737,13,2.878
inventory,0,777,200,15.0702,4.7344,13,3.55
inventory,0,778,200,15.42844,4.3933,13,3.162
inventory,0,779,200,14.11098,4.5146,13,3.433
inventory,0,780,200,12.77299,3.9866,13,2.817
inventory,0,781,200,13.03221,4.1178,13,3.112
inventory,0,782,200,12.42189,3.7089,13,2.742
inventory,0,783,200,14.02368,4.664,13,3.521
inventory,0,784,200,12.83719,3.9519,13,2.831
inventory,0,785,200,13.42954,4.5355,13,3.386
inventory,0,786,200,18.80596,9.9264,13,8.529
inventory,0,787,200,13.5784,3.5793,13,2.625
inventory,0,788,200,12.93308,4.1312,13,3.078
inventory,0,789,200,13.28553,3.743,13,2.849
inventory,0,790,200,79.42852,4.2707,13,3.292
inventory,0,791,200,16.46101,3.8874,13,2.786
inventory,0,792,200,13.17605,3.7446,13,2.721
inventory,0,793,200,12.6036,3.7653,13,2.77
inventory,0,794,200,13.27819,3.8934,13,2.976
inventory,0,795,200,14.1727,3.952,13,2.856
inventory,0,796,200,14.13677,4.5943,13,3.357
inventory,0,797,200,13.91849,3.6416,13,2.676
inventory,0,798,200,14.89406,4.1466,13,2.967
inventory,0,799,200,13.19113,3.6264,13,2.688
inventory,0,800,200,13.7063,3.9759,13,2.934
inventory,0,801,200,12.53426,3.538,13,2.653
inventory,0,802,200,13.44609,4.1032,13,2.846
inventory,0,803,200,12.87468,3.6449,13,2.691
inventory,0,804,200,13.51303,4.0823,13,2.712
inventory,0,805,200,12.79869,3.4729,13,2.549
inventory,0,806,200,12.19769,3.7742,13,2.88
inventory,0,807,200,12.56911,3.7743,13,2.572
inventory,0,808,200,12.52039,3.7979,13,2.624
inventory,0,809,200,14.08383,4.3059,13,3.299
inventory,0,810,200,17.57232,3.794,13,2.837
inventory,0,811,200,12.82958,3.4978,13,2.594
inventory,0,812,200,13.37014,3.9467,13,2.99
inventory,0,813,200,12.77468,3.6193,13,2.697
inventory,0,814,200,12.6534,3.6404,13,2.696
inventory,0,815,200,15.0692,3.6284,13,2.715
inventory,0,816,200,12.71096,3.6807,13,2.817
inventory,0,817,200,12.13527,3.3344,13,2.429
inventory,0,818,200,11.84118,3.2244,13,2.341
inventory,0,819,200,11.99717,3.53,13,2.646
inventory,0,820,200,12.70216,3.7867,13,2.917
inventory,0,821,200,12.11005,3.3406,13,2.496
inventory,0,822,200,12.53388,3.3293,13,2.437
inventory,0,823,200,14.08249,4.9727,13,4.036
inventory,0,824,200,12.09518,3.5441,13,2.642
inventory,0,825,200,12.39925,3.5815,13,2.704
inventory,0,826,200,12.16672,3.3312,13,2.434
inventory,0,827,200,12.31067,3.8621,13,2.966
inventory,0,828,200,12.6706,3.7903,13,2.63
inventory,0,829,200,12.01488,3.4512,13,2.604
inventory,0,830,200,12.98087,3.5765,13,2.662
inventory,0,831,200,12.18347,3.3283,13,2.468
inventory,0,832,200,12.24394,3.4581,13,2.575
inventory,0,833,200,12.87465,3.9037,13,3.023
inventory,0,834,200,12.49193,3.6711,13,2.772
inventory,0,835,200,13.09591,3.5065,13,2.602
inventory,0,836,200,12.07221,3.5051,13,2.637
inventory,0,837,200,12.49704,3.4199,13,2.568
inventory,0,838,200,12.77318,4.1053,13,3.235
inventory,0,839,200,71.23605,5.0747,13,3.825
inventory,0,840,200,14.67016,3.8112,13,2.907
inventory,0,841,200,13.64804,3.823,13,2.846
inventory,0,842,200,13.29088,4.1659,13,3.239
inventory,0,843,200,13.72246,3.7972,13,2.863
inventory,0,844,200,12.8878,3.9886,13,3.112
inventory,0,845,200,14.65733,4.6643,13,3.578
inventory,0,846,200,13.04817,4.2262,13,3.282
inventory,0,847,200,15.33343,5.6184,13,3.381
inventory,0,848,200,12.24631,3.5592,13,2.608
inventory,0,849,200,14.07168,4.4935,13,3.34
inventory,0,850,200,13.9824,4.2726,13,3.326
inventory,0,851,200,13.08766,3.7687,13,2.929
inventory,0,852,200,14.1554,3.8047,13,2.764
inventory,0,853,200,12.00397,3.1991,13,2.382
inventory,0,854,200,13.04595,3.9583,13,2.991
inventory,0,855,200,13.29414,3.5271,13,2.678
inventory,0,856,200,13.00158,3.8485,13,2.961
inventory,0,857,200,13.42343,4.1599,13,3.136
inventory,0,858,200,14.17517,4.9798,13,4.031
inventory,0,859,200,12.62239,3.6446,13,2.721
inventory,0,860,200,12.3278,3.5755,13,2.677
inventory,0,861,200,15.46302,4.3708,13,3.44
inventory,0,862,200,12.07748,3.3946,13,2.536
inventory,0,863,200,14.15639,4.987,13,3.937
inventory,0,864,200,11.8665,3.3694,13,2.439
inventory,0,865,200,13.08682,3.9897,13,3.035
inventory,0,866,200,13.03053,3.8111,13,2.937
inventory,0,867,200,12.92234,3.4757,13,2.609
inventory,0,868,200,21.97814,13.267,13,3.05
inventory,0,869,200,14.85225,4.7149,13,3.55
inventory,0,870,200,14.38804,4.36,13,3.164
inventory,0,871,200,14.20316,4.5837,13,3.386
inventory,0,872,200,13.11873,3.8035,13,2.761
inventory,0,873,200,14.14889,4.5973,13,3.431
inventory,0,874,200,12.6853,3.8483,13,2.861
inventory,0,875,200,14.15788,4.6284,13,3.49
inventory,0,876,200,13.03323,3.7906,13,2.747
inventory,0,877,200,13.70822,4.5014,13,3.367
inventory,0,878,200,12.49929,3.5918,13,2.655
inventory,0,879,200,14.03694,4.5286,13,3.29
inventory,0,880,200,12.89616,3.8633,13,2.96
inventory,0,881,200,14.36621,4.5803,13,3.43
inventory,0,882,200,14.7229,4.508,13,3.538
inventory,0,883,200,14.14707,4.5934,13,3.461
inventory,0,884,200,12.66569,3.6051,13,2.662
inventory,0,885,200,13.89688,4.4983,13,3.494
inventory,0,886,200,13.11867,4.1073,13,3.133
inventory,0,887,200,12.33362,3.6686,13,2.709
inventory,0,888,200,69.79336,3.5523,13,2.527
inventory,0,889,200,18.40455,4.0627,13,3.091
inventory,0,890,200,13.35847,3.6761,13,2.679
inventory,0,891,200,13.99299,4.6889,13,3.465
inventory,0,892,200,13.94936,3.6153,13,2.511
inventory,0,893,200,13.54517,4.411,13,3.296
inventory,0,894,200,13.55607,4.4227,13,3.335
inventory,0,895,200,13.47186,4.4272,13,3.293
inventory,0,896,200,13.53122,4.5099,13,3.39
inventory,0,897,200,13.65404,4.466,13,3.382
inventory,0,898,200,13.47721,4.5842,13,3.391
inventory,0,899,200,13.74159,4.4535,13,3.368
inventory,0,900,200,13.59141,4.4411,13,3.292
inventory,0,901,200,14.35643,4.6436,13,3.599
inventory,0,902,200,13.06015,4.3301,13,3.304
inventory,0,903,200,13.5643,4.516,13,3.384
inventory,0,904,200,13.69217,4.5368,13,3.375
inventory,0,905,200,14.24905,4.4364,13,3.298
inventory,0,906,200,14.11653,4.7556,13,3.669
inventory,0,907,200,12.74119,3.6689,13,2.755
inventory,0,908,200,12.40519,3.409,13,2.567
inventory,0,909,200,11.39559,3.2229,13,2.389
inventory,0,910,200,14.3291,5.1347,13,3.934
inventory,0,911,200,13.83302,4.7093,13,3.637
inventory,0,912,200,13.83167,4.4695,13,3.375
inventory,0,913,200,12.55483,3.5362,13,2.71
inventory,0,914,200,11.5312,3.3191,13,2.505
inventory,0,915,200,11.79222,3.4284,13,2.598
inventory,0,916,200,11.64204,3.1485,13,2.351
inventory,0,917,200,13.76148,4.4214,13,3.384
inventory,0,918,200,13.66046,3.4122,13,2.502
inventory,0,919,200,12.56506,3.557,13,2.57
inventory,0,920,200,13.27317,3.4116,13,2.539
inventory,0,921,200,11.69166,3.2283,13,2.357
inventory,0,922,200,12.23733,3.432,13,2.572
inventory,0,923,200,12.61439,3.5327,13,2.667
inventory,0,924,200,12.56568,3.792,13,2.922
inventory,0,925,200,13.02825,3.7919,13,2.916
inventory,0,926,200,13.03437,3.8372,13,2.793
inventory,0,927,200,12.85388,3.6707,13,2.73
inventory,0,928,200,12.77162,3.5881,13,2.535
inventory,0,929,200,13.93342,3.915,13,2.842
inventory,0,930,200,12.72935,3.422,13,2.553
inventory,0,931,200,12.37494,3.4652,13,2.546
inventory,0,932,200,12.59538,3.5996,13,2.635
inventory,0,933,200,12.06716,3.4796,13,2.572
inventory,0,934,200,13.19302,3.7211,13,2.734
inventory,0,935,200,11.88551,3.4029,13,2.519
inventory,0,936,200,12.79089,3.4371,13,2.514
inventory,0,937,200,72.05104,3.3487,13,2.516
inventory,0,938,200,15.13972,4.087,13,3.091
inventory,0,939,200,14.77632,3.7424,13,2.725
inventory,0,940,200,13.89751,4.5665,13,3.294
inventory,0,941,200,14.33819,4.1009,13,3.1
inventory,0,942,200,13.29899,4.0272,13,2.755
inventory,0,943,200,12.94711,3.5362,13,2.646
inventory,0,944,200,12.281,3.6302,13,2.768
inventory,0,945,200,13.21548,4.1289,13,3.187
inventory,0,946,200,13.37293,3.6506,13,2.791
inventory,0,947,200,12.36812,3.4803,13,2.562
inventory,0,948,200,13.55668,4.5022,13,3.354
inventory,0,949,200,13.61532,4.2021,13,3.134
inventory,0,950,200,12.08876,3.2682,13,2.363
inventory,0,951,200,11.65856,3.3756,13,2.432
inventory,0,952,200,13.46889,4.6862,13,3.599
inventory,0,953,200,14.80311,4.6049,13,3.43
inventory,0,954,200,14.33723,4.7244,13,3.536
inventory,0,955,200,14.60894,4.5815,13,3.441
inventory,0,956,200,14.88853,4.8554,13,3.744
inventory,0,957,200,14.27062,4.5593,13,3.411
inventory,0,958,200,13.54197,4.4424,13,3.336
inventory,0,959,200,14.16322,4.5408,13,3.392
inventory,0,960,200,14.16411,4.6522,13,3.491
inventory,0,961,200,14.91333,5.0755,13,3.604
inventory,0,962,200,13.61425,4.5593,13,3.451
inventory,0,963,200,14.06761,4.5987,13,3.474
inventory,0,964,200,13.49554,4.5981,13,3.515
inventory,0,965,200,11.75933,3.47,13,2.473
inventory,0,966,200,12.2149,3.5878,13,2.687
inventory,0,967,200,13.32631,3.9706,13,2.932
inventory,0,968,200,13.81129,4.5813,13,3.455
inventory,0,969,200,14.80128,4.5255,13,3.409
inventory,0,970,200,12.5512,3.7446,13,2.867
inventory,0,971,200,13.31098,3.6639,13,2.638
inventory,0,972,200,13.16038,4.2495,13,3.14
inventory,0,973,200,14.48652,4.6605,13,3.545
inventory,0,974,200,13.82586,4.5488,13,3.443
inventory,0,975,200,13.67051,4.5853,13,3.505
inventory,0,976,200,13.63277,4.4983,13,3.33
inventory,0,977,200,14.17042,4.5497,13,3.496
inventory,0,978,200,14.096,4.7979,13,3.642
inventory,0,979,200,14.527,4.8071,13,3.794
inventory,0,980,200,13.71528,4.5799,13,3.456
inventory,0,981,200,13.47172,4.5576,13,3.478
inventory,0,982,200,14.82665,4.8786,13,3.744
inventory,0,983,200,13.81164,4.4476,13,3.345
inventory,0,984,200,13.89391,4.4854,13,3.349
inventory,0,985,200,13.73824,4.4811,13,3.381
inventory,0,986,200,71.26184,4.534,13,3.373
inventory,0,987,200,14.41029,3.8243,13,2.776
inventory,0,988,200,12.40016,3.3143,13,2.469
inventory,0,989,200,13.24011,3.9796,13,3.141
inventory,0,990,200,12.78305,3.4195,13,2.552
inventory,0,991,200,12.44546,3.5039,13,2.682
inventory,0,992,200,13.27627,3.8513,13,2.882
inventory,0,993,200,13.09929,3.6029,13,2.735
inventory,0,994,200,12.86238,3.3326,13,2.504
inventory,0,995,200,16.48804,3.6145,13,2.657
inventory,0,996,200,13.15041,3.3732,13,2.529
inventory,0,997,200,11.99242,3.3401,13,2.517
inventory,0,998,200,11.7799,3.3361,13,2.498
inventory,0,999,200,11.5403,3.3453,13,2.482
create,1,0,201,40.38618,31.8017,38,6.587
create,1,1,201,21.64203,11.8867,33,4.942
create,1,2,201,22.30017,12.408,33,5.664
create,1,3,201,22.85622,12.8958,33,5.573
create,1,4,201,21.36418,11.946,33,4.889
create,1,5,201,21.89061,12.2657,33,5.171
create,1,6,201,21.12768,11.8652,33,4.851
create,1,7,201,20.42018,11.5661,33,4.837
create,1,8,201,21.52969,11.8984,33,4.878
create,1,9,201,23.12997,12.0146,33,5.241
create,1,10,201,21.66454,11.9994,33,4.898
create,1,11,201,22.05718,11.7641,33,4.988
create,1,12,201,21.14796,12.1013,33,5.233
create,1,13,201,21.79727,11.7235,33,4.751
create,1,14,201,21.77028,12.4557,33,5.175
create,1,15,201,22.24621,11.6385,33,4.964
create,1,16,201,20.4188,11.395,33,4.741
create,1,17,201,21.29633,11.5058,33,4.713
create,1,18,201,22.30928,12.2331,33,5.251
create,1,19,201,21.01015,11.9671,33,5.017
create,0,0,201,23.70875,13.7313,33,5.514
create,0,1,201,24.75189,15.2825,33,6.878
create,0,2,201,25.49877,15.725,33,6.754
create,0,3,201,23.46684,13.1054,33,4.902
create,0,4,201,22.55247,12.9893,33,5.032
create,0,5,201,23.65202,14.1391,33,5.857
create,0,6,201,21.5919,11.9668,33,5.24
create,0,7,201,46.19354,36.7067,38,6.56
create,0,8,201,24.863,14.6926,33,7.161
create,0,9,201,20.5142,11.573,33,5.108
create,0,10,201,21.78633,12.2501,33,5.011
create,0,11,201,21.3794,11.9163,33,5.379
create,0,12,201,20.3444,11.6301,33,5.038
create,0,13,201,21.26047,12.0694,33,5.203
create,0,14,201,21.57312,12.0068,33,4.99
create,0,15,201,89.93371,15.5859,33,7.756
create,0,16,201,24.3736,13.107,33,5.453
create,0,17,201,23.40501,12.9402,33,5.354
create,0,18,201,22.03044,12.5893,33,5.218
create,0,19,201,20.97693,11.6457,33,4.883
create,0,20,201,23.00755,13.4148,33,5.593
create,0,21,201,23.45868,13.0148,33,5.4
create,0,22,201,21.46663,12.1188,33,5.161
create,0,23,201,21.57048,11.7821,33,4.737
create,0,24,201,22.731,13.5456,33,5.969
create,0,25,201,25.27717,13.9654,33,5.751
create,0,26,201,22.72754,12.8812,33,5.621
create,0,27,201,22.73814,13.0065,33,5.706
create,0,28,201,22.26976,12.2455,33,5.037
create,0,29,201,22.64122,13.1503,33,5.476
create,0,30,201,23.8359,14.0811,33,5.983
create,0,31,201,23.14445,13.4179,33,5.499
create,0,32,201,22.89539,13.5578,33,5.834
create,0,33,201,23.22619,12.4639,33,5.204
create,0,34,201,25.7422,15.7618,33,7.136
create,0,35,201,23.54216,13.3916,33,5.82
create,0,36,201,36.55767,25.7379,33,8.586
create,0,37,201,35.03931,14.3226,33,5.841
create,0,38,201,29.93059,16.7298,33,7.121
create,0,39,201,24.19365,13.4189,33,5.526
create,0,40,201,26.02854,13.4134,33,5.559
create,0,41,201,22.8268,12.6397,33,5.377
create,0,42,201,22.90927,13.0807,33,5.281
create,0,43,201,22.70158,13.5988,33,5.156
create,0,44,201,23.26956,12.7593,33,5.101
create,0,45,201,23.77249,12.6751,33,5.347
create,0,46,201,28.97492,14.6166,33,5.722
create,0,47,201,21.95018,12.7873,33,5.538
create,0,48,201,22.72629,12.6171,33,5.097
create,0,49,201,23.83805,13.5936,33,5.793
create,0,50,201,21.01132,11.5103,33,4.85
create,0,51,201,23.26937,13.4306,33,5.283
create,0,52,201,23.09005,12.4395,33,5.067
create,0,53,201,21.81323,12.5208,33,4.987
create,0,54,201,24.69627,14.6202,33,5.474
create,0,55,201,21.7687,12.0164,33,4.771
create,0,56,201,20.69894,11.5062,33,4.637
create,0,57,201,22.84122,12.7854,33,5.421
create,0,58,201,22.14294,12.2672,33,5.07
create,0,59,201,23.67419,13.329,33,5.919
create,0,60,201,23.29856,13.3494,33,5.999
create,0,61,201,23.61172,13.8701,33,6.217
create,0,62,201,23.18789,13.6091,33,5.469
create,0,63,201,25.40303,15.3996,33,6.719
create,0,64,201,74.11135,16.4895,33,7.651
create,0,65,201,29.07652,16.1548,33,7.203
create,0,66,201,26.54192,15.7012,33,7.115
create,0,67,201,25.77596,15.4598,33,6.688
create,0,68,201,26.44849,16.0436,33,7.279
create,0,69,201,26.0866,15.7988,33,6.986
create,0,70,201,26.97138,15.8916,33,6.686
create,0,71,201,26.08217,15.6896,33,6.984
create,0,72,201,25.75551,15.4672,33,6.919
create,0,73,201,25.56442,15.5819,33,6.961
create,0,74,201,25.80706,15.6909,33,6.977
create,0,75,201,31.42623,17.93,33,7.424
create,0,76,201,25.054,14.9386,33,5.957
create,0,77,201,23.8703,13.8397,33,5.825
create,0,78,201,23.17485,12.9945,33,5.266
create,0,79,201,22.58712,12.1419,33,4.842
create,0,80,201,22.98584,12.9722,33,4.948
create,0,81,201,21.74272,12.5752,33,5.038
create,0,82,201,22.74871,12.7894,33,5.518
create,0,83,201,20.92432,11.82,33,4.802
create,0,84,201,22.90637,13.3587,33,5.41
create,0,85,201,23.40112,13.3128,33,5.448
create,0,86,201,22.38096,12.3944,33,5.092
create,0,87,201,29.15763,19.1672,33,8.899
create,0,88,201,30.34747,17.3638,33,9.003
create,0,89,201,28.68425,15.4106,33,7.25
create,0,90,201,29.89245,17.6625,33,7.263
create,0,91,201,26.69714,14.0513,33,5.99
create,0,92,201,24.31887,14.5568,33,6.626
create,0,93,201,21.44816,11.9909,33,5.09
create,0,94,201,22.18847,12.3693,33,5.25
create,0,95,201,26.28232,15.8705,33,5.781
create,0,96,201,22.82641,12.7257,33,5.253
create,0,97,201,22.44477,12.3278,33,5.209
create,0,98,201,30.28207,19.8281,33,10.245
create,0,99,201,29.07432,18.7488,33,7.995
create,0,100,201,24.99927,14.0603,33,5.967
create,0,101,201,31.96087,21.921,33,9.182
create,0,102,201,27.45028,15.5334,33,6.08
create,0,103,201,34.59438,24.1222,33,12.802
create,0,104,201,33.52354,21.0033,33,8.34
create,0,105,201,26.12914,15.7153,33,6.965
create,0,106,201,25.5161,15.5717,33,6.861
create,0,107,201,24.26304,14.1614,33,5.766
create,0,108,201,26.91788,16.6881,33,6.242
create,0,109,201,25.58006,15.3595,33,6.573
create,0,110,201,26.93756,16.45,33,6.998
create,0,111,201,25.36638,14.5525,33,5.872
create,0,112,201,23.89834,13.9178,33,6.034
create,0,113,201,80.9048,15.3233,33,7.284
create,0,114,201,29.33744,16.0318,33,6.48
create,0,115,201,25.29547,12.7318,33,5.609
create,0,116,201,24.64584,13.7393,33,5.949
create,0,117,201,25.37415,13.1539,33,5.263
create,0,118,201,22.01091,11.786,33,5.015
create,0,119,201,26.92376,13.5225,33,5.626
create,0,120,201,22.70214,11.9117,33,5.05
create,0,121,201,30.48546,13.2056,33,5.688
create,0,122,201,24.36968,14.0298,33,6.309
create,0,123,201,25.19144,13.5743,33,5.81
create,0,124,201,22.4589,12.8825,33,5.15
create,0,125,201,23.79771,12.8668,33,5.188
create,0,126,201,27.41809,16.2431,33,7.179
create,0,127,201,25.77088,13.6329,33,5.38
create,0,128,201,23.18748,13.0137,33,6.007
create,0,129,201,21.81969,11.6728,33,4.958
create,0,130,201,22.4984,12.5687,33,5.223
create,0,131,201,22.40309,12.6279,33,5.537
create,0,132,201,24.52654,13.1086,33,5.383
create,0,133,201,21.59362,12.4472,33,5.107
create,0,134,201,22.8616,13.5646,33,6.193
create,0,135,201,22.18041,12.4198,33,5.222
create,0,136,201,21.54261,12.4121,33,5.094
create,0,137,201,22.2785,12.5866,33,5.397
create,0,138,201,22.23522,12.6934,33,5.318
create,0,139,201,21.58519,12.1592,33,5.108
create,0,140,201,24.91905,15.8798,33,6.686
create,0,141,201,23.63034,13.4419,33,5.689
create,0,142,201,22.48219,12.7997,33,5.437
create,0,143,201,23.66138,13.6295,33,5.643
create,0,144,201,24.88328,14.7405,33,5.68
create,0,145,201,25.17455,13.9713,33,5.91
create,0,146,201,25.24577,14.1498,33,6.057
create,0,147,201,23.88228,13.3838,33,5.456
create,0,148,201,22.5251,12.5699,33,5.169
create,0,149,201,24.38398,13.6374,33,5.72
create,0,150,201,22.22755,12.512,33,5.145
create,0,151,201,22.64601,13.1487,33,5.136
create,0,152,201,22.81372,12.9744,33,5.575
create,0,153,201,24.66271,14.4907,33,6.855
create,0,154,201,22.27345,12.6532,33,5.21
create,0,155,201,21.72831,12.6701,33,4.98
create,0,156,201,21.67964,12.2337,33,5.063
create,0,157,201,22.26334,13.1092,33,5.961
create,0,158,201,26.46078,16.3691,33,5.57
create,0,159,201,22.84373,12.8876,33,5.418
create,0,160,201,23.68135,12.5673,33,5.24
create,0,161,201,22.79254,13.2911,33,5.714
create,0,162,201,83.04011,15.6937,33,6.195
create,0,163,201,23.5277,12.5419,33,5.235
create,0,164,201,21.75089,11.6875,33,4.932
create,0,165,201,22.17398,12.1967,33,5.275
create,0,166,201,22.21174,12.1582,33,5.189
create,0,167,201,23.35368,12.4886,33,5.125
create,0,168,201,21.75675,12.2401,33,5.033
create,0,169,201,21.89467,11.9864,33,4.952
create,0,170,201,21.62046,12.0232,33,5.158
create,0,171,201,29.62634,19.7158,33,9.899
create,0,172,201,24.02991,13.0079,33,5.649
create,0,173,201,21.83435,12.6858,33,5.608
create,0,174,201,23.08205,12.9472,33,5.595
create,0,175,201,21.86973,12.8283,33,5.62
create,0,176,201,21.49087,11.904,33,5.114
create,0,177,201,23.03936,13.036,33,5.711
create,0,178,201,23.89877,13.0302,33,5.605
create,0,179,201,24.2451,13.509,33,5.759
create,0,180,201,22.38137,11.9378,33,5.145
create,0,181,201,23.55831,14.6318,33,6.488
create,0,182,201,25.28506,15.4828,33,6.95
create,0,183,201,25.50356,15.9503,33,7.066
create,0,184,201,26.98063,15.5861,33,6.967
create,0,185,201,26.56123,15.8028,33,6.912
create,0,186,201,24.88132,14.2018,33,6.273
create,0,187,201,27.12908,13.3285,33,6.186
create,0,188,201,23.81715,12.5024,33,5.564
create,0,189,201,22.18787,12.3694,33,5.421
create,0,190,201,21.63509,11.9637,33,4.922
create,0,191,201,21.36188,12.1589,33,5.318
create,0,192,201,22.8484,13.1739,33,5.375
create,0,193,201,22.54327,13.1872,33,5.21
create,0,194,201,22.70076,13.878,33,6.013
create,0,195,201,22.58387,13.2375,33,5.511
create,0,196,201,20.78165,12.0527,33,5.093
create,0,197,201,21.23252,12.3917,33,4.942
create,0,198,201,21.61878,12.0796,33,4.837
create,0,199,201,20.93176,11.7603,33,4.748
create,0,200,201,21.06517,12.1774,33,5.367
create,0,201,201,20.86788,11.4831,33,4.7
create,0,202,201,21.14279,12.0316,33,4.769
create,0,203,201,21.16479,12.4528,33,5.335
create,0,204,201,21.12333,12.0828,33,4.752
create,0,205,201,23.05587,13.9193,33,5.919
create,0,206,201,21.3608,11.9553,33,4.95
create,0,207,201,19.68942,11.2286,33,4.647
create,0,208,201,27.99165,18.5255,33,8.984
create,0,209,201,21.55494,12.0793,33,5.265
create,0,210,201,22.04626,13.1169,33,5.279
create,0,211,201,73.75601,14.086,33,5.947
create,0,212,201,24.80293,13.7104,33,5.931
create,0,213,201,20.93076,11.6412,33,4.918
create,0,214,201,20.97555,11.757,33,5.22
create,0,215,201,21.04684,11.5223,33,4.993
create,0,216,201,21.03505,11.7645,33,5.173
create,0,217,201,22.24085,12.5924,33,5.387
create,0,218,201,21.51054,12.1512,33,5.19
create,0,219,201,21.81667,11.8302,33,4.969
create,0,220,201,20.98204,11.9704,33,4.863
create,0,221,201,21.77304,12.3148,33,4.906
create,0,222,201,21.558,12.1239,33,4.849
create,0,223,201,20.4033,11.466,33,4.716
create,0,224,201,21.23082,12.1895,33,5.0
create,0,225,201,21.74609,12.3656,33,5.349
create,0,226,201,22.0464,12.4826,33,5.393
create,0,227,201,23.43326,13.2289,33,5.648
create,0,228,201,21.36207,12.2243,33,4.871
create,0,229,201,20.87471,11.5681,33,4.944
create,0,230,201,20.67342,11.8533,33,5.186
create,0,231,201,20.78067,11.7007,33,4.872
create,0,232,201,20.81103,12.0256,33,4.923
create,0,233,201,20.61598,11.6032,33,4.91
create,0,234,201,20.10794,11.1768,33,4.62
create,0,235,201,20.58494,11.9144,33,5.115
create,0,236,201,20.98274,11.9092,33,5.128
create,0,237,201,20.64303,11.7377,33,5.112
create,0,238,201,21.1387,11.7733,33,4.908
create,0,239,201,21.31127,12.0455,33,5.059
create,0,240,201,21.13975,11.5673,33,4.871
create,0,241,201,20.69781,11.4382,33,4.928
create,0,242,201,20.91058,11.4175,33,4.768
create,0,243,201,20.86816,11.565,33,5.125
create,0,244,201,21.91305,12.5025,33,5.411
create,0,245,201,20.63251,11.682,33,5.0
create,0,246,201,21.49481,11.3292,33,4.794
create,0,247,201,21.37682,12.2806,33,5.287
create,0,248,201,21.55967,12.572,33,5.764
create,0,249,201,21.946,12.5188,33,5.389
create,0,250,201,23.85515,14.4391,33,6.491
create,0,251,201,22.16171,11.8824,33,4.845
create,0,252,201,21.31083,11.8603,33,5.072
create,0,253,201,20.81808,11.8779,33,4.972
create,0,254,201,21.38547,11.8338,33,4.768
create,0,255,201,21.71918,11.9461,33,5.378
create,0,256,201,20.31327,11.3199,33,4.73
create,0,257,201,22.32273,12.3721,33,5.063
create,0,258,201,21.31441,12.3761,33,5.226
create,0,259,201,22.64015,12.2346,33,5.139
create,0,260,201,77.57809,12.7256,33,5.191
create,0,261,201,23.87394,11.8809,33,4.909
create,0,262,201,22.47325,12.3946,33,5.096
create,0,263,201,21.44093,11.8358,33,5.16
create,0,264,201,21.99031,12.1135,33,4.974
create,0,265,201,21.45906,11.9762,33,5.141
create,0,266,201,20.71106,11.4738,33,4.604
create,0,267,201,21.13508,11.6705,33,4.858
create,0,268,201,20.46832,11.3051,33,4.735
create,0,269,201,21.65995,12.155,33,5.212
create,0,270,201,21.33924,11.6464,33,4.648
create,0,271,201,20.60049,11.4975,33,4.914
create,0,272,201,20.63454,11.5236,33,4.71
create,0,273,201,21.82527,12.6714,33,5.219
create,0,274,201,20.95735,11.7025,33,4.762
create,0,275,201,19.9977,11.1566,33,4.669
create,0,276,201,20.31878,11.129,33,4.624
create,0,277,201,20.93668,12.1134,33,5.002
create,0,278,201,21.91271,12.931,33,5.349
create,0,279,201,20.72355,11.3057,33,4.804
create,0,280,201,21.75386,12.0265,33,4.921
create,0,281,201,20.72245,11.8185,33,4.916
create,0,282,201,21.67814,12.3568,33,4.992
create,0,283,201,21.58868,12.0378,33,5.15
create,0,284,201,20.972,12.0906,33,5.057
create,0,285,201,21.82027,12.8297,33,4.791
create,0,286,201,20.2397,11.2659,33,4.735
create,0,287,201,21.16425,11.733,33,5.027
create,0,288,201,22.12007,13.3364,33,5.642
create,0,289,201,20.85391,11.6698,33,4.808
create,0,290,201,21.37474,12.7029,33,5.43
create,0,291,201,20.7742,11.5359,33,4.979
create,0,292,201,20.67412,11.6983,33,5.061
create,0,293,201,20.37336,11.6144,33,4.853
create,0,294,201,22.21928,12.9495,33,5.644
create,0,295,201,21.38324,11.6418,33,4.693
create,0,296,201,20.80834,11.8319,33,4.733
create,0,297,201,21.38545,12.3343,33,4.889
create,0,298,201,22.0411,13.3664,33,5.428
create,0,299,201,21.68821,12.1452,33,4.998
create,0,300,201,19.99807,11.2098,33,4.652
create,0,301,201,20.82958,11.6169,33,4.822
create,0,302,201,20.57477,11.9763,33,4.896
create,0,303,201,19.96429,11.3028,33,4.59
create,0,304,201,21.36554,11.9656,33,5.251
create,0,305,201,21.10398,12.2748,33,5.253
create,0,306,201,20.51957,11.749,33,4.836
create,0,307,201,20.6347,11.8166,33,4.914
create,0,308,201,20.30958,11.5992,33,5.002
create,0,309,201,75.4141,12.5509,33,5.134
create,0,310,201,25.86336,14.5789,33,6.555
create,0,311,201,22.19783,12.4444,33,5.133
create,0,312,201,21.23735,11.7078,33,4.907
create,0,313,201,21.36111,12.1776,33,5.229
create,0,314,201,21.75764,11.5702,33,4.833
create,0,315,201,21.30615,11.5863,33,4.987
create,0,316,201,21.16661,11.6909,33,4.902
create,0,317,201,20.98666,12.064,33,5.194
create,0,318,201,23.18223,12.3925,33,5.05
create,0,319,201,21.21594,12.0965,33,5.016
create,0,320,201,21.08193,11.7451,33,4.777
create,0,321,201,20.50125,11.6178,33,4.694
create,0,322,201,20.71038,11.3925,33,4.714
create,0,323,201,21.58429,12.2442,33,5.184
create,0,324,201,22.7474,12.6507,33,5.476
create,0,325,201,21.90373,12.6301,33,5.492
create,0,326,201,21.61468,12.4704,33,5.408
create,0,327,201,21.55021,12.0331,33,4.872
create,0,328,201,21.90804,11.858,33,5.067
create,0,329,201,22.8222,12.329,33,5.39
create,0,330,201,21.56798,12.3668,33,5.132
create,0,331,201,21.42741,12.2971,33,5.054
create,0,332,201,21.00878,11.9271,33,5.267
create,0,333,201,21.39502,12.0208,33,5.321
create,0,334,201,21.28766,11.6115,33,4.776
create,0,335,201,20.24195,11.5086,33,4.87
create,0,336,201,22.49477,12.2457,33,5.271
create,0,337,201,22.04706,11.9289,33,5.036
create,0,338,201,22.37097,12.5103,33,5.424
create,0,339,201,21.75227,12.1407,33,5.118
create,0,340,201,22.06907,13.0715,33,5.462
create,0,341,201,22.5035,12.8684,33,5.336
create,0,342,201,23.28391,14.1054,33,6.05
create,0,343,201,22.97202,12.5074,33,5.236
create,0,344,201,21.77826,12.4281,33,5.42
create,0,345,201,23.07,13.9447,33,6.431
create,0,346,201,22.8088,12.9971,33,5.924
create,0,347,201,22.00624,12.5742,33,5.248
create,0,348,201,23.47208,14.3109,33,6.162
create,0,349,201,22.17767,12.758,33,5.156
create,0,350,201,21.59205,12.7951,33,5.2
create,0,351,201,21.60925,12.5613,33,5.472
create,0,352,201,22.57039,13.7515,33,5.611
create,0,353,201,23.25989,13.6212,33,6.112
create,0,354,201,22.38038,12.5383,33,5.428
create,0,355,201,22.63898,12.9976,33,5.817
create,0,356,201,22.79943,13.3373,33,5.5
create,0,357,201,24.06992,13.2504,33,5.832
create,0,358,201,71.30193,13.5062,33,6.33
create,0,359,201,25.16746,14.2879,33,6.322
create,0,360,201,24.07755,14.3124,33,5.709
create,0,361,201,22.61445,12.9745,33,5.333
create,0,362,201,21.21958,11.9719,33,5.125
create,0,363,201,21.71806,12.1261,33,5.004
create,0,364,201,21.75856,12.5167,33,5.165
create,0,365,201,21.95836,12.7333,33,5.707
create,0,366,201,23.6066,13.5775,33,5.87
create,0,367,201,23.43091,12.4884,33,5.232
create,0,368,201,22.28623,12.3696,33,5.425
create,0,369,201,22.15738,12.5971,33,5.334
create,0,370,201,22.80417,12.4501,33,5.573
create,0,371,201,21.35795,11.909,33,5.09
create,0,372,201,21.25961,12.2922,33,5.092
create,0,373,201,21.27012,12.1818,33,5.111
create,0,374,201,21.39723,12.2191,33,5.145
create,0,375,201,20.96107,11.5113,33,4.916
create,0,376,201,20.91477,12.2035,33,5.079
create,0,377,201,24.83119,15.5987,33,8.136
create,0,378,201,21.60648,12.3336,33,5.418
create,0,379,201,21.37649,12.2055,33,5.299
create,0,380,201,21.29783,12.0033,33,5.175
create,0,381,201,20.36959,11.5291,33,4.901
create,0,382,201,21.2335,12.1861,33,5.392
create,0,383,201,23.26769,14.3703,33,6.617
create,0,384,201,21.78151,12.0621,33,5.236
create,0,385,201,22.23646,12.955,33,5.365
create,0,386,201,20.44036,11.5955,33,4.773
create,0,387,201,20.10971,11.2732,33,4.645
create,0,388,201,24.92684,15.1796,33,5.397
create,0,389,201,24.34471,12.7314,33,5.43
create,0,390,201,20.50691,11.33,33,4.858
create,0,391,201,21.05119,11.9557,33,4.819
create,0,392,201,20.40604,11.7515,33,4.897
create,0,393,201,21.82643,11.9307,33,5.145
create,0,394,201,21.1157,12.3649,33,5.064
create,0,395,201,22.0128,12.7145,33,5.479
create,0,396,201,20.53618,11.8198,33,5.104
create,0,397,201,22.62488,12.6153,33,5.509
create,0,398,201,20.94716,11.696,33,4.972
create,0,399,201,21.67128,12.1535,33,5.089
create,0,400,201,21.41247,12.3649,33,5.218
create,0,401,201,21.29041,12.2628,33,5.407
create,0,402,201,21.41309,12.2452,33,5.157
create,0,403,201,22.36727,12.244,33,5.221
create,0,404,201,20.67176,11.3619,33,4.715
create,0,405,201,24.62582,14.3239,33,5.95
create,0,406,201,22.72101,13.2902,33,5.45
create,0,407,201,72.06613,13.3398,33,5.775
create,0,408,201,22.95048,12.2291,33,5.399
create,0,409,201,22.25568,12.3949,33,5.438
create,0,410,201,23.63857,13.1056,33,5.518
create,0,411,201,23.41192,13.1385,33,5.667
create,0,412,201,22.12693,12.6864,33,5.517
create,0,413,201,22.58961,12.0723,33,5.036
create,0,414,201,22.25402,12.8246,33,5.98
create,0,415,201,20.57979,11.802,33,5.122
create,0,416,201,21.18238,12.2356,33,5.018
create,0,417,201,21.69966,13.0301,33,5.5
create,0,418,201,20.90127,11.6382,33,4.999
create,0,419,201,21.11229,11.9543,33,5.121
create,0,420,201,21.4745,12.0183,33,5.216
create,0,421,201,22.60184,12.7734,33,5.537
create,0,422,201,22.19328,12.6245,33,5.493
create,0,423,201,21.61829,12.2338,33,5.271
create,0,424,201,21.51749,12.027,33,5.081
create,0,425,201,22.09291,13.1798,33,5.591
create,0,426,201,21.63753,12.4135,33,5.242
create,0,427,201,21.365,12.1463,33,5.211
create,0,428,201,20.23514,11.5305,33,4.91
create,0,429,201,20.94749,12.0481,33,5.14
create,0,430,201,21.78208,12.3887,33,5.252
create,0,431,201,21.03207,11.5749,33,4.838
create,0,432,201,22.43692,12.2876,33,5.19
create,0,433,201,20.77146,11.9274,33,4.934
create,0,434,201,21.12566,11.7501,33,4.828
create,0,435,201,21.70769,12.2051,33,5.173
create,0,436,201,20.90485,11.5343,33,4.767
create,0,437,201,21.93942,12.2261,33,5.716
create,0,438,201,20.43544,11.6891,33,4.894
create,0,439,201,21.04409,12.0389,33,5.496
create,0,440,201,20.97417,11.7638,33,4.752
create,0,441,201,22.00985,12.3007,33,5.592
create,0,442,201,24.07704,14.3034,33,5.973
create,0,443,201,23.49293,13.4301,33,6.138
create,0,444,201,25.10497,11.9177,33,5.051
create,0,445,201,23.43642,13.3079,33,6.333
create,0,446,201,27.24718,15.4912,33,5.505
create,0,447,201,21.58142,12.1402,33,5.496
create,0,448,201,22.8787,13.225,33,5.693
create,0,449,201,23.07284,13.4151,33,5.826
create,0,450,201,21.88798,12.0473,33,5.169
create,0,451,201,22.61242,12.5827,33,5.467
create,0,452,201,21.40647,12.2495,33,5.178
create,0,453,201,22.54271,13.0094,33,5.922
create,0,454,201,21.32504,12.1273,33,5.096
create,0,455,201,22.17824,12.8096,33,5.83
create,0,456,201,73.37208,15.3651,33,7.226
create,0,457,201,24.992,13.5977,33,6.148
create,0,458,201,26.4361,15.8514,33,7.522
create,0,459,201,22.63638,12.6789,33,5.543
create,0,460,201,25.48814,15.4261,33,7.415
create,0,461,201,23.68252,13.5099,33,5.936
create,0,462,201,25.36653,15.4708,33,7.371
create,0,463,201,23.3025,13.6633,33,5.831
create,0,464,201,25.33356,15.4817,33,7.027
create,0,465,201,23.47358,13.5628,33,5.709
create,0,466,201,25.708,15.9561,33,7.073
create,0,467,201,23.61916,14.0733,33,6.361
create,0,468,201,27.21175,16.542,33,7.34
create,0,469,201,27.14728,15.8038,33,7.249
create,0,470,201,24.24702,13.8074,33,6.197
create,0,471,201,23.18674,13.5142,33,6.283
create,0,472,201,26.71438,16.093,33,8.074
create,0,473,201,25.50333,15.3254,33,7.306
create,0,474,201,22.31729,12.7039,33,5.396
create,0,475,201,24.92987,14.9881,33,7.136
create,0,476,201,23.75848,13.4565,33,5.9
create,0,477,201,25.974,15.9286,33,7.424
create,0,478,201,25.05474,14.7149,33,6.586
create,0,479,201,27.15119,16.0707,33,7.389
create,0,480,201,25.70766,15.6693,33,6.657
create,0,481,201,27.03914,15.5016,33,7.432
create,0,482,201,22.88828,13.0146,33,5.798
create,0,483,201,25.89947,15.9111,33,7.445
create,0,484,201,29.14654,15.1909,33,6.646
create,0,485,201,26.46659,15.6502,33,6.614
create,0,486,201,23.66841,13.6542,33,5.831
create,0,487,201,23.2244,13.0667,33,6.052
create,0,488,201,21.61966,12.0601,33,5.168
create,0,489,201,22.67167,12.8753,33,5.832
create,0,490,201,23.64412,13.8698,33,7.065
create,0,491,201,23.19983,13.1487,33,5.595
create,0,492,201,24.12455,13.5628,33,5.245
create,0,493,201,21.66672,12.2859,33,5.142
create,0,494,201,22.1997,12.6949,33,4.915
create,0,495,201,21.90179,12.247,33,5.082
create,0,496,201,23.8056,13.726,33,5.786
create,0,497,201,22.35333,12.8114,33,5.561
create,0,498,201,24.87531,14.937,33,5.689
create,0,499,201,21.56986,12.4039,33,5.18
create,0,500,201,23.89317,14.2757,33,5.612
create,0,501,201,22.38966,12.9602,33,5.951
create,0,502,201,23.89675,14.1856,33,5.502
create,0,503,201,22.44456,12.771,33,5.282
create,0,504,201,24.69824,13.5383,33,5.585
create,0,505,201,72.2041,14.0398,33,5.832
create,0,506,201,24.25064,13.2029,33,5.467
create,0,507,201,25.62258,15.5182,33,6.433
create,0,508,201,21.65096,11.946,33,5.251
create,0,509,201,21.99264,12.2687,33,5.522
create,0,510,201,23.40576,13.4341,33,6.173
create,0,511,201,25.38435,14.4731,33,6.55
create,0,512,201,26.51281,16.7359,33,8.487
create,0,513,201,23.8184,13.7075,33,6.144
create,0,514,201,24.86939,13.3301,33,6.479
create,0,515,201,22.39353,12.5053,33,5.32
create,0,516,201,24.17197,12.7715,33,5.794
create,0,517,201,28.55062,18.0391,33,10.35
create,0,518,201,26.36006,13.8149,33,5.781
create,0,519,201,23.36733,13.399,33,5.973
create,0,520,201,23.38678,13.3514,33,5.815
create,0,521,201,24.83742,13.7497,33,5.806
create,0,522,201,31.5422,18.9024,33,7.683
create,0,523,201,26.61498,15.3639,33,5.83
create,0,524,201,26.75634,15.3246,33,6.849
create,0,525,201,24.082,13.3874,33,5.262
create,0,526,201,23.984,13.4924,33,5.442
create,0,527,201,24.59683,13.1114,33,5.272
create,0,528,201,22.44426,12.8548,33,5.455
create,0,529,201,22.37764,12.3707,33,4.788
create,0,530,201,27.38711,13.7835,33,5.619
create,0,531,201,24.82682,14.8951,33,5.018
create,0,532,201,21.99797,12.4183,33,5.29
create,0,533,201,22.30993,12.4859,33,4.868
create,0,534,201,22.85967,12.9143,33,5.426
create,0,535,201,22.15492,12.7076,33,5.099
create,0,536,201,27.54476,16.4858,33,8.738
create,0,537,201,23.01719,13.154,33,5.036
create,0,538,201,24.98321,14.192,33,5.766
create,0,539,201,26.26221,14.6736,33,6.195
create,0,540,201,23.55165,13.2845,33,5.255
create,0,541,201,26.12598,14.2937,33,5.702
create,0,542,201,30.37784,20.3217,33,11.673
create,0,543,201,26.60045,14.8593,33,5.672
create,0,544,201,27.39715,16.5381,33,8.313
create,0,545,201,28.90183,17.621,33,7.292
create,0,546,201,27.23499,16.2308,33,8.292
create,0,547,201,25.33907,12.7319,33,5.119
create,0,548,201,26.89453,16.0837,33,8.05
create,0,549,201,27.14757,16.2339,33,7.248
create,0,550,201,25.47139,15.0163,33,5.423
create,0,551,201,25.87342,15.5494,33,7.055
create,0,552,201,26.63949,15.5027,33,6.126
create,0,553,201,28.0008,18.4359,33,7.398
create,0,554,201,90.81359,15.3598,33,5.955
create,0,555,201,36.49226,24.5151,33,7.257
create,0,556,201,24.50934,14.188,33,5.717
create,0,557,201,26.43029,13.6155,33,6.451
create,0,558,201,29.13841,16.7708,33,7.206
create,0,559,201,24.18501,13.1298,33,5.399
create,0,560,201,26.89757,15.9066,33,7.599
create,0,561,201,22.04069,12.4679,33,5.025
create,0,562,201,25.67338,15.1267,33,7.187
create,0,563,201,24.03085,13.7404,33,5.534
create,0,564,201,25.09758,13.6832,33,5.479
create,0,565,201,22.18168,12.989,33,5.272
create,0,566,201,27.03238,13.0585,33,5.351
create,0,567,201,25.23887,15.8834,33,5.557
create,0,568,201,21.83721,12.5297,33,5.223
create,0,569,201,21.4438,12.3588,33,5.065
create,0,570,201,25.9905,15.775,33,7.345
create,0,571,201,22.53524,13.0223,33,5.176
create,0,572,201,21.70385,12.0047,33,5.165
create,0,573,201,22.26028,12.4986,33,4.92
create,0,574,201,22.63605,13.0372,33,6.188
create,0,575,201,22.08285,12.6499,33,5.107
create,0,576,201,24.69815,13.9447,33,5.775
create,0,577,201,24.51549,13.0794,33,5.306
create,0,578,201,22.3948,12.8924,33,5.802
create,0,579,201,22.88984,13.0507,33,4.906
create,0,580,201,22.78105,13.1823,33,5.672
create,0,581,201,22.08034,12.3578,33,4.919
create,0,582,201,22.11041,11.9924,33,4.918
create,0,583,201,22.317,12.7256,33,5.127
create,0,584,201,22.58629,12.9757,33,5.844
create,0,585,201,21.89623,12.3872,33,5.031
create,0,586,201,25.01119,14.9412,33,7.119
create,0,587,201,21.67169,12.052,33,5.17
create,0,588,201,21.24699,11.9048,33,5.058
create,0,589,201,24.11741,12.5852,33,5.152
create,0,590,201,23.03844,13.1352,33,5.613
create,0,591,201,23.56533,12.6741,33,5.164
create,0,592,201,22.72864,12.3421,33,5.057
create,0,593,201,22.8177,12.7394,33,5.194
create,0,594,201,21.1087,11.767,33,4.911
create,0,595,201,22.20104,11.8651,33,4.868
create,0,596,201,22.06088,12.5463,33,5.163
create,0,597,201,22.54624,12.771,33,5.4
create,0,598,201,27.85043,17.0839,33,8.89
create,0,599,201,27.39077,14.2419,33,5.714
create,0,600,201,23.84861,14.4005,33,6.26
create,0,601,201,22.55918,12.9322,33,5.217
create,0,602,201,26.562,14.7339,33,6.082
create,0,603,201,75.37206,13.7543,33,6.134
create,0,604,201,24.50936,13.0165,33,5.714
create,0,605,201,24.88739,13.6379,33,5.933
create,0,606,201,26.12118,15.0299,33,7.475
create,0,607,201,24.04943,13.4532,33,6.185
create,0,608,201,25.81954,15.4109,33,7.291
create,0,609,201,26.6731,15.817,33,7.313
create,0,610,201,27.59593,16.6439,33,7.414
create,0,611,201,22.30717,12.3858,33,5.317
create,0,612,201,25.03297,15.1056,33,6.973
create,0,613,201,26.40657,15.8865,33,7.395
create,0,614,201,23.43173,13.9742,33,6.729
create,0,615,201,26.23513,16.0412,33,7.451
create,0,616,201,26.94903,16.8237,33,6.787
create,0,617,201,22.69351,12.308,33,5.225
create,0,618,201,22.28876,12.8918,33,5.472
create,0,619,201,22.4502,12.4267,33,5.561
create,0,620,201,21.45664,12.1352,33,5.078
create,0,621,201,25.17545,15.3498,33,7.332
create,0,622,201,25.09558,15.1446,33,6.976
create,0,623,201,24.31782,15.0926,33,6.912
create,0,624,201,25.00862,12.3088,33,5.201
create,0,625,201,23.83548,14.3983,33,6.125
create,0,626,201,24.99035,15.3401,33,7.041
create,0,627,201,24.12596,13.556,33,5.175
create,0,628,201,26.7015,14.006,33,5.564
create,0,629,201,24.84105,14.6355,33,6.162
create,0,630,201,23.36467,12.5159,33,5.504
create,0,631,201,21.96553,12.46,33,5.225
create,0,632,201,22.7117,12.7501,33,5.367
create,0,633,201,22.14973,12.7344,33,5.298
create,0,634,201,21.09381,11.9012,33,4.993
create,0,635,201,22.4878,12.2464,33,5.049
create,0,636,201,22.52937,13.1243,33,5.794
create,0,637,201,22.28906,12.6877,33,5.522
create,0,638,201,21.90578,12.2811,33,5.262
create,0,639,201,22.13785,12.4258,33,5.39
create,0,640,201,22.32565,12.9795,33,5.627
create,0,641,201,22.9254,13.208,33,5.519
create,0,642,201,22.87487,12.7535,33,5.421
create,0,643,201,22.44319,12.446,33,5.194
create,0,644,201,22.31147,12.5433,33,5.415
create,0,645,201,22.75835,13.5123,33,5.331
create,0,646,201,22.47668,12.1943,33,5.183
create,0,647,201,25.35605,13.4047,33,5.713
create,0,648,201,23.53005,13.664,33,5.43
create,0,649,201,22.59803,12.9311,33,5.155
create,0,650,201,24.61855,14.8068,33,5.625
create,0,651,201,24.41477,13.9999,33,5.689
create,0,652,201,81.58497,16.1675,33,7.399
create,0,653,201,26.58246,14.1092,33,6.614
create,0,654,201,25.38422,13.2987,33,5.482
create,0,655,201,24.5064,14.9869,33,7.523
create,0,656,201,22.30589,12.1084,33,5.152
create,0,657,201,23.17609,12.5741,33,4.926
create,0,658,201,24.15274,14.5416,33,6.719
create,0,659,201,23.04194,12.7796,33,5.703
create,0,660,201,24.03475,14.1153,33,5.615
create,0,661,201,23.31226,13.1662,33,5.263
create,0,662,201,22.43187,13.048,33,5.77
create,0,663,201,22.07598,12.6878,33,5.454
create,0,664,201,24.01242,12.4945,33,5.013
create,0,665,201,22.67493,12.6185,33,5.194
create,0,666,201,23.65783,13.4298,33,5.729
create,0,667,201,23.35935,12.6413,33,5.131
create,0,668,201,25.57692,16.2083,33,8.41
create,0,669,201,25.10548,14.5611,33,5.901
create,0,670,201,22.41734,13.0737,33,5.396
create,0,671,201,21.61171,12.1772,33,5.008
create,0,672,201,22.55994,12.7374,33,5.129
create,0,673,201,23.19518,12.5911,33,5.207
create,0,674,201,22.38232,12.2831,33,5.142
create,0,675,201,21.79451,12.5469,33,5.508
create,0,676,201,22.35746,12.4708,33,5.241
create,0,677,201,22.97756,12.8757,33,5.548
create,0,678,201,23.10089,13.606,33,5.512
create,0,679,201,21.93295,12.5046,33,5.326
create,0,680,201,23.68926,13.4369,33,5.311
create,0,681,201,23.3696,13.4808,33,5.451
create,0,682,201,24.21987,14.6979,33,6.746
create,0,683,201,23.1495,12.9529,33,5.55
create,0,684,201,25.98499,15.4169,33,7.106
create,0,685,201,24.72097,15.1019,33,7.201
create,0,686,201,27.23883,16.0593,33,7.453
create,0,687,201,23.42311,13.713,33,5.5
create,0,688,201,28.08018,16.3852,33,7.548
create,0,689,201,22.92076,13.2448,33,5.671
create,0,690,201,21.41282,12.1719,33,4.934
create,0,691,201,22.24336,12.4407,33,5.309
create,0,692,201,21.32565,12.4843,33,4.916
create,0,693,201,22.19369,12.8047,33,5.229
create,0,694,201,22.16756,13.0151,33,5.754
create,0,695,201,25.70221,16.2515,33,7.729
create,0,696,201,27.67392,18.0055,33,7.081
create,0,697,201,25.50134,13.3426,33,5.577
create,0,698,201,23.88279,13.3145,33,5.488
create,0,699,201,22.08774,12.7058,33,5.264
create,0,700,201,23.64016,12.6048,33,5.241
create,0,701,201,77.80248,13.8166,33,5.58
create,0,702,201,24.67852,13.4567,33,5.666
create,0,703,201,22.50672,13.0437,33,5.555
create,0,704,201,25.36448,14.1365,33,5.793
create,0,705,201,23.21608,13.4142,33,5.72
create,0,706,201,25.15905,14.9822,33,7.172
create,0,707,201,22.99094,12.8053,33,5.379
create,0,708,201,26.51286,13.3266,33,5.439
create,0,709,201,23.34561,12.889,33,5.512
create,0,710,201,27.87229,16.3387,33,9.036
create,0,711,201,166.4881,156.0585,33,146.936
create,0,712,201,27.33692,16.0979,33,6.951
create,0,713,201,26.73308,15.9557,33,7.751
create,0,714,201,25.71845,13.5079,33,5.378
create,0,715,201,22.97906,13.4663,33,5.496
create,0,716,201,22.12206,12.6629,33,5.237
create,0,717,201,22.59624,12.7173,33,5.491
create,0,718,201,23.11022,13.7218,33,5.748
create,0,719,201,22.55884,12.6806,33,5.551
create,0,720,201,24.06447,12.9078,33,5.244
create,0,721,201,22.78561,13.4254,33,5.974
create,0,722,201,23.3915,13.0431,33,5.437
create,0,723,201,22.61663,13.2856,33,5.541
create,0,724,201,22.65849,12.7148,33,5.553
create,0,725,201,26.40481,16.2395,33,6.763
create,0,726,201,22.81807,13.0155,33,5.552
create,0,727,201,22.08763,12.3873,33,5.364
create,0,728,201,22.6522,13.0008,33,5.301
create,0,729,201,23.33063,13.746,33,5.763
create,0,730,201,22.61145,12.5448,33,5.003
create,0,731,201,25.18399,13.7029,33,6.117
create,0,732,201,23.04174,13.2271,33,5.63
create,0,733,201,23.43823,13.2888,33,5.856
create,0,734,201,22.32017,12.4211,33,5.147
create,0,735,201,23.66191,13.5065,33,5.929
create,0,736,201,22.01905,12.4626,33,5.155
create,0,737,201,27.07916,12.6284,33,5.432
create,0,738,201,24.59275,15.1508,33,5.641
create,0,739,201,22.81524,12.7666,33,5.431
create,0,740,201,24.90706,13.6208,33,5.565
create,0,741,201,24.17611,13.0142,33,5.164
create,0,742,201,22.38926,13.0052,33,5.33
create,0,743,201,21.3846,12.3029,33,5.01
create,0,744,201,22.31244,12.8051,33,5.187
create,0,745,201,28.00776,16.8527,33,7.605
create,0,746,201,27.49135,16.7212,33,7.315
create,0,747,201,24.32432,13.9829,33,5.758
create,0,748,201,27.0086,16.8857,33,7.41
create,0,749,201,26.40262,15.2156,33,7.191
create,0,750,201,77.25695,13.8808,33,5.782
create,0,751,201,26.68206,15.443,33,7.338
create,0,752,201,27.02998,16.3554,33,7.918
create,0,753,201,27.30046,16.4211,33,7.523
create,0,754,201,23.16403,13.1518,33,5.514
create,0,755,201,26.17803,15.9917,33,6.946
create,0,756,201,24.31547,13.9626,33,5.968
create,0,757,201,36.94823,26.4467,33,7.346
create,0,758,201,24.99308,14.9874,33,5.951
create,0,759,201,26.41557,16.3816,33,7.507
create,0,760,201,22.58195,12.9756,33,5.256
create,0,761,201,26.66782,16.1036,33,7.386
create,0,762,201,24.5961,14.2883,33,5.996
create,0,763,201,26.98301,16.7438,33,7.244
create,0,764,201,23.0793,12.4359,33,5.04
create,0,765,201,26.9618,15.9292,33,7.234
create,0,766,201,23.87515,13.9445,33,6.124
create,0,767,201,26.31856,16.1238,33,7.188
create,0,768,201,22.30914,12.7806,33,5.532
create,0,769,201,25.81449,15.1249,33,7.102
create,0,770,201,25.54081,15.1756,33,6.171
create,0,771,201,29.28114,18.1029,33,7.295
create,0,772,201,30.8674,19.3614,33,10.209
create,0,773,201,29.67617,19.0523,33,8.355
create,0,774,201,22.9661,13.2018,33,5.632
create,0,775,201,25.82212,15.9382,33,7.352
create,0,776,201,24.78717,14.4064,33,6.427
create,0,777,201,23.83934,14.09,33,6.168
create,0,778,201,23.45378,13.278,33,5.478
create,0,779,201,24.51915,14.7988,33,6.896
create,0,780,201,22.62045,13.4629,33,5.874
create,0,781,201,24.83102,14.8651,33,6.687
create,0,782,201,28.94456,18.0785,33,7.725
create,0,783,201,24.04548,13.719,33,5.441
create,0,784,201,24.18358,14.203,33,5.616
create,0,785,201,25.16898,14.8528,33,6.835
create,0,786,201,31.09388,18.5576,33,10.597
create,0,787,201,26.58072,15.2034,33,6.967
create,0,788,201,24.37291,13.4931,33,5.807
create,0,789,201,22.84482,13.4457,33,5.769
create,0,790,201,158.59189,147.6687,33,138.846
create,0,791,201,23.27449,13.1684,33,5.423
create,0,792,201,26.63968,16.5284,33,7.234
create,0,793,201,22.75225,13.4644,33,5.255
create,0,794,201,26.04144,16.1608,33,7.057
create,0,795,201,24.42114,13.8428,33,5.534
create,0,796,201,27.00926,16.9637,33,7.589
create,0,797,201,23.46236,13.5359,33,5.369
create,0,798,201,26.48436,16.0962,33,7.251
create,0,799,201,77.8392,14.6796,33,5.728
create,0,800,201,27.57432,15.5462,33,7.519
create,0,801,201,24.35545,13.3212,33,5.557
create,0,802,201,26.24687,13.8362,33,6.182
create,0,803,201,24.26023,13.8232,33,5.96
create,0,804,201,24.5512,14.1195,33,6.17
create,0,805,201,24.081,13.4844,33,5.679
create,0,806,201,25.36656,14.8698,33,5.828
create,0,807,201,26.31621,16.19,33,7.566
create,0,808,201,23.19772,13.2787,33,5.976
create,0,809,201,22.38352,12.2296,33,5.077
create,0,810,201,27.46117,15.9489,33,7.198
create,0,811,201,23.66427,13.7674,33,6.613
create,0,812,201,22.73375,12.8408,33,5.526
create,0,813,201,25.60802,14.0761,33,6.093
create,0,814,201,28.24963,15.0032,33,6.276
create,0,815,201,37.01531,24.2442,33,6.347
create,0,816,201,22.89273,12.7314,33,5.398
create,0,817,201,25.77624,15.2163,33,6.645
create,0,818,201,26.426,15.4406,33,7.686
create,0,819,201,24.95651,13.4661,33,5.871
create,0,820,201,24.96512,13.7641,33,5.864
create,0,821,201,28.35202,13.8754,33,5.355
create,0,822,201,28.20612,17.6478,33,7.287
create,0,823,201,23.37888,12.9511,33,5.316
create,0,824,201,24.90156,13.585,33,6.103
create,0,825,201,24.06648,13.1082,33,5.311
create,0,826,201,23.23178,13.4459,33,6.062
create,0,827,201,23.65428,12.4376,33,5.323
create,0,828,201,22.44026,12.0784,33,5.276
create,0,829,201,24.44477,14.6973,33,6.952
create,0,830,201,26.6944,15.5057,33,8.206
create,0,831,201,26.62952,13.535,33,5.798
create,0,832,201,21.7709,11.9143,33,4.979
create,0,833,201,27.91454,17.8928,33,9.584
create,0,834,201,26.76592,16.238,33,7.018
create,0,835,201,23.46437,13.6648,33,5.696
create,0,836,201,21.71136,12.7174,33,5.94
create,0,837,201,26.31917,17.0525,33,9.188
create,0,838,201,23.52232,13.0521,33,6.056
create,0,839,201,21.80576,11.8943,33,5.096
create,0,840,201,20.56379,11.6117,33,4.741
create,0,841,201,20.36353,11.6109,33,4.971
create,0,842,201,25.09861,13.7007,33,5.892
create,0,843,201,26.43661,14.7692,33,5.686
create,0,844,201,24.3643,12.2019,33,5.422
create,0,845,201,22.26468,12.7124,33,4.932
create,0,846,201,27.87688,17.8157,33,6.28
create,0,847,201,24.33597,14.7255,33,6.524
create,0,848,201,78.04733,14.5415,33,6.517
create,0,849,201,25.00366,13.2006,33,5.711
create,0,850,201,22.1558,11.9166,33,4.865
create,0,851,201,22.11137,12.4074,33,5.345
create,0,852,201,22.31891,12.5189,33,5.499
create,0,853,201,22.1641,12.1859,33,5.093
create,0,854,201,21.37328,11.5317,33,4.733
create,0,855,201,21.45254,12.3237,33,5.139
create,0,856,201,21.1208,11.6738,33,4.767
create,0,857,201,22.44675,13.4477,33,5.891
create,0,858,201,21.21881,12.1371,33,4.72
create,0,859,201,20.78842,11.9346,33,4.867
create,0,860,201,20.55886,11.5939,33,4.637
create,0,861,201,21.6081,11.9039,33,4.982
create,0,862,201,22.26865,12.3813,33,4.917
create,0,863,201,22.14566,12.2792,33,5.298
create,0,864,201,20.7935,11.7424,33,4.952
create,0,865,201,22.00749,12.7855,33,5.41
create,0,866,201,21.31249,11.7574,33,4.913
create,0,867,201,21.6101,12.1828,33,4.963
create,0,868,201,22.45156,12.4918,33,5.091
create,0,869,201,21.1974,12.0911,33,5.021
create,0,870,201,23.50835,12.9835,33,5.385
create,0,871,201,21.22375,12.0954,33,4.813
create,0,872,201,20.50176,11.5819,33,4.903
create,0,873,201,20.42899,11.69,33,4.764
create,0,874,201,21.5535,12.109,33,5.097
create,0,875,201,21.05613,12.1874,33,4.765
create,0,876,201,21.61121,12.4688,33,5.409
create,0,877,201,21.44604,11.8133,33,4.741
create,0,878,201,20.77503,11.8068,33,4.955
create,0,879,201,21.39455,12.4958,33,5.174
create,0,880,201,20.73922,11.5371,33,4.837
create,0,881,201,20.88761,11.9302,33,4.88
create,0,882,201,21.3535,12.028,33,4.814
create,0,883,201,23.68575,13.1122,33,5.401
create,0,884,201,21.67135,12.2571,33,4.975
create,0,885,201,21.25423,12.0778,33,4.82
create,0,886,201,20.99223,12.241,33,5.239
create,0,887,201,20.848,11.8159,33,4.742
create,0,888,201,21.2131,11.3974,33,4.729
create,0,889,201,22.18956,12.2397,33,4.752
create,0,890,201,21.79437,12.2992,33,5.394
create,0,891,201,21.86486,12.6584,33,5.055
create,0,892,201,22.65564,13.246,33,5.692
create,0,893,201,23.91898,13.9662,33,5.402
create,0,894,201,24.7487,15.3102,33,8.308
create,0,895,201,30.96229,13.3898,33,5.229
create,0,896,201,25.88431,16.2496,33,6.839
create,0,897,201,72.90983,13.9281,33,5.414
create,0,898,201,23.52913,12.4024,33,5.14
create,0,899,201,22.04797,12.409,33,5.15
create,0,900,201,21.37762,11.8983,33,5.01
create,0,901,201,24.46237,12.9837,33,5.311
create,0,902,201,25.14526,15.0917,33,6.882
create,0,903,201,23.39105,13.7029,33,5.715
create,0,904,201,21.83808,11.8236,33,4.979
create,0,905,201,24.63597,13.7581,33,6.144
create,0,906,201,22.42482,12.7219,33,5.394
create,0,907,201,22.93047,12.7677,33,5.314
create,0,908,201,25.79784,14.5932,33,6.249
create,0,909,201,25.41615,14.0677,33,5.656
create,0,910,201,25.7084,14.0324,33,6.287
create,0,911,201,28.3195,18.8098,33,9.944
create,0,912,201,23.63632,12.7183,33,4.978
create,0,913,201,25.50294,15.4242,33,6.928
create,0,914,201,20.60224,11.8488,33,4.71
create,0,915,201,21.97014,11.9627,33,5.105
create,0,916,201,22.17618,12.3596,33,5.009
create,0,917,201,21.80748,12.1538,33,5.171
create,0,918,201,22.22493,12.5725,33,5.226
create,0,919,201,24.30261,13.0314,33,5.515
create,0,920,201,21.72382,12.5402,33,4.973
create,0,921,201,23.00932,12.6243,33,5.495
create,0,922,201,22.02162,12.0823,33,4.94
create,0,923,201,22.23261,12.6763,33,5.113
create,0,924,201,24.73328,15.3493,33,6.923
create,0,925,201,23.22846,13.1742,33,5.259
create,0,926,201,24.37083,15.2107,33,6.647
create,0,927,201,23.00396,13.4213,33,5.354
create,0,928,201,21.33606,12.2672,33,4.805
create,0,929,201,22.76399,13.2686,33,5.358
create,0,930,201,22.55344,12.7782,33,5.285
create,0,931,201,21.73235,12.1475,33,5.2
create,0,932,201,20.99156,11.995,33,4.835
create,0,933,201,22.23062,12.3546,33,5.453
create,0,934,201,21.9871,12.073,33,4.998
create,0,935,201,22.79333,13.4937,33,5.459
create,0,936,201,20.56963,11.4262,33,4.822
create,0,937,201,21.55257,12.1095,33,4.851
create,0,938,201,22.28557,12.9447,33,5.292
create,0,939,201,22.44655,13.235,33,5.4
create,0,940,201,22.28519,12.8138,33,5.703
create,0,941,201,21.0711,12.26,33,4.94
create,0,942,201,22.06294,12.2108,33,5.268
create,0,943,201,21.47518,12.1529,33,4.932
create,0,944,201,21.25158,12.3635,33,5.534
create,0,945,201,21.88277,12.5166,33,5.099
create,0,946,201,75.03325,13.664,33,5.814
create,0,947,201,23.88279,12.8919,33,5.325
create,0,948,201,21.47892,11.743,33,5.032
create,0,949,201,22.31923,12.6745,33,5.209
create,0,950,201,21.40996,12.0729,33,5.203
create,0,951,201,22.60702,12.9538,33,5.533
create,0,952,201,21.1847,11.9182,33,5.024
create,0,953,201,20.50326,11.7623,33,5.248
create,0,954,201,21.52528,12.4597,33,5.19
create,0,955,201,21.55016,12.1822,33,5.491
create,0,956,201,21.28128,12.0349,33,5.022
create,0,957,201,20.15853,11.4835,33,4.985
create,0,958,201,20.12905,11.4544,33,4.704
create,0,959,201,21.12797,12.1126,33,5.141
create,0,960,201,22.12544,12.8844,33,5.37
create,0,961,201,20.91352,11.8834,33,5.021
create,0,962,201,23.34481,14.3467,33,6.092
create,0,963,201,23.29231,13.7202,33,5.54
create,0,964,201,25.36187,15.6542,33,6.074
create,0,965,201,21.96414,12.3083,33,5.195
create,0,966,201,24.84402,13.5911,33,5.995
create,0,967,201,25.66914,15.5184,33,7.087
create,0,968,201,21.02535,12.1381,33,5.477
create,0,969,201,21.60752,12.6607,33,5.76
create,0,970,201,27.9808,16.8527,33,6.713
create,0,971,201,31.01327,19.32,33,9.529
create,0,972,201,29.53089,16.5086,33,5.962
create,0,973,201,31.47104,17.8535,33,7.152
create,0,974,201,29.94585,15.4189,33,6.536
create,0,975,201,23.37519,12.5503,33,5.308
create,0,976,201,28.9742,15.5974,33,7.746
create,0,977,201,23.33203,12.8786,33,5.093
create,0,978,201,24.79384,13.9631,33,6.421
create,0,979,201,25.47619,13.3397,33,5.825
create,0,980,201,26.02544,15.6453,33,7.797
create,0,981,201,22.42299,12.443,33,5.161
create,0,982,201,27.15772,15.7238,33,7.442
create,0,983,201,22.73404,12.7437,33,5.41
create,0,984,201,29.43258,18.7023,33,7.035
create,0,985,201,24.64561,14.3807,33,5.376
create,0,986,201,27.71349,16.8105,33,7.287
create,0,987,201,31.29158,17.2645,33,9.237
create,0,988,201,27.80853,17.6928,33,6.062
create,0,989,201,23.6169,13.6426,33,5.432
create,0,990,201,23.88722,14.501,33,6.637
create,0,991,201,29.01165,17.9794,33,6.911
create,0,992,201,25.04935,15.1476,33,6.269
create,0,993,201,27.45047,17.2976,33,5.933
create,0,994,201,27.84842,16.0976,33,7.724
create,0,995,201,91.87229,22.2496,33,7.573
create,0,996,201,28.39694,16.7806,33,6.321
create,0,997,201,23.02713,12.298,33,5.196
create,0,998,201,21.83387,12.0321,33,5.015
create,0,999,201,24.48596,14.7778,33,5.028
