operation,warmup,sample,http_status,elapsed_ms,server_ms,query_count,db_ms
search,1,0,200,438.55073,6.9454,2,3.609
search,1,1,200,18.18189,4.3702,2,3.198
search,1,2,200,15.42878,4.6621,2,3.289
search,1,3,200,14.17587,4.3095,2,3.156
search,1,4,200,17.30194,4.2376,2,3.104
search,1,5,200,27.10955,6.5351,2,3.413
search,1,6,200,14.35689,4.2371,2,3.084
search,1,7,200,13.70581,4.1537,2,3.062
search,1,8,200,14.25607,4.2112,2,3.083
search,1,9,200,15.66868,5.1007,2,3.787
search,1,10,200,13.28823,4.2191,2,3.03
search,1,11,200,14.71847,4.5051,2,3.307
search,1,12,200,14.02212,4.5053,2,3.263
search,1,13,200,14.39299,4.4848,2,3.15
search,1,14,200,12.95371,4.1647,2,2.974
search,1,15,200,14.14918,4.69,2,3.515
search,1,16,200,13.69337,4.3038,2,3.132
search,1,17,200,14.0071,4.2678,2,3.125
search,1,18,200,13.18339,4.1842,2,3.035
search,1,19,200,14.45011,4.207,2,3.1
search,0,0,200,14.27917,4.2877,2,3.17
search,0,1,200,15.38395,4.2423,2,3.142
search,0,2,200,15.8147,4.4827,2,3.269
search,0,3,200,13.69774,4.1105,2,3.001
search,0,4,200,14.27856,4.1512,2,3.003
search,0,5,200,13.79634,4.3602,2,3.265
search,0,6,200,13.70505,4.1501,2,2.989
search,0,7,200,13.14145,4.2585,2,3.141
search,0,8,200,13.70221,4.541,2,3.46
search,0,9,200,13.5009,4.2274,2,3.04
search,0,10,200,16.35851,4.801,2,3.707
search,0,11,200,13.82986,4.2253,2,3.036
search,0,12,200,13.57721,4.2882,2,3.18
search,0,13,200,14.53971,4.1855,2,3.061
search,0,14,200,14.12801,4.5884,2,3.381
search,0,15,200,13.04534,4.1345,2,3.023
search,0,16,200,15.38373,4.4299,2,3.272
search,0,17,200,13.35589,4.1269,2,2.995
search,0,18,200,14.12627,4.8937,2,3.79
search,0,19,200,12.90788,4.1399,2,3.058
search,0,20,200,14.37736,4.4296,2,3.234
search,0,21,200,13.8096,4.648,2,3.441
search,0,22,200,14.9377,4.7041,2,3.551
search,0,23,200,13.54325,4.2485,2,3.1
search,0,24,200,13.52708,4.9465,2,3.688
search,0,25,200,15.54916,4.8917,2,3.603
search,0,26,200,13.8347,4.1575,2,3.053
search,0,27,200,14.12124,4.5866,2,3.343
search,0,28,200,13.97511,4.3725,2,3.237
search,0,29,200,17.17777,4.3765,2,3.077
search,0,30,200,16.17215,4.9583,2,3.776
search,0,31,200,14.49392,4.6264,2,3.353
search,0,32,200,13.92762,4.6334,2,3.463
search,0,33,200,14.01352,4.7116,2,3.583
search,0,34,200,14.41147,4.4594,2,3.32
search,0,35,200,13.62377,4.3676,2,3.17
search,0,36,200,13.83247,4.3243,2,3.15
search,0,37,200,15.31766,5.8854,2,4.729
search,0,38,200,13.91305,4.4462,2,3.317
search,0,39,200,13.58465,4.2759,2,3.118
search,0,40,200,14.09513,4.6611,2,3.543
search,0,41,200,14.71686,4.5349,2,3.422
search,0,42,200,13.75501,4.1406,2,3.007
search,0,43,200,13.37328,4.613,2,3.426
search,0,44,200,14.11055,4.4953,2,3.305
search,0,45,200,13.94989,4.238,2,3.081
search,0,46,200,95.99049,5.3637,2,3.615
search,0,47,200,14.84618,4.5768,2,3.39
search,0,48,200,13.58795,4.1515,2,3.058
search,0,49,200,12.29816,4.1721,2,3.081
search,0,50,200,13.13795,4.4933,2,3.361
search,0,51,200,12.96637,4.8943,2,3.746
search,0,52,200,13.93223,4.6901,2,3.579
search,0,53,200,15.12668,5.0497,2,3.826
search,0,54,200,13.22134,4.2739,2,3.16
search,0,55,200,12.73479,4.0911,2,2.983
search,0,56,200,12.51937,4.1411,2,2.999
search,0,57,200,12.36088,4.2772,2,3.158
search,0,58,200,12.36241,4.1858,2,3.091
search,0,59,200,13.39292,4.4279,2,3.313
search,0,60,200,13.56708,4.83,2,3.703
search,0,61,200,14.83085,5.2003,2,3.818
search,0,62,200,13.48176,4.4133,2,3.163
search,0,63,200,13.28917,4.346,2,3.235
search,0,64,200,13.32243,4.4413,2,3.302
search,0,65,200,13.36596,4.453,2,3.324
search,0,66,200,12.99214,4.4122,2,3.314
search,0,67,200,12.5401,4.187,2,3.043
search,0,68,200,12.61462,4.3516,2,3.235
search,0,69,200,13.37126,4.6832,2,3.524
search,0,70,200,13.22273,4.6393,2,3.269
search,0,71,200,13.74135,4.9898,2,3.811
search,0,72,200,13.55837,4.9189,2,3.783
search,0,73,200,14.01969,4.5977,2,3.474
search,0,74,200,13.08786,4.2686,2,3.117
search,0,75,200,14.90773,4.2057,2,3.076
search,0,76,200,12.95105,4.251,2,3.038
search,0,77,200,13.49089,4.1138,2,2.995
search,0,78,200,13.36207,4.5728,2,3.236
search,0,79,200,13.68509,4.5484,2,3.343
search,0,80,200,12.51915,4.1382,2,3.055
search,0,81,200,12.54487,4.0745,2,2.961
search,0,82,200,12.21167,4.0723,2,3.014
search,0,83,200,12.51597,4.53,2,3.449
search,0,84,200,12.25488,4.087,2,2.979
search,0,85,200,12.93315,4.6484,2,3.49
search,0,86,200,12.88784,4.6196,2,3.425
search,0,87,200,12.64623,4.2647,2,3.166
search,0,88,200,15.43361,5.1402,2,3.902
search,0,89,200,13.5614,4.2836,2,3.051
search,0,90,200,13.56894,4.3759,2,3.197
search,0,91,200,13.246,4.2135,2,3.076
search,0,92,200,13.80768,4.3573,2,3.182
search,0,93,200,13.90143,4.405,2,3.247
search,0,94,200,13.8618,4.367,2,3.225
search,0,95,200,62.6337,4.482,2,3.103
search,0,96,200,14.35385,4.4201,2,3.251
search,0,97,200,12.52996,4.1096,2,3.038
search,0,98,200,13.66942,4.1862,2,3.079
search,0,99,200,12.90905,4.077,2,2.931
search,0,100,200,12.15485,4.0792,2,2.997
search,0,101,200,12.4744,4.252,2,3.039
search,0,102,200,12.68121,4.312,2,3.221
search,0,103,200,12.34965,4.0982,2,3.021
search,0,104,200,13.66617,4.1308,2,3.014
search,0,105,200,13.32828,4.4677,2,3.346
search,0,106,200,12.48517,4.1345,2,3.03
search,0,107,200,12.58037,4.1218,2,3.021
search,0,108,200,12.5796,4.21,2,3.098
search,0,109,200,12.50284,4.1911,2,3.026
search,0,110,200,12.38886,4.1518,2,3.054
search,0,111,200,12.39168,4.1274,2,3.029
search,0,112,200,14.63957,4.2172,2,3.065
search,0,113,200,16.15951,6.8894,2,5.796
search,0,114,200,13.46121,4.1841,2,3.004
search,0,115,200,13.13795,4.0743,2,3.021
search,0,116,200,12.6248,4.1269,2,2.984
search,0,117,200,12.70516,4.093,2,3.026
search,0,118,200,12.49815,3.9968,2,2.946
search,0,119,200,12.45354,4.0979,2,2.987
search,0,120,200,12.31496,4.0667,2,2.999
search,0,121,200,12.71589,4.3559,2,3.118
search,0,122,200,12.38992,4.0701,2,2.964
search,0,123,200,12.37895,4.1895,2,3.15
search,0,124,200,12.52958,4.2109,2,3.152
search,0,125,200,13.6712,4.4269,2,3.348
search,0,126,200,12.57309,4.0382,2,3.002
search,0,127,200,16.34564,7.2232,2,3.014
search,0,128,200,12.53463,4.3613,2,3.172
search,0,129,200,12.87067,4.2939,2,3.193
search,0,130,200,13.03512,4.6535,2,3.394
search,0,131,200,13.18173,4.3513,2,3.208
search,0,132,200,14.96268,6.4858,2,3.312
search,0,133,200,14.46858,4.6147,2,3.443
search,0,134,200,12.48441,4.2426,2,3.112
search,0,135,200,12.29925,4.1735,2,3.042
search,0,136,200,12.56181,4.2622,2,3.137
search,0,137,200,12.89864,4.3759,2,3.24
search,0,138,200,14.79512,5.502,2,4.161
search,0,139,200,14.7279,4.3555,2,3.305
search,0,140,200,17.39254,4.5863,2,3.394
search,0,141,200,12.59269,4.241,2,3.149
search,0,142,200,12.76294,4.2568,2,3.159
search,0,143,200,13.13351,4.377,2,3.164
search,0,144,200,64.90949,5.8799,2,4.505
search,0,145,200,13.94572,4.2972,2,3.203
search,0,146,200,13.01379,4.2642,2,3.243
search,0,147,200,12.7798,4.1222,2,3.059
search,0,148,200,12.45855,4.0784,2,3.026
search,0,149,200,12.37674,3.9941,2,2.952
search,0,150,200,13.01909,4.0763,2,3.06
search,0,151,200,12.40835,4.0949,2,3.046
search,0,152,200,13.1264,4.109,2,3.014
search,0,153,200,12.43124,4.0356,2,2.944
search,0,154,200,12.47343,4.2298,2,3.2
search,0,155,200,12.84567,4.1102,2,3.083
search,0,156,200,12.63874,4.0523,2,3.013
search,0,157,200,12.76808,4.0589,2,3.001
search,0,158,200,12.22783,3.9937,2,2.955
search,0,159,200,13.02309,4.1047,2,2.948
search,0,160,200,12.52964,4.3334,2,3.101
search,0,161,200,12.77338,4.1037,2,3.062
search,0,162,200,12.00726,4.1092,2,3.066
search,0,163,200,12.77946,3.9717,2,2.923
search,0,164,200,12.97405,4.4779,2,3.308
search,0,165,200,12.56083,3.9962,2,2.97
search,0,166,200,12.53827,4.3392,2,3.291
search,0,167,200,12.90289,4.1254,2,3.081
search,0,168,200,12.46774,4.1328,2,3.105
search,0,169,200,13.12385,4.2129,2,3.068
search,0,170,200,13.29861,4.3163,2,3.233
search,0,171,200,13.16698,4.2452,2,3.135
search,0,172,200,13.71507,4.4167,2,3.347
search,0,173,200,12.81844,4.1446,2,3.061
search,0,174,200,12.49827,4.0635,2,3.003
search,0,175,200,13.27932,4.0099,2,2.956
search,0,176,200,12.42774,4.0842,2,2.989
search,0,177,200,12.75701,4.1137,2,3.065
search,0,178,200,12.9121,4.1333,2,3.08
search,0,179,200,13.14603,4.0832,2,3.033
search,0,180,200,12.58968,4.3616,2,3.352
search,0,181,200,12.30474,4.0402,2,2.963
search,0,182,200,16.88385,4.9529,2,3.645
search,0,183,200,13.53217,4.4172,2,3.272
search,0,184,200,12.80789,4.3113,2,3.15
search,0,185,200,15.29396,6.3023,2,5.199
search,0,186,200,24.63045,8.8817,2,6.905
search,0,187,200,14.01198,4.3437,2,3.235
search,0,188,200,13.57971,4.6441,2,3.388
search,0,189,200,13.62915,4.662,2,3.254
search,0,190,200,13.29383,4.5592,2,3.263
search,0,191,200,12.71887,4.245,2,3.091
search,0,192,200,12.57003,4.2511,2,3.143
search,0,193,200,62.89929,4.5174,2,3.272
search,0,194,200,15.75266,5.0369,2,3.818
search,0,195,200,12.89321,4.2074,2,3.114
search,0,196,200,12.7559,4.3101,2,3.138
search,0,197,200,12.75299,4.3701,2,3.259
search,0,198,200,13.19237,4.6869,2,3.28
search,0,199,200,15.15144,4.827,2,3.608
search,0,200,200,13.06173,4.4068,2,3.234
search,0,201,200,13.42445,4.5852,2,3.195
search,0,202,200,12.46723,4.2334,2,3.102
search,0,203,200,13.75284,4.9731,2,3.552
search,0,204,200,13.77902,4.4935,2,3.34
search,0,205,200,13.56127,4.7562,2,3.644
search,0,206,200,13.56553,4.3719,2,3.215
search,0,207,200,12.63953,4.3119,2,3.125
search,0,208,200,13.54557,4.2957,2,3.17
search,0,209,200,13.39631,4.3737,2,3.254
search,0,210,200,13.05888,4.3826,2,3.22
search,0,211,200,14.20321,4.3705,2,3.179
search,0,212,200,13.24836,4.1896,2,3.044
search,0,213,200,12.73725,4.2394,2,3.071
search,0,214,200,13.93739,4.3332,2,3.026
search,0,215,200,12.55372,4.1531,2,3.114
search,0,216,200,13.16888,4.3064,2,3.195
search,0,217,200,13.36114,4.0411,2,3.005
search,0,218,200,13.45014,4.8477,2,3.459
search,0,219,200,13.43461,4.2198,2,3.045
search,0,220,200,12.47338,4.1495,2,3.005
search,0,221,200,12.38942,4.025,2,2.991
search,0,222,200,12.52203,4.1568,2,3.118
search,0,223,200,14.52008,4.9926,2,3.166
search,0,224,200,12.73212,4.1572,2,3.026
search,0,225,200,12.56298,4.1011,2,3.022
search,0,226,200,22.59384,4.5296,2,3.197
search,0,227,200,13.17463,4.3052,2,3.205
search,0,228,200,12.6755,4.1858,2,2.983
search,0,229,200,12.54734,4.3116,2,3.19
search,0,230,200,12.69152,4.1787,2,3.065
search,0,231,200,13.3074,4.6825,2,3.536
search,0,232,200,12.2018,4.1143,2,3.04
search,0,233,200,12.99784,4.149,2,3.014
search,0,234,200,12.60674,4.2101,2,3.061
search,0,235,200,12.75004,4.3424,2,3.006
search,0,236,200,12.33175,4.2299,2,3.14
search,0,237,200,14.05346,4.4891,2,3.386
search,0,238,200,12.85626,4.3032,2,3.002
search,0,239,200,13.42128,4.1843,2,3.133
search,0,240,200,16.05439,7.6587,2,3.461
search,0,241,200,14.17402,4.6584,2,3.501
search,0,242,200,62.21817,4.5669,2,3.298
search,0,243,200,14.74039,4.5525,2,3.359
search,0,244,200,12.99408,4.3213,2,3.156
search,0,245,200,13.66723,4.5222,2,3.356
search,0,246,200,14.44933,4.6264,2,3.452
search,0,247,200,13.98607,4.6451,2,3.401
search,0,248,200,13.86129,4.5795,2,3.413
search,0,249,200,14.22714,4.7617,2,3.442
search,0,250,200,14.40386,4.9227,2,3.76
search,0,251,200,15.82901,6.5581,2,4.068
search,0,252,200,14.13321,5.0322,2,3.867
search,0,253,200,14.50495,4.8247,2,3.682
search,0,254,200,14.03456,4.7269,2,3.614
search,0,255,200,14.94126,4.9998,2,3.742
search,0,256,200,15.65773,4.5849,2,3.4
search,0,257,200,14.26709,4.8804,2,3.67
search,0,258,200,13.62123,4.6132,2,3.39
search,0,259,200,14.4379,4.8259,2,3.63
search,0,260,200,13.77149,4.5743,2,3.356
search,0,261,200,14.82129,4.9423,2,3.74
search,0,262,200,13.86879,4.4973,2,3.39
search,0,263,200,13.67119,4.3555,2,3.248
search,0,264,200,13.04897,4.4112,2,3.307
search,0,265,200,14.04901,4.9837,2,3.855
search,0,266,200,14.28832,4.643,2,3.477
search,0,267,200,15.02673,5.0668,2,3.776
search,0,268,200,13.78537,4.3988,2,3.279
search,0,269,200,15.33003,5.1505,2,3.832
search,0,270,200,14.41728,4.4433,2,3.203
search,0,271,200,13.93007,4.9706,2,3.808
search,0,272,200,14.12921,4.6191,2,3.331
search,0,273,200,13.09991,4.2366,2,3.096
search,0,274,200,12.993,4.2719,2,3.148
search,0,275,200,14.04624,4.7637,2,3.285
search,0,276,200,14.67129,4.5513,2,3.33
search,0,277,200,13.3384,4.3335,2,3.175
search,0,278,200,12.72773,4.3076,2,3.179
search,0,279,200,14.73373,5.1932,2,3.978
search,0,280,200,14.97404,4.6914,2,3.409
search,0,281,200,16.45266,5.5365,2,4.153
search,0,282,200,14.40161,4.624,2,3.308
search,0,283,200,14.85723,5.0383,2,3.679
search,0,284,200,13.52746,4.3794,2,3.171
search,0,285,200,15.55228,5.2339,2,3.847
search,0,286,200,13.31066,4.3705,2,3.138
search,0,287,200,15.65475,5.0971,2,3.747
search,0,288,200,13.66944,4.2671,2,3.163
search,0,289,200,12.83818,4.2315,2,3.158
search,0,290,200,13.71335,4.8318,2,3.71
search,0,291,200,66.12908,4.4146,2,3.297
search,0,292,200,14.36225,4.5323,2,3.4
search,0,293,200,13.60295,4.9213,2,3.567
search,0,294,200,12.8861,4.5997,2,3.133
search,0,295,200,13.77196,4.4242,2,3.208
search,0,296,200,12.70559,4.3062,2,3.138
search,0,297,200,14.05797,4.3552,2,3.186
search,0,298,200,14.03236,4.8386,2,3.65
search,0,299,200,13.26927,4.5111,2,3.166
search,0,300,200,13.66972,4.7622,2,3.611
search,0,301,200,12.54527,4.1234,2,3.082
search,0,302,200,13.60474,4.7043,2,3.529
search,0,303,200,12.80465,4.2523,2,3.071
search,0,304,200,13.75273,4.901,2,3.555
search,0,305,200,13.70869,4.6079,2,3.519
search,0,306,200,14.12509,5.0808,2,3.552
search,0,307,200,13.1381,4.2982,2,3.244
search,0,308,200,15.17681,5.7255,2,4.226
search,0,309,200,14.65434,4.6157,2,3.388
search,0,310,200,13.12728,4.2988,2,3.068
search,0,311,200,12.79533,4.1112,2,3.075
search,0,312,200,13.01534,4.2794,2,3.154
search,0,313,200,13.35041,4.402,2,3.124
search,0,314,200,14.15045,5.083,2,3.952
search,0,315,200,14.08195,4.2842,2,3.228
search,0,316,200,14.00475,5.0234,2,3.863
search,0,317,200,16.62246,7.4054,2,6.332
search,0,318,200,13.51451,4.7848,2,3.293
search,0,319,200,13.80453,4.6033,2,3.254
search,0,320,200,12.91009,4.2936,2,3.236
search,0,321,200,12.70295,4.2713,2,3.19
search,0,322,200,12.44199,4.2832,2,3.156
search,0,323,200,16.9412,5.4684,2,3.979
search,0,324,200,16.15549,4.2464,2,3.19
search,0,325,200,13.85875,4.4249,2,3.203
search,0,326,200,12.88399,4.417,2,3.319
search,0,327,200,13.2449,4.1481,2,3.09
search,0,328,200,14.29293,4.7718,2,3.528
search,0,329,200,13.086,4.1818,2,3.141
search,0,330,200,12.6196,4.2238,2,3.173
search,0,331,200,12.70243,4.1977,2,3.076
search,0,332,200,12.63907,4.2472,2,3.151
search,0,333,200,13.5616,4.31,2,3.111
search,0,334,200,14.03018,4.4136,2,3.2
search,0,335,200,15.86221,4.5613,2,3.378
search,0,336,200,19.29179,5.5593,2,4.092
search,0,337,200,16.07816,4.5934,2,3.222
search,0,338,200,14.11872,4.6305,2,3.455
search,0,339,200,13.9111,4.3057,2,3.207
search,0,340,200,68.01272,5.3628,2,4.136
search,0,341,200,15.4787,4.6038,2,3.357
search,0,342,200,14.28854,4.9017,2,3.62
search,0,343,200,13.69024,4.279,2,3.141
search,0,344,200,14.67802,4.7116,2,3.512
search,0,345,200,13.19434,4.3888,2,3.271
search,0,346,200,13.07298,4.1287,2,3.007
search,0,347,200,12.4426,4.1097,2,2.984
search,0,348,200,13.9514,4.4838,2,3.082
search,0,349,200,13.93746,5.5485,2,4.398
search,0,350,200,16.38225,4.8863,2,3.666
search,0,351,200,14.56528,4.5442,2,3.431
search,0,352,200,14.58931,4.905,2,3.77
search,0,353,200,12.63443,4.1743,2,3.093
search,0,354,200,14.16933,4.2398,2,3.06
search,0,355,200,12.68099,4.2161,2,3.101
search,0,356,200,12.90551,4.1105,2,3.023
search,0,357,200,12.63297,4.2471,2,3.176
search,0,358,200,13.27831,4.57,2,3.292
search,0,359,200,13.56258,4.0873,2,3.009
search,0,360,200,13.70452,4.6567,2,3.492
search,0,361,200,13.03357,4.238,2,3.077
search,0,362,200,12.99753,4.6015,2,3.425
search,0,363,200,12.94106,4.1593,2,3.066
search,0,364,200,12.90168,4.578,2,3.417
search,0,365,200,14.51855,4.6796,2,3.492
search,0,366,200,13.90855,4.7687,2,3.551
search,0,367,200,13.69226,4.2268,2,3.094
search,0,368,200,14.43172,4.8756,2,3.673
search,0,369,200,12.95012,4.2529,2,3.143
search,0,370,200,13.69743,4.7244,2,3.571
search,0,371,200,12.86882,4.2564,2,3.114
search,0,372,200,13.72033,4.8826,2,3.689
search,0,373,200,13.39734,4.3471,2,3.22
search,0,374,200,13.48442,4.6619,2,3.558
search,0,375,200,13.4331,4.2415,2,3.162
search,0,376,200,14.04045,4.9528,2,3.744
search,0,377,200,13.34089,4.4769,2,3.395
search,0,378,200,13.9591,4.824,2,3.627
search,0,379,200,13.1743,4.3255,2,3.198
search,0,380,200,14.56132,5.1915,2,3.718
search,0,381,200,13.51716,4.3414,2,3.191
search,0,382,200,13.04662,4.371,2,3.295
search,0,383,200,13.27172,4.1697,2,3.114
search,0,384,200,12.86429,4.2864,2,3.231
search,0,385,200,14.12078,4.2565,2,3.086
search,0,386,200,16.86564,4.4427,2,3.284
search,0,387,200,13.30872,4.4508,2,3.216
search,0,388,200,12.60256,4.2397,2,3.144
search,0,389,200,67.84046,4.1635,2,3.022
search,0,390,200,16.37277,5.3219,2,3.419
search,0,391,200,12.75898,4.0995,2,3.005
search,0,392,200,13.35047,4.4842,2,3.37
search,0,393,200,14.39612,4.3019,2,3.109
search,0,394,200,15.42913,6.0243,2,4.639
search,0,395,200,13.28903,4.306,2,3.061
search,0,396,200,12.69029,4.199,2,3.025
search,0,397,200,14.31222,4.8131,2,3.702
search,0,398,200,13.51907,4.5158,2,3.446
search,0,399,200,12.71723,4.0737,2,3.031
search,0,400,200,15.50104,4.4259,2,3.386
search,0,401,200,13.12257,4.3418,2,3.247
search,0,402,200,13.80696,4.6082,2,3.437
search,0,403,200,13.33681,4.3189,2,3.182
search,0,404,200,13.35974,4.2989,2,3.253
search,0,405,200,14.16152,4.4911,2,3.11
search,0,406,200,14.73414,4.4747,2,3.321
search,0,407,200,13.88646,4.2986,2,3.14
search,0,408,200,12.98803,4.2517,2,3.15
search,0,409,200,12.98272,4.3957,2,3.242
search,0,410,200,13.42421,4.4224,2,3.269
search,0,411,200,12.93611,4.2927,2,3.095
search,0,412,200,13.22656,4.3405,2,3.196
search,0,413,200,13.89877,4.2121,2,3.061
search,0,414,200,14.26798,5.2075,2,3.862
search,0,415,200,13.30283,4.3314,2,3.016
search,0,416,200,13.6201,4.9445,2,3.825
search,0,417,200,13.56729,4.316,2,3.19
search,0,418,200,13.58166,4.2992,2,3.181
search,0,419,200,13.34863,4.3557,2,3.209
search,0,420,200,13.83554,4.5093,2,3.256
search,0,421,200,13.04918,4.4064,2,3.305
search,0,422,200,13.05701,4.2684,2,3.111
search,0,423,200,12.76277,4.2936,2,3.149
search,0,424,200,14.77411,4.4034,2,3.213
search,0,425,200,12.51089,4.0948,2,2.974
search,0,426,200,12.52894,4.176,2,3.069
search,0,427,200,12.69658,4.2491,2,3.135
search,0,428,200,12.35343,4.2177,2,3.135
search,0,429,200,12.57122,4.2095,2,3.013
search,0,430,200,13.41635,4.5007,2,3.36
search,0,431,200,12.24336,4.2537,2,3.121
search,0,432,200,12.4943,4.2125,2,3.022
search,0,433,200,12.13861,4.0248,2,2.949
search,0,434,200,12.92736,4.4616,2,3.346
search,0,435,200,12.86146,4.1891,2,3.075
search,0,436,200,12.8552,4.1488,2,3.038
search,0,437,200,13.05992,4.4147,2,3.303
search,0,438,200,69.50402,4.2079,2,3.108
search,0,439,200,14.28317,4.3152,2,3.147
search,0,440,200,13.30674,4.3749,2,3.253
search,0,441,200,12.9883,4.1082,2,3.012
search,0,442,200,12.77231,4.0646,2,2.99
search,0,443,200,12.90544,4.1729,2,3.091
search,0,444,200,13.39765,4.1301,2,3.038
search,0,445,200,13.0591,4.0225,2,2.979
search,0,446,200,13.93957,4.2979,2,3.099
search,0,447,200,12.48644,4.121,2,3.038
search,0,448,200,13.58838,4.2659,2,3.159
search,0,449,200,13.46663,4.2672,2,3.117
search,0,450,200,12.97911,4.2222,2,3.117
search,0,451,200,12.8983,4.4028,2,3.248
search,0,452,200,13.09864,4.2754,2,3.152
search,0,453,200,12.8974,4.1159,2,3.025
search,0,454,200,17.5224,8.1785,2,7.072
search,0,455,200,14.40388,4.3741,2,3.212
search,0,456,200,13.73305,4.1719,2,3.045
search,0,457,200,12.85896,4.1269,2,3.025
search,0,458,200,14.26321,4.5503,2,3.385
search,0,459,200,13.3153,4.1476,2,2.991
search,0,460,200,13.3804,4.3811,2,3.241
search,0,461,200,13.51269,4.212,2,3.072
search,0,462,200,14.12576,4.7971,2,3.672
search,0,463,200,13.8555,4.2814,2,3.12
search,0,464,200,13.16999,4.3373,2,3.115
search,0,465,200,13.16508,4.1397,2,3.017
search,0,466,200,12.57696,4.1966,2,3.056
search,0,467,200,12.86278,4.2354,2,3.065
search,0,468,200,12.73772,4.2431,2,3.136
search,0,469,200,13.13711,4.1339,2,3.03
search,0,470,200,13.83905,4.3466,2,3.175
search,0,471,200,13.8892,4.249,2,3.117
search,0,472,200,13.2832,4.2635,2,3.115
search,0,473,200,13.49853,4.2396,2,3.119
search,0,474,200,13.17106,4.4972,2,3.354
search,0,475,200,13.33352,4.2016,2,3.061
search,0,476,200,12.738,4.097,2,2.981
search,0,477,200,13.53252,4.4495,2,3.149
search,0,478,200,13.3009,4.4259,2,3.116
search,0,479,200,13.16023,4.1566,2,3.008
search,0,480,200,13.53443,4.2847,2,3.161
search,0,481,200,13.07574,4.2117,2,3.079
search,0,482,200,13.9678,4.4505,2,3.338
search,0,483,200,13.70635,4.3022,2,3.152
search,0,484,200,13.2376,4.1082,2,2.973
search,0,485,200,13.95198,4.4532,2,3.262
search,0,486,200,12.64304,4.1698,2,3.077
search,0,487,200,68.83122,4.3085,2,3.18
search,0,488,200,15.23513,4.5469,2,3.324
search,0,489,200,14.1127,4.6267,2,3.509
search,0,490,200,13.43826,4.2924,2,3.061
search,0,491,200,13.87014,4.6613,2,3.511
search,0,492,200,12.63323,4.1073,2,3.016
search,0,493,200,14.48635,4.6962,2,3.59
search,0,494,200,13.6158,4.1885,2,3.063
search,0,495,200,17.08634,4.3639,2,3.184
search,0,496,200,14.15556,4.7495,2,3.675
search,0,497,200,13.0413,4.4406,2,3.277
search,0,498,200,13.76137,4.6719,2,3.594
search,0,499,200,12.85504,4.2249,2,3.159
search,0,500,200,13.46127,4.5079,2,3.32
search,0,501,200,13.41671,4.2276,2,3.113
search,0,502,200,14.58196,5.5009,2,3.17
search,0,503,200,13.92165,4.2562,2,3.199
search,0,504,200,15.86498,6.7846,2,5.635
search,0,505,200,15.97769,4.1577,2,3.109
search,0,506,200,14.85344,4.7172,2,3.619
search,0,507,200,13.25901,4.2043,2,3.074
search,0,508,200,14.58856,4.1239,2,3.1
search,0,509,200,13.09149,4.1582,2,3.087
search,0,510,200,12.64399,4.0924,2,3.053
search,0,511,200,13.16027,4.3079,2,3.198
search,0,512,200,13.82179,4.2826,2,3.116
search,0,513,200,14.26904,4.4328,2,3.115
search,0,514,200,15.14213,4.513,2,3.247
search,0,515,200,14.60391,4.8901,2,3.774
search,0,516,200,14.37794,4.7064,2,3.312
search,0,517,200,13.3815,4.3181,2,3.058
search,0,518,200,13.43916,4.3551,2,3.206
search,0,519,200,13.94954,4.3056,2,3.173
search,0,520,200,13.24926,4.5308,2,3.47
search,0,521,200,13.42786,4.4273,2,3.325
search,0,522,200,13.20578,4.1487,2,3.067
search,0,523,200,12.79849,4.1706,2,3.102
search,0,524,200,13.99063,4.8803,2,3.727
search,0,525,200,17.60699,4.6484,2,3.464
search,0,526,200,13.85771,4.4513,2,3.369
search,0,527,200,13.22623,4.2354,2,3.094
search,0,528,200,13.82392,4.488,2,3.42
search,0,529,200,12.8654,4.1519,2,3.091
search,0,530,200,16.0332,6.7711,2,5.642
search,0,531,200,16.07634,4.6755,2,3.59
search,0,532,200,14.91815,4.9007,2,3.803
search,0,533,200,14.36705,4.3591,2,3.264
search,0,534,200,13.05006,4.1683,2,3.106
search,0,535,200,17.26378,4.4311,2,3.217
search,0,536,200,71.23852,4.5252,2,3.376
search,0,537,200,15.32964,4.2527,2,3.168
search,0,538,200,15.32979,4.6378,2,3.539
search,0,539,200,13.48872,4.2187,2,3.099
search,0,540,200,17.25146,6.7683,2,5.485
search,0,541,200,13.98401,4.4019,2,3.119
search,0,542,200,15.08515,5.1384,2,4.039
search,0,543,200,14.86111,4.2704,2,3.091
search,0,544,200,15.13783,5.2592,2,3.886
search,0,545,200,13.5361,4.3096,2,3.151
search,0,546,200,15.19794,5.5957,2,4.367
search,0,547,200,14.90243,4.5325,2,3.248
search,0,548,200,18.04746,4.7075,2,3.522
search,0,549,200,18.48802,5.0171,2,3.806
search,0,550,200,15.35823,4.8465,2,3.632
search,0,551,200,15.50138,4.5219,2,3.291
search,0,552,200,17.70928,5.2589,2,3.949
search,0,553,200,14.48187,4.3642,2,3.215
search,0,554,200,14.2044,4.7875,2,3.585
search,0,555,200,15.03593,4.7523,2,3.577
search,0,556,200,13.96082,4.6931,2,3.468
search,0,557,200,13.95668,4.1212,2,3.035
search,0,558,200,12.93912,4.1028,2,2.996
search,0,559,200,13.04044,4.1542,2,3.058
search,0,560,200,14.42204,4.6393,2,3.488
search,0,561,200,12.96807,4.1185,2,3.044
search,0,562,200,13.82399,4.4854,2,3.417
search,0,563,200,12.92716,4.2253,2,3.106
search,0,564,200,15.76428,6.7282,2,5.56
search,0,565,200,14.08414,4.3648,2,3.223
search,0,566,200,13.58809,4.6104,2,3.476
search,0,567,200,13.85474,4.6636,2,3.435
search,0,568,200,13.73449,4.7948,2,3.62
search,0,569,200,14.19673,4.6941,2,3.55
search,0,570,200,13.07571,4.425,2,3.163
search,0,571,200,13.37029,4.2205,2,3.061
search,0,572,200,14.08687,4.6487,2,3.473
search,0,573,200,14.33779,4.8665,2,3.097
search,0,574,200,14.94557,4.3652,2,3.223
search,0,575,200,12.99137,4.1763,2,3.076
search,0,576,200,15.25221,4.6098,2,3.261
search,0,577,200,13.5907,4.3199,2,3.214
search,0,578,200,14.09222,4.3092,2,3.169
search,0,579,200,15.51897,5.4673,2,4.031
search,0,580,200,14.09451,4.4359,2,3.336
search,0,581,200,19.28565,6.0267,2,4.926
search,0,582,200,16.40106,4.863,2,3.761
search,0,583,200,19.51379,5.7544,2,4.675
search,0,584,200,15.05041,4.5052,2,3.438
search,0,585,200,79.08809,7.9428,2,6.581
search,0,586,200,17.18643,5.128,2,3.612
search,0,587,200,17.07169,5.8819,2,4.603
search,0,588,200,15.33606,4.6044,2,3.417
search,0,589,200,17.636,5.3467,2,4.114
search,0,590,200,16.43538,5.4145,2,3.328
search,0,591,200,15.3848,4.7231,2,3.491
search,0,592,200,16.18307,4.6845,2,3.155
search,0,593,200,15.68821,5.7091,2,4.268
search,0,594,200,20.62873,5.2388,2,3.671
search,0,595,200,15.72237,5.0027,2,3.787
search,0,596,200,17.92935,6.3767,2,5.224
search,0,597,200,15.2991,5.1638,2,3.702
search,0,598,200,15.20367,5.1433,2,3.289
search,0,599,200,15.67699,4.8301,2,3.482
search,0,600,200,15.4062,4.6217,2,3.49
search,0,601,200,14.05387,4.4203,2,3.262
search,0,602,200,15.78174,5.2201,2,4.045
search,0,603,200,16.69,4.4626,2,3.236
search,0,604,200,14.75724,4.2594,2,3.126
search,0,605,200,18.57154,7.4467,2,4.424
search,0,606,200,18.36131,4.5904,2,3.441
search,0,607,200,15.23649,5.7838,2,4.675
search,0,608,200,15.83978,6.3445,2,5.248
search,0,609,200,15.12043,4.4131,2,3.309
search,0,610,200,15.25536,4.8554,2,3.647
search,0,611,200,15.02326,4.1989,2,3.096
search,0,612,200,20.08481,4.6558,2,3.393
search,0,613,200,14.88538,5.2439,2,3.843
search,0,614,200,21.77505,6.5536,2,5.276
search,0,615,200,27.82358,5.6398,2,4.2
search,0,616,200,18.40187,5.0705,2,3.912
search,0,617,200,13.53692,4.6864,2,3.525
search,0,618,200,13.56678,4.3793,2,3.26
search,0,619,200,14.21982,4.3875,2,3.062
search,0,620,200,13.62683,4.3583,2,3.172
search,0,621,200,15.46764,4.8367,2,3.623
search,0,622,200,13.36884,4.2741,2,3.115
search,0,623,200,15.06804,4.858,2,3.661
search,0,624,200,20.62635,6.1713,2,5.033
search,0,625,200,19.05664,4.9241,2,3.728
search,0,626,200,17.49079,6.784,2,5.565
search,0,627,200,17.73901,4.5294,2,3.299
search,0,628,200,21.93466,5.2421,2,3.646
search,0,629,200,16.29207,4.6332,2,3.513
search,0,630,200,14.78237,4.9893,2,3.861
search,0,631,200,15.65021,4.8994,2,3.52
search,0,632,200,17.43095,4.5058,2,3.355
search,0,633,200,18.28785,7.0164,2,5.809
search,0,634,200,87.0387,8.0841,2,6.902
search,0,635,200,18.01637,4.8592,2,3.69
search,0,636,200,16.09565,5.7535,2,4.076
search,0,637,200,16.48291,4.8487,2,3.602
search,0,638,200,17.95301,4.5489,2,3.346
search,0,639,200,14.5589,4.3607,2,3.215
search,0,640,200,15.27287,4.7916,2,3.36
search,0,641,200,15.25168,4.6897,2,3.457
search,0,642,200,14.78852,4.4306,2,3.207
search,0,643,200,14.61275,4.3942,2,3.2
search,0,644,200,21.0196,7.2013,2,5.886
search,0,645,200,19.45031,7.1262,2,4.414
search,0,646,200,18.02094,5.0485,2,3.891
search,0,647,200,15.14503,4.6207,2,3.528
search,0,648,200,16.35858,5.0877,2,3.755
search,0,649,200,19.62144,8.4391,2,6.956
search,0,650,200,17.05128,5.7617,2,4.441
search,0,651,200,16.6667,5.2923,2,3.865
search,0,652,200,17.49797,4.8805,2,3.224
search,0,653,200,15.14175,4.3591,2,3.16
search,0,654,200,15.64101,4.9925,2,3.829
search,0,655,200,17.69195,4.6664,2,3.507
search,0,656,200,18.34832,4.8531,2,3.652
search,0,657,200,15.38019,4.5467,2,3.373
search,0,658,200,16.52429,5.5514,2,4.395
search,0,659,200,14.72602,4.6632,2,3.56
search,0,660,200,15.84845,4.6428,2,3.34
search,0,661,200,15.48486,4.7144,2,3.553
search,0,662,200,15.2217,4.5865,2,3.426
search,0,663,200,18.04819,5.3841,2,4.143
search,0,664,200,15.64181,4.6224,2,3.281
search,0,665,200,18.30527,5.692,2,4.163
search,0,666,200,18.3423,4.435,2,3.295
search,0,667,200,19.26426,5.2157,2,3.593
search,0,668,200,15.31015,4.8375,2,3.474
search,0,669,200,13.5818,4.3231,2,3.211
search,0,670,200,14.17544,4.6491,2,3.131
search,0,671,200,13.62063,4.3247,2,3.193
search,0,672,200,13.42613,4.2733,2,3.102
search,0,673,200,13.83739,4.6642,2,3.276
search,0,674,200,13.90586,4.2959,2,3.191
search,0,675,200,14.80548,5.0487,2,3.624
search,0,676,200,14.03845,4.4569,2,3.104
search,0,677,200,13.22258,4.331,2,3.149
search,0,678,200,13.83904,4.5001,2,3.341
search,0,679,200,13.55851,4.5001,2,3.389
search,0,680,200,15.55579,4.4457,2,3.218
search,0,681,200,13.67054,4.4024,2,3.215
search,0,682,200,13.62193,4.2566,2,3.097
search,0,683,200,64.81965,4.4434,2,3.281
search,0,684,200,16.15676,4.4528,2,3.286
search,0,685,200,14.70083,4.8225,2,3.478
search,0,686,200,14.86935,4.4682,2,3.228
search,0,687,200,14.13403,4.5766,2,3.143
search,0,688,200,14.04601,4.6877,2,3.543
search,0,689,200,13.24926,4.2352,2,3.03
search,0,690,200,13.54182,4.4448,2,3.326
search,0,691,200,13.14711,4.2225,2,3.093
search,0,692,200,15.86066,6.9171,2,5.746
search,0,693,200,13.37889,4.2794,2,3.074
search,0,694,200,14.34464,4.3628,2,3.07
search,0,695,200,13.35244,4.2874,2,3.145
search,0,696,200,14.6055,4.6975,2,3.453
search,0,697,200,13.85225,4.3192,2,3.161
search,0,698,200,14.1825,4.6531,2,3.403
search,0,699,200,14.22452,4.9592,2,3.822
search,0,700,200,13.90681,4.5686,2,3.337
search,0,701,200,14.13521,4.2727,2,3.138
search,0,702,200,15.93745,4.6497,2,3.398
search,0,703,200,13.95366,4.6457,2,3.515
search,0,704,200,15.65739,4.6727,2,3.452
search,0,705,200,14.52394,4.5425,2,3.291
search,0,706,200,15.45857,4.3923,2,3.231
search,0,707,200,13.55887,4.4292,2,3.232
search,0,708,200,14.59722,5.314,2,4.182
search,0,709,200,13.90284,4.563,2,3.2
search,0,710,200,14.57645,4.365,2,3.17
search,0,711,200,14.81737,4.3772,2,3.223
search,0,712,200,15.15186,4.7356,2,3.25
search,0,713,200,14.03648,4.6188,2,3.243
search,0,714,200,14.57095,4.4137,2,3.127
search,0,715,200,14.98568,5.1278,2,3.742
search,0,716,200,16.75066,4.7748,2,3.611
search,0,717,200,14.81163,5.5928,2,4.332
search,0,718,200,15.17561,5.3113,2,3.995
search,0,719,200,16.50948,6.647,2,5.511
search,0,720,200,14.64281,5.0941,2,3.873
search,0,721,200,13.65623,4.5364,2,3.241
search,0,722,200,14.79386,4.5281,2,3.259
search,0,723,200,12.82206,4.1841,2,3.094
search,0,724,200,17.30585,5.3924,2,4.036
search,0,725,200,13.76225,4.2929,2,3.152
search,0,726,200,17.18168,5.7946,2,4.697
search,0,727,200,14.60158,4.7793,2,3.692
search,0,728,200,13.81848,4.3029,2,3.212
search,0,729,200,14.05949,4.3395,2,3.196
search,0,730,200,13.56393,4.2155,2,3.104
search,0,731,200,16.27144,4.4573,2,3.246
search,0,732,200,72.17034,4.9986,2,3.777
search,0,733,200,15.89388,4.8823,2,3.472
search,0,734,200,14.06288,4.5483,2,3.404
search,0,735,200,13.50866,4.5416,2,3.441
search,0,736,200,16.78367,4.7182,2,3.612
search,0,737,200,19.98112,8.469,2,5.29
search,0,738,200,13.94072,4.5057,2,3.374
search,0,739,200,14.01045,4.3081,2,3.161
search,0,740,200,16.3382,6.5469,2,5.321
search,0,741,200,17.18547,5.7566,2,4.571
search,0,742,200,16.03798,5.8101,2,4.529
search,0,743,200,17.44294,5.1021,2,3.873
search,0,744,200,16.54119,4.3488,2,3.149
search,0,745,200,14.81721,4.2679,2,3.105
search,0,746,200,15.41083,4.1401,2,3.036
search,0,747,200,14.52948,4.2162,2,3.11
search,0,748,200,13.87607,4.2326,2,3.158
search,0,749,200,14.20372,4.2553,2,3.116
search,0,750,200,14.16663,4.2751,2,3.185
search,0,751,200,16.32857,5.631,2,4.235
search,0,752,200,13.72942,4.4368,2,3.291
search,0,753,200,14.52781,4.5987,2,3.412
search,0,754,200,13.60269,4.4312,2,3.304
search,0,755,200,14.32233,4.4801,2,3.241
search,0,756,200,13.95133,4.5519,2,3.435
search,0,757,200,13.84558,4.2739,2,3.111
search,0,758,200,14.03992,4.4859,2,3.385
search,0,759,200,15.41151,4.9497,2,3.831
search,0,760,200,13.82775,4.4048,2,3.127
search,0,761,200,14.74856,4.675,2,3.548
search,0,762,200,14.78619,4.4672,2,3.348
search,0,763,200,13.72703,4.331,2,3.217
search,0,764,200,14.04504,4.2746,2,3.187
search,0,765,200,13.59657,4.1569,2,3.063
search,0,766,200,14.06688,4.1759,2,3.121
search,0,767,200,15.7206,4.5109,2,3.388
search,0,768,200,13.27682,4.3159,2,3.212
search,0,769,200,14.58993,4.2793,2,3.156
search,0,770,200,14.49099,4.8508,2,3.339
search,0,771,200,15.89999,6.4333,2,5.343
search,0,772,200,13.3474,4.3158,2,3.18
search,0,773,200,15.22474,4.5596,2,3.315
search,0,774,200,13.84103,4.6361,2,3.424
search,0,775,200,13.66503,4.5404,2,3.392
search,0,776,200,14.95879,4.6534,2,3.404
search,0,777,200,14.51971,4.1788,2,3.074
search,0,778,200,14.22821,4.3962,2,3.115
search,0,779,200,13.30682,4.3051,2,3.193
search,0,780,200,13.37968,4.1353,2,3.035
search,0,781,200,72.95864,4.2518,2,3.145
search,0,782,200,15.03997,4.3937,2,3.293
search,0,783,200,14.01531,4.2326,2,3.107
search,0,784,200,13.61655,4.2074,2,3.124
search,0,785,200,13.47281,4.2421,2,3.062
search,0,786,200,13.48979,4.2666,2,3.134
search,0,787,200,14.73394,4.4174,2,3.14
search,0,788,200,14.03136,4.5755,2,3.47
search,0,789,200,13.82452,4.3028,2,3.209
search,0,790,200,13.40283,4.2004,2,3.122
search,0,791,200,14.59753,4.2886,2,3.21
search,0,792,200,14.77683,4.5095,2,3.409
search,0,793,200,14.19925,4.198,2,3.095
search,0,794,200,15.38503,6.3639,2,5.26
search,0,795,200,18.37268,6.4857,2,5.167
search,0,796,200,15.00403,5.1473,2,3.508
search,0,797,200,15.64961,4.9049,2,3.372
search,0,798,200,14.27812,4.3622,2,3.255
search,0,799,200,13.84768,4.5834,2,3.389
search,0,800,200,13.24683,4.3565,2,3.202
search,0,801,200,13.346,4.3697,2,3.194
search,0,802,200,13.35521,4.2922,2,3.1
search,0,803,200,13.41375,4.6005,2,3.477
search,0,804,200,14.22317,4.6102,2,3.311
search,0,805,200,13.99812,4.2886,2,3.169
search,0,806,200,14.52643,4.8011,2,3.241
search,0,807,200,13.85924,4.387,2,3.255
search,0,808,200,13.97286,4.6074,2,3.464
search,0,809,200,13.29906,4.5494,2,3.219
search,0,810,200,13.93418,4.3121,2,3.143
search,0,811,200,13.46564,4.3407,2,3.068
search,0,812,200,13.05137,4.2891,2,3.208
search,0,813,200,13.58975,4.3719,2,3.239
search,0,814,200,12.92013,4.1795,2,3.009
search,0,815,200,14.39209,4.8684,2,3.181
search,0,816,200,14.61988,4.3426,2,3.192
search,0,817,200,13.01182,4.1857,2,3.009
search,0,818,200,13.40394,4.1178,2,3.042
search,0,819,200,13.03085,4.3702,2,3.241
search,0,820,200,12.90282,4.0408,2,3.01
search,0,821,200,13.70966,4.2499,2,3.135
search,0,822,200,13.01882,4.2409,2,3.131
search,0,823,200,13.22394,4.1673,2,3.1
search,0,824,200,12.65906,4.2103,2,3.131
search,0,825,200,13.12097,4.1938,2,3.04
search,0,826,200,13.06776,4.2158,2,3.155
search,0,827,200,13.47098,4.2523,2,3.158
search,0,828,200,13.06047,4.2164,2,3.109
search,0,829,200,13.25278,4.1406,2,3.044
search,0,830,200,65.62373,5.1606,2,3.786
search,0,831,200,15.16892,4.3376,2,3.213
search,0,832,200,13.7796,4.2785,2,3.099
search,0,833,200,14.99035,4.7553,2,3.582
search,0,834,200,14.24311,4.4623,2,3.326
search,0,835,200,14.5623,4.6857,2,3.529
search,0,836,200,13.2461,4.2558,2,3.127
search,0,837,200,14.02395,4.6725,2,3.518
search,0,838,200,13.4316,4.2535,2,3.14
search,0,839,200,13.71727,4.2241,2,3.058
search,0,840,200,18.53687,9.0005,2,4.584
search,0,841,200,14.69036,4.7028,2,3.519
search,0,842,200,14.55366,4.219,2,3.15
search,0,843,200,14.5002,4.4041,2,3.078
search,0,844,200,13.58558,4.2413,2,3.151
search,0,845,200,15.44152,5.0489,2,3.938
search,0,846,200,14.41625,4.2972,2,3.162
search,0,847,200,15.13305,4.603,2,3.161
search,0,848,200,14.96286,4.8604,2,3.647
search,0,849,200,14.81398,4.7157,2,3.475
search,0,850,200,14.78164,4.6949,2,3.386
search,0,851,200,15.28378,4.4454,2,3.093
search,0,852,200,14.45885,4.4889,2,3.302
search,0,853,200,13.625,4.2657,2,3.157
search,0,854,200,13.07688,4.2674,2,3.133
search,0,855,200,12.90164,4.198,2,3.014
search,0,856,200,14.26885,4.3446,2,3.119
search,0,857,200,13.64864,4.4627,2,3.12
search,0,858,200,13.48218,4.831,2,3.436
search,0,859,200,14.7334,4.7016,2,3.261
search,0,860,200,15.10029,4.4414,2,3.269
search,0,861,200,13.27405,4.5216,2,3.375
search,0,862,200,14.6094,4.6093,2,3.206
search,0,863,200,14.32948,4.2293,2,3.103
search,0,864,200,14.23713,4.717,2,3.367
search,0,865,200,14.71608,4.8213,2,3.639
search,0,866,200,13.83151,4.3927,2,3.318
search,0,867,200,13.61194,4.3383,2,3.221
search,0,868,200,16.20438,4.8666,2,3.75
search,0,869,200,12.43118,4.1394,2,3.088
search,0,870,200,14.17395,4.6131,2,3.468
search,0,871,200,12.88427,4.4791,2,3.308
search,0,872,200,14.52194,5.0849,2,3.693
search,0,873,200,15.25846,4.4164,2,3.253
search,0,874,200,15.74899,4.5294,2,3.336
search,0,875,200,14.82821,4.2236,2,3.132
search,0,876,200,13.50691,4.4296,2,3.252
search,0,877,200,14.49745,4.7387,2,3.562
search,0,878,200,14.14166,4.8581,2,3.439
search,0,879,200,82.57042,4.4069,2,3.142
search,0,880,200,16.24886,5.0687,2,3.765
search,0,881,200,16.13175,4.8932,2,3.642
search,0,882,200,16.60109,5.004,2,3.817
search,0,883,200,15.60636,4.508,2,3.177
search,0,884,200,15.4252,5.0852,2,3.621
search,0,885,200,18.37301,5.1947,2,3.769
search,0,886,200,14.47225,4.6571,2,3.453
search,0,887,200,13.91855,4.4975,2,3.269
search,0,888,200,15.41145,4.6592,2,3.205
search,0,889,200,17.10198,5.5676,2,4.166
search,0,890,200,14.8194,4.7025,2,3.525
search,0,891,200,16.63991,5.2846,2,3.767
search,0,892,200,14.39767,4.518,2,3.239
search,0,893,200,23.90059,13.6783,2,12.523
search,0,894,200,14.52317,5.02,2,3.75
search,0,895,200,16.16286,5.2561,2,3.803
search,0,896,200,16.3597,4.6471,2,3.566
search,0,897,200,15.01545,4.6068,2,3.434
search,0,898,200,15.94926,4.9128,2,3.815
search,0,899,200,18.27821,8.1105,2,6.839
search,0,900,200,16.8499,6.4351,2,3.227
search,0,901,200,14.72634,4.4352,2,3.312
search,0,902,200,15.46582,4.8601,2,3.694
search,0,903,200,16.19029,5.8105,2,4.659
search,0,904,200,16.58611,6.3542,2,5.275
search,0,905,200,16.15697,5.8991,2,3.221
search,0,906,200,14.63814,4.6336,2,3.36
search,0,907,200,13.93446,4.776,2,3.383
search,0,908,200,15.83003,4.7688,2,3.228
search,0,909,200,15.51689,4.6328,2,3.304
search,0,910,200,18.09473,4.9279,2,3.672
search,0,911,200,14.77982,4.7947,2,3.462
search,0,912,200,15.9484,5.029,2,3.741
search,0,913,200,14.90818,5.0929,2,3.615
search,0,914,200,18.76198,5.6542,2,4.106
search,0,915,200,15.16705,5.3784,2,3.831
search,0,916,200,14.53338,5.0238,2,3.859
search,0,917,200,15.6433,4.9272,2,3.42
search,0,918,200,17.8577,6.8999,2,5.459
search,0,919,200,18.55051,6.7805,2,5.625
search,0,920,200,16.69645,6.5527,2,5.252
search,0,921,200,17.37993,6.8106,2,5.417
search,0,922,200,16.28716,5.1307,2,3.556
search,0,923,200,15.6407,4.9197,2,3.642
search,0,924,200,14.76868,4.617,2,3.387
search,0,925,200,14.98088,4.8901,2,3.544
search,0,926,200,17.22402,5.4352,2,4.16
search,0,927,200,16.28105,5.1745,2,3.748
search,0,928,200,75.23185,5.4551,2,3.948
search,0,929,200,17.04494,5.2053,2,3.965
search,0,930,200,17.42747,6.5395,2,4.891
search,0,931,200,16.23876,4.8604,2,3.519
search,0,932,200,14.64959,4.5949,2,3.477
search,0,933,200,14.21621,4.4668,2,3.368
search,0,934,200,13.70368,4.3597,2,3.275
search,0,935,200,13.88474,4.4069,2,3.21
search,0,936,200,13.87205,4.6517,2,3.574
search,0,937,200,14.15388,4.6504,2,3.478
search,0,938,200,13.99627,4.569,2,3.48
search,0,939,200,16.9666,4.8884,2,3.733
search,0,940,200,14.77472,4.7175,2,3.629
search,0,941,200,16.27748,4.9704,2,3.711
search,0,942,200,15.62513,6.4964,2,3.305
search,0,943,200,14.337,4.7578,2,3.624
search,0,944,200,14.63696,5.3811,2,4.088
search,0,945,200,16.22564,4.7944,2,3.365
search,0,946,200,13.64042,4.6442,2,3.443
search,0,947,200,15.19821,4.7352,2,3.299
search,0,948,200,14.817,4.8075,2,3.513
search,0,949,200,13.46465,4.3333,2,3.246
search,0,950,200,13.85951,4.4246,2,3.342
search,0,951,200,13.83536,4.5369,2,3.445
search,0,952,200,13.89346,5.1289,2,3.943
search,0,953,200,13.99697,5.2707,2,4.179
search,0,954,200,14.14023,4.7797,2,3.704
search,0,955,200,14.45974,4.9108,2,3.377
search,0,956,200,13.24771,4.3465,2,3.265
search,0,957,200,13.30814,4.3773,2,3.248
search,0,958,200,13.27807,4.4486,2,3.357
search,0,959,200,13.18445,4.5497,2,3.477
search,0,960,200,13.44356,4.4234,2,3.286
search,0,961,200,15.18811,4.7195,2,3.486
search,0,962,200,14.55286,4.6967,2,3.417
search,0,963,200,14.65253,4.7731,2,3.607
search,0,964,200,13.74599,4.397,2,3.31
search,0,965,200,14.49426,4.4681,2,3.325
search,0,966,200,13.93118,4.2974,2,3.198
search,0,967,200,13.04666,4.3443,2,3.242
search,0,968,200,14.05122,5.1727,2,4.069
search,0,969,200,15.26501,4.3327,2,3.256
search,0,970,200,13.76199,4.7569,2,3.569
search,0,971,200,15.56735,5.4321,2,4.226
search,0,972,200,15.5756,5.2642,2,4.102
search,0,973,200,13.94565,4.9636,2,3.723
search,0,974,200,15.76868,6.1939,2,4.982
search,0,975,200,14.43285,5.1493,2,3.938
search,0,976,200,14.69633,4.7474,2,3.685
search,0,977,200,67.78177,4.5911,2,3.423
search,0,978,200,18.02687,5.2757,2,4.03
search,0,979,200,13.9422,4.4586,2,3.363
search,0,980,200,14.61508,5.0882,2,3.838
search,0,981,200,14.03457,4.7428,2,3.531
search,0,982,200,16.47969,7.5895,2,6.377
search,0,983,200,14.14812,4.2142,2,3.114
search,0,984,200,13.02923,4.2522,2,3.159
search,0,985,200,13.15276,4.3622,2,3.102
search,0,986,200,14.62686,5.2063,2,3.181
search,0,987,200,17.93813,5.4607,2,4.259
search,0,988,200,15.93273,4.766,2,3.611
search,0,989,200,13.34685,4.2583,2,3.106
search,0,990,200,13.55158,4.8426,2,3.576
search,0,991,200,16.56927,4.7821,2,3.539
search,0,992,200,13.24984,4.1526,2,3.036
search,0,993,200,24.47019,4.6182,2,3.288
search,0,994,200,13.35865,4.3407,2,3.127
search,0,995,200,13.04341,4.4325,2,3.062
search,0,996,200,15.29082,4.9567,2,3.404
search,0,997,200,13.01781,4.6096,2,3.228
search,0,998,200,13.64748,4.5903,2,3.479
search,0,999,200,12.90112,4.4643,2,3.202
inventory,1,0,200,32.54731,23.6432,15,4.367
inventory,1,1,200,12.8959,3.6054,13,2.672
inventory,1,2,200,13.5357,4.9421,13,3.29
inventory,1,3,200,13.24411,3.5869,13,2.604
inventory,1,4,200,12.18833,3.3594,13,2.462
inventory,1,5,200,24.89557,15.148,15,3.503
inventory,1,6,200,12.34444,3.6914,13,2.743
inventory,1,7,200,12.01083,3.4637,13,2.586
inventory,1,8,200,11.63357,3.4013,13,2.567
inventory,1,9,200,13.84036,4.3551,13,3.193
inventory,1,10,200,12.14768,3.7791,13,2.55
inventory,1,11,200,13.45732,3.7343,13,2.794
inventory,1,12,200,12.02887,3.4258,13,2.548
inventory,1,13,200,12.56504,3.8347,13,3.006
inventory,1,14,200,12.07619,3.4129,13,2.412
inventory,1,15,200,12.96839,4.0351,13,2.744
inventory,1,16,200,13.59009,3.6446,13,2.575
inventory,1,17,200,12.60789,3.4479,13,2.536
inventory,1,18,200,15.1688,6.1112,13,5.147
inventory,1,19,200,12.44958,3.631,13,2.729
inventory,0,0,200,12.52703,3.4405,13,2.578
inventory,0,1,200,12.28712,3.7585,13,2.798
inventory,0,2,200,11.88155,3.4672,13,2.587
inventory,0,3,200,13.0906,3.7249,13,2.817
inventory,0,4,200,12.23037,3.3762,13,2.449
inventory,0,5,200,12.98593,3.6608,13,2.693
inventory,0,6,200,70.0529,6.09,13,4.998
inventory,0,7,200,14.28537,4.0081,13,3.006
inventory,0,8,200,12.87296,3.8457,13,2.959
inventory,0,9,200,13.88201,3.5378,13,2.627
inventory,0,10,200,13.03792,3.8539,13,2.954
inventory,0,11,200,12.36957,3.5085,13,2.621
inventory,0,12,200,12.86211,3.7301,13,2.833
inventory,0,13,200,13.70965,5.5154,13,4.652
inventory,0,14,200,14.64801,4.5349,13,3.38
inventory,0,15,200,13.2325,4.4354,13,3.327
inventory,0,16,200,13.52886,4.645,13,3.566
inventory,0,17,200,13.47317,4.4332,13,3.314
inventory,0,18,200,14.22325,4.6434,13,3.506
inventory,0,19,200,13.71974,3.6176,13,2.735
inventory,0,20,200,12.5192,3.6229,13,2.748
inventory,0,21,200,13.68785,4.7063,13,3.647
inventory,0,22,200,14.48206,4.947,13,3.434
inventory,0,23,200,14.08269,3.5394,13,2.577
inventory,0,24,200,14.2817,4.9502,13,3.9
inventory,0,25,200,14.51081,4.7828,13,3.69
inventory,0,26,200,14.08891,4.5495,13,3.445
inventory,0,27,200,14.40333,4.6578,13,3.488
inventory,0,28,200,13.56711,4.4856,13,3.361
inventory,0,29,200,13.89023,4.5001,13,3.399
inventory,0,30,200,15.40518,4.6751,13,3.539
inventory,0,31,200,13.97633,4.4925,13,3.398
inventory,0,32,200,13.73362,4.5368,13,3.454
inventory,0,33,200,13.86556,4.5294,13,3.461
inventory,0,34,200,13.85828,3.6885,13,2.751
inventory,0,35,200,12.48024,3.5422,13,2.611
inventory,0,36,200,12.63132,3.4345,13,2.572
inventory,0,37,200,12.06584,3.5249,13,2.644
inventory,0,38,200,14.53752,4.7043,13,3.851
inventory,0,39,200,12.4148,3.6198,13,2.711
inventory,0,40,200,12.12591,3.3822,13,2.538
inventory,0,41,200,11.85289,3.4527,13,2.512
inventory,0,42,200,11.61674,3.1737,13,2.349
inventory,0,43,200,11.66826,3.2211,13,2.329
inventory,0,44,200,13.30571,4.3378,13,3.246
inventory,0,45,200,12.82695,4.3049,13,3.28
inventory,0,46,200,13.22223,4.4396,13,3.291
inventory,0,47,200,12.55946,4.3103,13,3.292
inventory,0,48,200,13.48597,4.7654,13,3.64
inventory,0,49,200,13.99119,5.4785,13,3.28
inventory,0,50,200,12.99905,4.3609,13,3.313
inventory,0,51,200,12.98454,4.3247,13,3.303
inventory,0,52,200,12.64299,4.3113,13,3.311
inventory,0,53,200,12.5014,4.2519,13,3.249
inventory,0,54,200,13.25695,4.3723,13,3.342
inventory,0,55,200,67.50936,4.3526,13,3.342
inventory,0,56,200,14.45984,3.8917,13,2.949
inventory,0,57,200,12.0018,3.3693,13,2.557
inventory,0,58,200,12.06539,3.5354,13,2.593
inventory,0,59,200,12.87669,3.9935,13,3.055
inventory,0,60,200,11.69348,3.4751,13,2.63
inventory,0,61,200,11.54951,3.4054,13,2.52
inventory,0,62,200,12.33656,4.1343,13,3.259
inventory,0,63,200,12.05771,3.334,13,2.508
inventory,0,64,200,11.44486,3.3081,13,2.383
inventory,0,65,200,11.52231,3.2513,13,2.473
inventory,0,66,200,11.6405,3.3552,13,2.53
inventory,0,67,200,13.0071,4.3068,13,3.294
inventory,0,68,200,12.30738,3.3909,13,2.532
inventory,0,69,200,11.78709,3.6297,13,2.821
inventory,0,70,200,11.92249,3.4092,13,2.572
inventory,0,71,200,12.43833,3.3153,13,2.395
inventory,0,72,200,11.98921,3.6146,13,2.705
inventory,0,73,200,11.65157,3.28,13,2.347
inventory,0,74,200,12.84007,4.4094,13,3.428
inventory,0,75,200,12.87254,4.4326,13,3.397
inventory,0,76,200,12.8929,4.337,13,3.284
inventory,0,77,200,13.48157,4.5942,13,3.472
inventory,0,78,200,13.2604,4.5414,13,3.373
inventory,0,79,200,12.99687,4.3423,13,3.281
inventory,0,80,200,13.59484,4.472,13,3.387
inventory,0,81,200,13.19299,4.3894,13,3.273
inventory,0,82,200,12.76393,4.3903,13,3.31
inventory,0,83,200,12.94014,4.4613,13,3.352
inventory,0,84,200,13.46845,4.3502,13,3.325
inventory,0,85,200,12.67093,4.3859,13,3.24
inventory,0,86,200,12.88784,4.3849,13,3.341
inventory,0,87,200,12.80301,4.3784,13,3.368
inventory,0,88,200,13.64561,4.3723,13,3.296
inventory,0,89,200,12.90868,4.3951,13,3.398
inventory,0,90,200,13.50087,4.4269,13,3.376
inventory,0,91,200,13.1823,4.3493,13,3.348
inventory,0,92,200,12.96167,4.3391,13,3.284
inventory,0,93,200,13.89432,4.3722,13,3.353
inventory,0,94,200,12.91691,4.1818,13,3.211
inventory,0,95,200,13.23256,4.3409,13,3.307
inventory,0,96,200,13.563,4.3599,13,3.307
inventory,0,97,200,13.69821,4.6119,13,3.515
inventory,0,98,200,13.50026,4.472,13,3.41
inventory,0,99,200,13.92035,4.4615,13,3.402
inventory,0,100,200,13.11793,4.4696,13,3.485
inventory,0,101,200,13.28528,4.3109,13,3.316
inventory,0,102,200,12.24275,3.5383,13,2.632
inventory,0,103,200,13.0835,3.6761,13,2.752
inventory,0,104,200,68.47329,3.386,13,2.51
inventory,0,105,200,14.37253,3.8432,13,2.752
inventory,0,106,200,13.19798,3.6151,13,2.529
inventory,0,107,200,13.59026,4.3243,13,2.956
inventory,0,108,200,13.71598,3.9013,13,2.913
inventory,0,109,200,13.1226,3.763,13,2.832
inventory,0,110,200,18.88565,9.1363,13,7.937
inventory,0,111,200,13.78375,4.0351,13,3.111
inventory,0,112,200,13.76324,4.4673,13,3.471
inventory,0,113,200,12.68323,3.7647,13,2.528
inventory,0,114,200,12.25083,3.3935,13,2.528
inventory,0,115,200,12.52117,3.7195,13,2.743
inventory,0,116,200,12.56991,4.0406,13,2.655
inventory,0,117,200,13.05989,3.522,13,2.572
inventory,0,118,200,12.41293,3.7497,13,2.861
inventory,0,119,200,14.5119,5.0626,13,2.86
inventory,0,120,200,12.96404,3.5221,13,2.63
inventory,0,121,200,12.03742,3.3052,13,2.431
inventory,0,122,200,11.85099,3.2245,13,2.362
inventory,0,123,200,11.52748,3.3761,13,2.548
inventory,0,124,200,12.31715,3.4927,13,2.542
inventory,0,125,200,12.05931,3.2347,13,2.352
inventory,0,126,200,12.12372,3.587,13,2.755
inventory,0,127,200,11.71077,3.2948,13,2.475
inventory,0,128,200,12.03826,3.6261,13,2.73
inventory,0,129,200,12.42438,3.5704,13,2.649
inventory,0,130,200,12.93055,3.4515,13,2.462
inventory,0,131,200,11.62864,3.5613,13,2.66
inventory,0,132,200,16.11772,3.5984,13,2.519
inventory,0,133,200,13.54116,4.3806,13,3.347
inventory,0,134,200,12.98444,4.3487,13,3.351
inventory,0,135,200,13.10471,4.3646,13,3.3
inventory,0,136,200,13.19134,4.3484,13,3.266
inventory,0,137,200,12.80234,4.3644,13,3.324
inventory,0,138,200,12.24267,3.5599,13,2.641
inventory,0,139,200,13.12559,3.8592,13,2.58
inventory,0,140,200,11.43274,3.2363,13,2.374
inventory,0,141,200,14.30149,3.8451,13,2.647
inventory,0,142,200,12.74504,3.9353,13,2.8
inventory,0,143,200,11.97598,3.4032,13,2.523
inventory,0,144,200,12.00973,3.406,13,2.554
inventory,0,145,200,11.49745,3.2069,13,2.401
inventory,0,146,200,11.5747,3.3785,13,2.566
inventory,0,147,200,12.15552,3.5571,13,2.631
inventory,0,148,200,13.98674,4.7246,13,3.601
inventory,0,149,200,13.54245,4.6721,13,3.626
inventory,0,150,200,13.37723,4.4756,13,3.324
inventory,0,151,200,13.54484,4.4993,13,3.317
inventory,0,152,200,11.5583,3.4248,13,2.623
inventory,0,153,200,68.12864,4.3738,13,3.256
inventory,0,154,200,14.91398,3.7631,13,2.778
inventory,0,155,200,12.80531,3.3468,13,2.486
inventory,0,156,200,12.75145,3.6207,13,2.677
inventory,0,157,200,12.80918,3.8111,13,2.806
inventory,0,158,200,12.53347,3.3445,13,2.438
inventory,0,159,200,12.67142,3.7065,13,2.59
inventory,0,160,200,12.31283,3.3234,13,2.46
inventory,0,161,200,11.88755,3.6866,13,2.746
inventory,0,162,200,14.31892,4.3726,13,3.471
inventory,0,163,200,11.86515,3.4447,13,2.51
inventory,0,164,200,11.79985,3.4503,13,2.472
inventory,0,165,200,11.71073,3.399,13,2.564
inventory,0,166,200,12.10686,3.5388,13,2.689
inventory,0,167,200,14.03998,4.168,13,3.227
inventory,0,168,200,13.77957,3.3592,13,2.542
inventory,0,169,200,11.8134,3.2153,13,2.375
inventory,0,170,200,14.15861,3.4994,13,2.615
inventory,0,171,200,14.41626,4.8253,13,2.678
inventory,0,172,200,15.9637,6.0372,13,4.73
inventory,0,173,200,15.73981,3.8557,13,2.801
inventory,0,174,200,14.37283,3.5037,13,2.618
inventory,0,175,200,15.47053,3.6662,13,2.714
inventory,0,176,200,14.37703,3.7117,13,2.786
inventory,0,177,200,17.0238,3.7499,13,2.853
inventory,0,178,200,13.96665,4.6005,13,3.621
inventory,0,179,200,15.12093,4.8977,13,3.657
inventory,0,180,200,17.20484,4.2889,13,3.197
inventory,0,181,200,14.01447,4.2365,13,3.106
inventory,0,182,200,14.38135,4.2248,13,3.307
inventory,0,183,200,12.40468,3.3725,13,2.519
inventory,0,184,200,12.29723,3.7519,13,2.843
inventory,0,185,200,12.9371,3.6617,13,2.766
inventory,0,186,200,12.26985,3.6623,13,2.795
inventory,0,187,200,12.03825,3.6144,13,2.768
inventory,0,188,200,11.64714,3.493,13,2.447
inventory,0,189,200,12.04774,3.4231,13,2.397
inventory,0,190,200,11.78344,3.3904,13,2.56
inventory,0,191,200,11.52548,3.4096,13,2.59
inventory,0,192,200,12.3425,3.4769,13,2.614
inventory,0,193,200,11.94043,3.3581,13,2.482
inventory,0,194,200,12.03786,3.5495,13,2.506
inventory,0,195,200,11.51042,3.1893,13,2.374
inventory,0,196,200,12.95962,3.6811,13,2.759
inventory,0,197,200,12.23836,3.6624,13,2.799
inventory,0,198,200,11.9688,3.4787,13,2.565
inventory,0,199,200,16.09228,3.6375,13,2.668
inventory,0,200,200,13.11931,3.7047,13,2.798
inventory,0,201,200,12.88498,4.1802,13,3.03
inventory,0,202,200,71.30103,3.3883,13,2.536
inventory,0,203,200,16.09514,4.6299,13,3.509
inventory,0,204,200,13.97768,4.4929,13,3.387
inventory,0,205,200,15.0973,4.8184,13,3.648
inventory,0,206,200,14.77135,4.5739,13,3.482
inventory,0,207,200,14.28488,4.5848,13,3.534
inventory,0,208,200,14.68445,4.4468,13,3.324
inventory,0,209,200,13.552,4.5385,13,3.466
inventory,0,210,200,13.72531,4.5666,13,3.455
inventory,0,211,200,13.77505,4.4659,13,3.342
inventory,0,212,200,12.9124,3.6105,13,2.688
inventory,0,213,200,12.31421,3.6158,13,2.686
inventory,0,214,200,13.1595,3.8871,13,2.724
inventory,0,215,200,12.7571,3.9527,13,2.889
inventory,0,216,200,13.04688,3.7432,13,2.647
inventory,0,217,200,12.15393,3.8775,13,2.614
inventory,0,218,200,11.98321,3.5223,13,2.449
inventory,0,219,200,12.15311,3.3304,13,2.469
inventory,0,220,200,13.0245,4.4078,13,3.36
inventory,0,221,200,13.7913,4.3971,13,3.242
inventory,0,222,200,12.61869,3.5316,13,2.612
inventory,0,223,200,15.00206,5.5827,13,2.982
inventory,0,224,200,16.58738,5.2937,13,4.11
inventory,0,225,200,15.12114,4.2379,13,3.205
inventory,0,226,200,15.74502,3.8385,13,2.8
inventory,0,227,200,17.52359,6.5253,13,5.232
inventory,0,228,200,14.3883,3.9492,13,2.942
inventory,0,229,200,14.05416,4.1688,13,3.214
inventory,0,230,200,11.95182,3.5467,13,2.62
inventory,0,231,200,13.54029,4.5749,13,3.631
inventory,0,232,200,12.65074,3.6353,13,2.755
inventory,0,233,200,11.92783,3.236,13,2.396
inventory,0,234,200,11.85094,3.7879,13,2.94
inventory,0,235,200,12.63209,3.8892,13,2.985
inventory,0,236,200,13.96559,4.5662,13,3.487
inventory,0,237,200,13.4985,4.5411,13,3.457
inventory,0,238,200,13.00899,4.3816,13,3.324
inventory,0,239,200,13.5244,4.4477,13,3.349
inventory,0,240,200,13.58965,4.6689,13,3.385
inventory,0,241,200,14.29186,4.6422,13,3.528
inventory,0,242,200,12.76244,3.6517,13,2.715
inventory,0,243,200,13.61077,3.9981,13,2.932
inventory,0,244,200,12.18462,3.7051,13,2.82
inventory,0,245,200,12.8168,3.7568,13,2.887
inventory,0,246,200,11.95262,3.4072,13,2.53
inventory,0,247,200,13.08641,3.9461,13,3.004
inventory,0,248,200,12.97599,4.2612,13,3.301
inventory,0,249,200,14.80171,4.9705,13,3.981
inventory,0,250,200,13.32678,3.8503,13,2.942
inventory,0,251,200,69.60815,3.6048,13,2.718
inventory,0,252,200,15.96439,4.7367,13,3.607
inventory,0,253,200,13.39162,3.911,13,2.976
inventory,0,254,200,12.14861,3.3642,13,2.467
inventory,0,255,200,13.11128,4.3581,13,3.34
inventory,0,256,200,12.01446,3.4845,13,2.58
inventory,0,257,200,12.05179,3.4129,13,2.451
inventory,0,258,200,12.90919,3.5869,13,2.551
inventory,0,259,200,11.61819,3.1559,13,2.316
inventory,0,260,200,11.76207,3.5268,13,2.635
inventory,0,261,200,12.34142,3.3259,13,2.471
inventory,0,262,200,12.0467,3.4472,13,2.492
inventory,0,263,200,12.30574,3.4527,13,2.585
inventory,0,264,200,11.90876,3.3461,13,2.468
inventory,0,265,200,11.91315,3.3669,13,2.474
inventory,0,266,200,12.36249,3.3236,13,2.464
inventory,0,267,200,11.97745,3.6059,13,2.463
inventory,0,268,200,11.48392,3.3129,13,2.476
inventory,0,269,200,11.7868,3.6677,13,2.782
inventory,0,270,200,11.77431,3.3565,13,2.5
inventory,0,271,200,12.57159,3.4239,13,2.512
inventory,0,272,200,11.891,3.4396,13,2.563
inventory,0,273,200,11.83948,3.6801,13,2.63
inventory,0,274,200,12.23129,3.3697,13,2.516
inventory,0,275,200,11.22324,3.0565,13,2.222
inventory,0,276,200,11.53191,3.4977,13,2.664
inventory,0,277,200,12.14344,3.5845,13,2.686
inventory,0,278,200,12.82071,3.3983,13,2.503
inventory,0,279,200,14.92294,3.8468,13,2.871
inventory,0,280,200,13.55118,4.4665,13,2.815
inventory,0,281,200,12.77072,3.9355,13,3.04
inventory,0,282,200,13.01762,3.8371,13,2.834
inventory,0,283,200,12.51797,3.4431,13,2.591
inventory,0,284,200,12.61947,3.7511,13,2.846
inventory,0,285,200,13.25027,3.3311,13,2.428
inventory,0,286,200,11.73672,3.4539,13,2.567
inventory,0,287,200,11.69999,3.3787,13,2.529
inventory,0,288,200,11.70277,3.4637,13,2.538
inventory,0,289,200,13.50382,4.4586,13,3.367
inventory,0,290,200,12.9925,4.3747,13,3.299
inventory,0,291,200,12.86629,4.3699,13,3.315
inventory,0,292,200,13.49266,4.2351,13,3.263
inventory,0,293,200,11.76185,3.2674,13,2.441
inventory,0,294,200,13.7549,3.8498,13,2.731
inventory,0,295,200,12.79915,3.8695,13,2.563
inventory,0,296,200,12.27886,3.4378,13,2.552
inventory,0,297,200,12.61347,3.9753,13,2.847
inventory,0,298,200,13.0349,3.9583,13,3.12
inventory,0,299,200,12.44659,3.6991,13,2.809
inventory,0,300,200,69.09297,4.2683,13,3.138
inventory,0,301,200,15.63429,3.8606,13,2.811
inventory,0,302,200,12.39256,3.3205,13,2.485
inventory,0,303,200,12.78522,3.3152,13,2.481
inventory,0,304,200,12.47872,3.2805,13,2.413
inventory,0,305,200,12.52773,3.5306,13,2.656
inventory,0,306,200,12.84314,3.8435,13,2.786
inventory,0,307,200,13.68967,3.5685,13,2.697
inventory,0,308,200,12.99442,3.4272,13,2.559
inventory,0,309,200,12.66427,3.335,13,2.503
inventory,0,310,200,12.90189,3.7329,13,2.803
inventory,0,311,200,13.5663,4.2182,13,3.266
inventory,0,312,200,12.0915,3.4627,13,2.569
inventory,0,313,200,12.89567,3.3966,13,2.535
inventory,0,314,200,11.69223,3.3884,13,2.536
inventory,0,315,200,11.83085,3.3882,13,2.542
inventory,0,316,200,12.66797,3.7776,13,2.467
inventory,0,317,200,14.60032,4.0153,13,2.99
inventory,0,318,200,12.8227,3.8274,13,2.951
inventory,0,319,200,12.66879,3.8301,13,2.735
inventory,0,320,200,12.07387,3.6573,13,2.719
inventory,0,321,200,12.18883,3.5651,13,2.462
inventory,0,322,200,13.19021,3.5667,13,2.694
inventory,0,323,200,12.28944,3.8881,13,2.817
inventory,0,324,200,13.61639,4.4246,13,3.367
inventory,0,325,200,11.91659,3.2982,13,2.426
inventory,0,326,200,13.75776,4.4624,13,3.362
inventory,0,327,200,12.33974,3.5511,13,2.615
inventory,0,328,200,13.96529,3.5532,13,2.619
inventory,0,329,200,13.93927,4.7846,13,3.441
inventory,0,330,200,12.36204,3.4011,13,2.442
inventory,0,331,200,12.51936,3.8794,13,2.741
inventory,0,332,200,12.68744,3.5564,13,2.621
inventory,0,333,200,11.97076,3.3287,13,2.384
inventory,0,334,200,12.97758,3.4736,13,2.491
inventory,0,335,200,12.31415,3.3133,13,2.43
inventory,0,336,200,12.52691,3.7043,13,2.66
inventory,0,337,200,13.04925,4.4036,13,3.304
inventory,0,338,200,12.46526,3.703,13,2.701
inventory,0,339,200,13.34604,4.4893,13,3.478
inventory,0,340,200,12.99113,4.0002,13,2.886
inventory,0,341,200,15.07533,4.8153,13,3.73
inventory,0,342,200,12.11771,3.6646,13,2.675
inventory,0,343,200,12.92054,4.4369,13,3.374
inventory,0,344,200,12.21206,3.3987,13,2.439
inventory,0,345,200,12.59232,3.6421,13,2.767
inventory,0,346,200,12.60973,3.8633,13,2.922
inventory,0,347,200,14.54119,4.7493,13,3.589
inventory,0,348,200,14.54707,3.8256,13,2.802
inventory,0,349,200,78.08519,3.5032,13,2.621
inventory,0,350,200,14.67234,3.7655,13,2.796
inventory,0,351,200,13.38189,3.5523,13,2.621
inventory,0,352,200,12.94998,3.3302,13,2.472
inventory,0,353,200,13.6933,3.5355,13,2.676
inventory,0,354,200,14.55283,4.4693,13,3.348
inventory,0,355,200,16.32395,3.9913,13,2.99
inventory,0,356,200,14.23377,3.5959,13,2.735
inventory,0,357,200,14.11719,4.4356,13,3.368
inventory,0,358,200,12.95346,3.6737,13,2.799
inventory,0,359,200,12.72577,3.8688,13,2.947
inventory,0,360,200,12.30396,3.6406,13,2.737
inventory,0,361,200,14.76982,4.4009,13,3.313
inventory,0,362,200,12.20931,3.3738,13,2.523
inventory,0,363,200,12.1504,3.3365,13,2.426
inventory,0,364,200,13.57961,4.0778,13,3.049
inventory,0,365,200,14.3981,4.7211,13,3.757
inventory,0,366,200,18.79722,3.7248,13,2.828
inventory,0,367,200,26.37105,4.8358,13,3.447
inventory,0,368,200,15.63429,3.5105,13,2.595
inventory,0,369,200,12.34295,3.4313,13,2.561
inventory,0,370,200,12.31854,3.7826,13,2.803
inventory,0,371,200,15.29022,6.3765,13,5.369
inventory,0,372,200,12.58858,3.3726,13,2.498
inventory,0,373,200,20.47842,6.1867,13,4.871
inventory,0,374,200,14.00063,3.7369,13,2.759
inventory,0,375,200,15.4899,4.2825,13,3.185
inventory,0,376,200,13.34376,3.6896,13,2.646
inventory,0,377,200,13.2103,3.8742,13,2.766
inventory,0,378,200,74.26556,4.0126,13,2.977
inventory,0,379,200,15.06709,4.4436,13,3.315
inventory,0,380,200,14.90954,5.3482,13,4.425
inventory,0,381,200,12.88942,3.6302,13,2.727
inventory,0,382,200,28.18589,6.0585,13,3.716
inventory,0,383,200,15.08338,4.5656,13,3.469
inventory,0,384,200,13.94412,3.8154,13,2.768
inventory,0,385,200,16.71966,4.6399,13,3.595
inventory,0,386,200,13.40953,4.2002,13,3.238
inventory,0,387,200,13.51662,4.6928,13,3.422
inventory,0,388,200,13.02389,3.794,13,2.885
inventory,0,389,200,13.1523,3.2847,13,2.434
inventory,0,390,200,16.68883,3.8049,13,2.934
inventory,0,391,200,13.44501,4.1664,13,3.121
inventory,0,392,200,13.06317,4.5766,13,3.45
inventory,0,393,200,12.49725,3.4471,13,2.559
inventory,0,394,200,12.33852,3.5263,13,2.662
inventory,0,395,200,11.81313,3.3446,13,2.506
inventory,0,396,200,12.67016,3.5169,13,2.553
inventory,0,397,200,12.43294,3.42,13,2.367
inventory,0,398,200,76.04059,3.5803,13,2.573
inventory,0,399,200,14.24854,3.7277,13,2.61
inventory,0,400,200,15.92431,3.6592,13,2.634
inventory,0,401,200,12.51835,3.4881,13,2.513
inventory,0,402,200,13.59537,4.0,13,2.828
inventory,0,403,200,13.06226,3.9951,13,2.765
inventory,0,404,200,13.797,4.1782,13,3.023
inventory,0,405,200,13.31919,4.0647,13,2.858
inventory,0,406,200,12.79369,3.758,13,2.799
inventory,0,407,200,14.22699,4.6228,13,3.545
inventory,0,408,200,17.49586,5.2063,13,2.933
inventory,0,409,200,16.46774,4.4724,13,3.467
inventory,0,410,200,13.57544,3.9974,13,3.002
inventory,0,411,200,12.76956,3.5485,13,2.635
inventory,0,412,200,13.01054,4.4741,13,3.482
inventory,0,413,200,13.55524,3.8454,13,2.864
inventory,0,414,200,17.55361,5.0205,13,3.749
inventory,0,415,200,13.52668,3.6578,13,2.767
inventory,0,416,200,14.12644,3.5897,13,2.691
inventory,0,417,200,12.92826,3.9478,13,2.719
inventory,0,418,200,12.28227,3.7379,13,2.884
inventory,0,419,200,12.15955,3.462,13,2.604
inventory,0,420,200,13.85856,3.652,13,2.579
inventory,0,421,200,14.36519,4.8949,13,3.113
inventory,0,422,200,15.08794,3.8689,13,2.866
inventory,0,423,200,13.94375,4.4408,13,3.38
inventory,0,424,200,12.47302,3.7461,13,2.84
inventory,0,425,200,12.3836,3.6407,13,2.685
inventory,0,426,200,14.66621,3.8926,13,2.908
inventory,0,427,200,12.45902,3.2845,13,2.439
inventory,0,428,200,16.93786,4.3485,13,3.47
inventory,0,429,200,13.54444,4.5875,13,3.444
inventory,0,430,200,15.51301,5.7579,13,4.381
inventory,0,431,200,15.37954,3.7907,13,2.893
inventory,0,432,200,14.91548,5.5919,13,2.866
inventory,0,433,200,13.85818,3.8063,13,2.7
inventory,0,434,200,13.17453,3.5827,13,2.688
inventory,0,435,200,12.83743,3.6351,13,2.656
inventory,0,436,200,14.08507,3.4742,13,2.569
inventory,0,437,200,13.93722,4.4648,13,3.246
inventory,0,438,200,13.61401,4.1932,13,3.043
inventory,0,439,200,14.41157,3.9148,13,2.689
inventory,0,440,200,15.21831,4.6112,13,3.506
inventory,0,441,200,14.04319,4.4774,13,3.397
inventory,0,442,200,13.34614,3.9321,13,2.938
inventory,0,443,200,13.93787,3.7755,13,2.599
inventory,0,444,200,14.02827,4.5259,13,3.409
inventory,0,445,200,13.70181,4.2168,13,3.219
inventory,0,446,200,13.93506,3.9409,13,2.989
inventory,0,447,200,76.65323,6.8235,13,5.841
inventory,0,448,200,17.57396,4.8435,13,3.681
inventory,0,449,200,14.0224,4.6037,13,3.593
inventory,0,450,200,14.49051,4.0119,13,3.104
inventory,0,451,200,14.4102,3.6394,13,2.702
inventory,0,452,200,12.55916,3.5726,13,2.704
inventory,0,453,200,12.98336,3.4781,13,2.649
inventory,0,454,200,14.27289,4.5307,13,3.436
inventory,0,455,200,15.24625,4.4987,13,3.45
inventory,0,456,200,13.10183,3.879,13,2.722
inventory,0,457,200,12.54687,3.8858,13,3.017
inventory,0,458,200,13.01536,3.4264,13,2.557
inventory,0,459,200,18.44106,4.6882,13,3.531
inventory,0,460,200,13.04603,3.7635,13,2.876
inventory,0,461,200,13.1953,3.7334,13,2.859
inventory,0,462,200,12.60791,3.7446,13,2.862
inventory,0,463,200,12.43429,3.7086,13,2.84
inventory,0,464,200,14.07234,3.7836,13,2.818
inventory,0,465,200,13.5399,4.4794,13,3.513
inventory,0,466,200,13.44934,4.1467,13,3.026
inventory,0,467,200,16.18535,4.6489,13,3.524
inventory,0,468,200,13.99166,4.3756,13,3.359
inventory,0,469,200,12.98425,3.7361,13,2.584
inventory,0,470,200,12.85577,3.5996,13,2.763
inventory,0,471,200,15.22391,3.5905,13,2.693
inventory,0,472,200,12.94074,3.6522,13,2.51
inventory,0,473,200,17.18381,4.9227,13,3.635
inventory,0,474,200,14.00973,4.2504,13,3.294
inventory,0,475,200,13.91125,3.84,13,2.911
inventory,0,476,200,15.83548,3.839,13,2.762
inventory,0,477,200,15.01816,3.8735,13,2.843
inventory,0,478,200,14.98828,4.8555,13,3.406
inventory,0,479,200,14.42456,4.4525,13,3.386
inventory,0,480,200,14.38015,4.4372,13,3.316
inventory,0,481,200,13.87342,3.54,13,2.63
inventory,0,482,200,13.80788,4.3456,13,3.396
inventory,0,483,200,13.03011,4.0333,13,3.128
inventory,0,484,200,12.94051,3.7577,13,2.811
inventory,0,485,200,14.36266,4.0465,13,3.189
inventory,0,486,200,13.57787,3.5909,13,2.682
inventory,0,487,200,14.57012,3.7691,13,2.722
inventory,0,488,200,13.20433,4.1669,13,2.974
inventory,0,489,200,13.18448,3.5074,13,2.639
inventory,0,490,200,13.0042,3.6421,13,2.761
inventory,0,491,200,13.97346,3.5228,13,2.663
inventory,0,492,200,13.40233,3.5934,13,2.575
inventory,0,493,200,13.12526,3.4224,13,2.405
inventory,0,494,200,11.78557,3.4413,13,2.402
inventory,0,495,200,12.80669,3.4938,13,2.506
inventory,0,496,200,68.95137,3.3801,13,2.374
inventory,0,497,200,18.11565,4.3933,13,3.35
inventory,0,498,200,14.69976,4.1654,13,2.712
inventory,0,499,200,16.13364,3.8615,13,2.876
inventory,0,500,200,12.66083,3.448,13,2.61
inventory,0,501,200,16.00244,3.8792,13,2.886
inventory,0,502,200,12.73783,3.6716,13,2.771
inventory,0,503,200,13.12849,3.4017,13,2.558
inventory,0,504,200,12.29919,3.4741,13,2.658
inventory,0,505,200,15.00305,4.8619,13,3.779
inventory,0,506,200,13.20916,3.8413,13,2.955
inventory,0,507,200,12.83117,3.9092,13,3.02
inventory,0,508,200,11.9116,3.481,13,2.625
inventory,0,509,200,13.92034,3.5393,13,2.629
inventory,0,510,200,12.06596,3.3216,13,2.508
inventory,0,511,200,14.4966,4.2489,13,3.278
inventory,0,512,200,12.56707,3.5297,13,2.598
inventory,0,513,200,13.78247,3.9465,13,3.076
inventory,0,514,200,12.5481,3.4327,13,2.599
inventory,0,515,200,13.53964,3.7025,13,2.775
inventory,0,516,200,12.21559,3.5756,13,2.579
inventory,0,517,200,13.04562,3.6545,13,2.744
inventory,0,518,200,12.33992,3.4738,13,2.476
inventory,0,519,200,13.19125,4.4993,13,3.487
inventory,0,520,200,11.91429,3.3907,13,2.476
inventory,0,521,200,13.27693,4.3137,13,3.32
inventory,0,522,200,13.00897,3.541,13,2.573
inventory,0,523,200,13.13077,4.3032,13,3.282
inventory,0,524,200,13.72351,3.3459,13,2.387
inventory,0,525,200,12.20468,3.3358,13,2.41
inventory,0,526,200,12.03288,3.4946,13,2.522
inventory,0,527,200,13.23767,4.3329,13,3.329
inventory,0,528,200,13.49138,3.7521,13,2.684
inventory,0,529,200,12.87577,3.872,13,2.949
inventory,0,530,200,14.55265,4.7131,13,3.74
inventory,0,531,200,12.81593,3.6959,13,2.781
inventory,0,532,200,12.39496,3.4386,13,2.441
inventory,0,533,200,12.89574,3.9149,13,3.03
inventory,0,534,200,12.50165,3.5693,13,2.579
inventory,0,535,200,13.60337,3.8802,13,3.01
inventory,0,536,200,13.15986,3.8616,13,2.79
inventory,0,537,200,13.57378,4.1057,13,2.989
inventory,0,538,200,13.86424,3.8847,13,2.964
inventory,0,539,200,12.5016,3.7441,13,2.75
inventory,0,540,200,14.62481,5.1633,13,3.709
inventory,0,541,200,12.44689,3.4468,13,2.421
inventory,0,542,200,13.64072,3.4523,13,2.446
inventory,0,543,200,13.41306,4.31,13,3.301
inventory,0,544,200,12.55045,3.4668,13,2.481
inventory,0,545,200,70.19141,3.5311,13,2.712
inventory,0,546,200,15.39609,3.6426,13,2.61
inventory,0,547,200,14.23548,4.3397,13,3.166
inventory,0,548,200,13.15205,3.5871,13,2.65
inventory,0,549,200,12.76124,3.2843,13,2.472
inventory,0,550,200,12.57055,3.7908,13,2.576
inventory,0,551,200,11.89603,3.3493,13,2.395
inventory,0,552,200,12.42193,3.7417,13,2.62
inventory,0,553,200,12.23078,3.3513,13,2.446
inventory,0,554,200,12.86088,4.061,13,3.007
inventory,0,555,200,12.52806,3.4979,13,2.484
inventory,0,556,200,11.82282,3.5095,13,2.54
inventory,0,557,200,14.57945,3.8902,13,2.969
inventory,0,558,200,12.41131,3.4929,13,2.483
inventory,0,559,200,13.33977,4.5622,13,3.307
inventory,0,560,200,14.21065,5.4971,13,3.222
inventory,0,561,200,12.27214,3.7595,13,2.626
inventory,0,562,200,13.21613,3.9331,13,2.905
inventory,0,563,200,13.53582,4.3516,13,3.336
inventory,0,564,200,12.41441,3.9659,13,2.659
inventory,0,565,200,13.13711,4.3584,13,3.29
inventory,0,566,200,11.99734,3.5533,13,2.633
inventory,0,567,200,12.71329,3.5343,13,2.484
inventory,0,568,200,13.75202,4.4836,13,3.338
inventory,0,569,200,12.41798,3.8803,13,2.818
inventory,0,570,200,11.52263,3.1852,13,2.371
inventory,0,571,200,12.09604,3.6768,13,2.684
inventory,0,572,200,12.34473,3.5709,13,2.692
inventory,0,573,200,12.00595,3.4613,13,2.438
inventory,0,574,200,12.62138,3.705,13,2.838
inventory,0,575,200,12.80925,3.5619,13,2.554
inventory,0,576,200,12.427,4.0103,13,2.508
inventory,0,577,200,14.26273,4.4086,13,2.952
inventory,0,578,200,13.20375,3.9773,13,2.947
inventory,0,579,200,12.41072,3.6164,13,2.54
inventory,0,580,200,12.41328,3.3889,13,2.55
inventory,0,581,200,12.98648,4.3773,13,2.834
inventory,0,582,200,11.47171,3.1232,13,2.288
inventory,0,583,200,11.56148,3.6549,13,2.545
inventory,0,584,200,12.70005,3.8509,13,2.592
inventory,0,585,200,13.09378,4.2276,13,2.948
inventory,0,586,200,12.39077,3.9352,13,2.967
inventory,0,587,200,13.69213,4.7726,13,3.706
inventory,0,588,200,13.85322,3.6701,13,2.615
inventory,0,589,200,12.23426,3.6109,13,2.576
inventory,0,590,200,12.03404,3.1704,13,2.359
inventory,0,591,200,11.74349,3.3636,13,2.416
inventory,0,592,200,11.95536,3.286,13,2.393
inventory,0,593,200,12.77463,3.662,13,2.705
inventory,0,594,200,76.29547,3.6916,13,2.792
inventory,0,595,200,18.98841,3.7397,13,2.824
inventory,0,596,200,14.01931,4.0456,13,3.122
inventory,0,597,200,12.98865,4.0221,13,3.089
inventory,0,598,200,12.72356,3.538,13,2.656
inventory,0,599,200,12.45853,3.5451,13,2.552
inventory,0,600,200,12.12512,3.5354,13,2.536
inventory,0,601,200,13.10424,3.4648,13,2.585
inventory,0,602,200,13.07623,3.6874,13,2.737
inventory,0,603,200,11.99385,3.4364,13,2.543
inventory,0,604,200,12.8683,3.5966,13,2.703
inventory,0,605,200,13.16752,4.1341,13,3.172
inventory,0,606,200,12.9611,3.6082,13,2.588
inventory,0,607,200,13.63004,3.7933,13,2.536
inventory,0,608,200,12.82179,3.7805,13,2.829
inventory,0,609,200,13.64228,4.3667,13,3.322
inventory,0,610,200,12.13764,3.3138,13,2.478
inventory,0,611,200,13.34115,3.6165,13,2.587
inventory,0,612,200,11.97701,3.3871,13,2.53
inventory,0,613,200,13.42432,3.3865,13,2.413
inventory,0,614,200,12.17628,3.2697,13,2.42
inventory,0,615,200,12.00439,3.5508,13,2.6
inventory,0,616,200,11.83574,3.4542,13,2.583
inventory,0,617,200,13.37991,3.5195,13,2.443
inventory,0,618,200,11.95388,3.3768,13,2.488
inventory,0,619,200,12.73727,3.7506,13,2.604
inventory,0,620,200,11.81902,3.4212,13,2.493
inventory,0,621,200,12.64523,3.551,13,2.486
inventory,0,622,200,11.97361,3.3396,13,2.497
inventory,0,623,200,12.01937,3.5307,13,2.569
inventory,0,624,200,11.67321,3.3041,13,2.491
inventory,0,625,200,11.74867,3.579,13,2.517
inventory,0,626,200,15.27112,3.3061,13,2.428
inventory,0,627,200,12.45097,3.6149,13,2.582
inventory,0,628,200,11.77802,3.3694,13,2.482
inventory,0,629,200,11.93176,3.4383,13,2.441
inventory,0,630,200,11.89951,3.4891,13,2.63
inventory,0,631,200,11.95758,3.4812,13,2.467
inventory,0,632,200,12.3728,3.7882,13,2.891
inventory,0,633,200,13.28638,3.6383,13,2.595
inventory,0,634,200,12.34229,3.6107,13,2.658
inventory,0,635,200,12.03938,3.5314,13,2.514
inventory,0,636,200,13.24341,4.4941,13,3.296
inventory,0,637,200,13.35277,4.721,13,3.628
inventory,0,638,200,13.31266,4.464,13,3.379
inventory,0,639,200,11.95677,3.508,13,2.524
inventory,0,640,200,13.89398,4.1518,13,3.087
inventory,0,641,200,12.88755,3.6959,13,2.682
inventory,0,642,200,13.7125,3.3969,13,2.538
inventory,0,643,200,79.98291,3.4571,13,2.556
inventory,0,644,200,16.71745,4.022,13,3.056
inventory,0,645,200,16.12239,5.1126,13,4.029
inventory,0,646,200,15.21382,4.2451,13,2.993
inventory,0,647,200,17.28328,5.4587,13,4.079
inventory,0,648,200,14.68024,3.8824,13,2.856
inventory,0,649,200,13.01833,3.7935,13,2.659
inventory,0,650,200,14.92414,4.1432,13,3.177
inventory,0,651,200,25.00678,3.7344,13,2.659
inventory,0,652,200,14.99872,4.197,13,3.194
inventory,0,653,200,15.1241,4.7226,13,3.615
inventory,0,654,200,14.10483,4.3877,13,3.299
inventory,0,655,200,13.24406,3.5802,13,2.666
inventory,0,656,200,14.18763,4.0442,13,3.113
inventory,0,657,200,14.71737,4.4759,13,3.367
inventory,0,658,200,14.70422,3.7405,13,2.724
inventory,0,659,200,16.68871,5.1072,13,3.852
inventory,0,660,200,18.40273,5.8096,13,4.399
inventory,0,661,200,14.19516,3.8694,13,2.819
inventory,0,662,200,13.72606,4.1979,13,2.969
inventory,0,663,200,21.8829,9.7656,13,8.579
inventory,0,664,200,34.0041,4.856,13,3.687
inventory,0,665,200,17.26412,3.8436,13,2.857
inventory,0,666,200,15.40068,3.8021,13,2.81
inventory,0,667,200,15.98506,5.5895,13,2.905
inventory,0,668,200,16.59883,4.2043,13,3.171
inventory,0,669,200,16.68084,5.6852,13,4.664
inventory,0,670,200,18.83025,4.8424,13,3.604
inventory,0,671,200,13.13892,3.8658,13,2.863
inventory,0,672,200,14.69043,4.3282,13,3.36
inventory,0,673,200,13.26478,3.7518,13,2.812
inventory,0,674,200,14.47308,4.1508,13,2.932
inventory,0,675,200,14.39396,4.7618,13,3.597
inventory,0,676,200,17.17958,4.4483,13,3.212
inventory,0,677,200,16.55211,4.0383,13,2.747
inventory,0,678,200,16.41281,5.041,13,3.825
inventory,0,679,200,17.25882,5.4858,13,4.295
inventory,0,680,200,20.11404,5.0537,13,3.685
inventory,0,681,200,18.05718,5.0049,13,3.53
inventory,0,682,200,15.54955,4.6954,13,3.532
inventory,0,683,200,18.33904,6.6218,13,5.218
inventory,0,684,200,14.69528,4.0038,13,2.961
inventory,0,685,200,17.45541,4.4198,13,3.379
inventory,0,686,200,21.18239,8.188,13,7.141
inventory,0,687,200,19.99213,7.4319,13,4.992
inventory,0,688,200,16.14188,5.1731,13,4.213
inventory,0,689,200,14.73248,3.6232,13,2.642
inventory,0,690,200,14.7103,4.1727,13,3.214
inventory,0,691,200,12.97842,3.6072,13,2.567
inventory,0,692,200,114.21697,4.4808,13,3.326
inventory,0,693,200,16.72128,3.9813,13,2.928
inventory,0,694,200,18.58235,4.7779,13,3.561
inventory,0,695,200,14.75193,4.1255,13,2.849
inventory,0,696,200,18.84307,4.5107,13,3.325
inventory,0,697,200,16.33589,4.9332,13,3.896
inventory,0,698,200,15.46887,4.3786,13,3.453
inventory,0,699,200,17.26958,4.0826,13,3.116
inventory,0,700,200,19.34176,5.2986,13,3.799
inventory,0,701,200,17.79146,6.4778,13,4.602
inventory,0,702,200,17.74812,5.923,13,4.77
inventory,0,703,200,14.95799,4.6644,13,3.507
inventory,0,704,200,16.34927,3.7171,13,2.789
inventory,0,705,200,13.40015,4.2029,13,3.222
inventory,0,706,200,13.1844,3.6201,13,2.655
inventory,0,707,200,12.73187,3.7348,13,2.804
inventory,0,708,200,12.29004,3.4376,13,2.585
inventory,0,709,200,12.54355,3.6766,13,2.781
inventory,0,710,200,13.33188,3.4727,13,2.584
inventory,0,711,200,20.19034,11.1969,13,2.848
inventory,0,712,200,12.71373,3.3735,13,2.434
inventory,0,713,200,11.7565,3.3658,13,2.503
inventory,0,714,200,13.73308,3.5502,13,2.598
inventory,0,715,200,22.15365,12.6213,13,11.556
inventory,0,716,200,15.44778,4.6561,13,3.527
inventory,0,717,200,14.07422,4.7057,13,3.681
inventory,0,718,200,13.3116,3.9138,13,2.892
inventory,0,719,200,14.74099,4.9901,13,2.846
inventory,0,720,200,15.62226,3.9577,13,2.94
inventory,0,721,200,15.62265,4.6038,13,3.088
inventory,0,722,200,15.19898,3.7984,13,2.748
inventory,0,723,200,16.38616,6.3263,13,4.582
inventory,0,724,200,15.84908,4.8082,13,3.861
inventory,0,725,200,15.38268,5.2318,13,3.97
inventory,0,726,200,14.02596,4.4355,13,2.77
inventory,0,727,200,14.7578,3.7856,13,2.765
inventory,0,728,200,13.43896,3.9923,13,3.051
inventory,0,729,200,13.97975,3.5932,13,2.687
inventory,0,730,200,14.30547,3.9094,13,2.959
inventory,0,731,200,12.31565,3.3615,13,2.477
inventory,0,732,200,12.76466,3.9334,13,2.967
inventory,0,733,200,12.71774,3.5075,13,2.601
inventory,0,734,200,12.64358,3.5501,13,2.632
inventory,0,735,200,13.27328,3.8467,13,2.968
inventory,0,736,200,15.02567,3.6578,13,2.724
inventory,0,737,200,20.82947,4.2578,13,3.272
inventory,0,738,200,13.48509,3.7256,13,2.756
inventory,0,739,200,13.48697,4.2613,13,3.383
inventory,0,740,200,13.59065,4.2102,13,3.017
inventory,0,741,200,72.46246,4.1182,13,3.135
inventory,0,742,200,14.51196,3.6484,13,2.6
inventory,0,743,200,12.85663,3.7628,13,2.791
inventory,0,744,200,12.35865,3.4479,13,2.524
inventory,0,745,200,13.09945,3.4976,13,2.459
inventory,0,746,200,13.65617,4.4099,13,3.246
inventory,0,747,200,13.83119,4.4781,13,3.439
inventory,0,748,200,12.61849,3.6196,13,2.71
inventory,0,749,200,13.40832,4.4949,13,3.421
inventory,0,750,200,12.41844,3.562,13,2.6
inventory,0,751,200,12.95714,3.7552,13,2.658
inventory,0,752,200,13.90703,4.1699,13,3.137
inventory,0,753,200,12.08384,3.5531,13,2.641
inventory,0,754,200,11.60241,3.2893,13,2.412
inventory,0,755,200,13.38981,4.2191,13,2.813
inventory,0,756,200,16.06267,5.5174,13,4.6
inventory,0,757,200,12.18945,3.4949,13,2.577
inventory,0,758,200,23.91821,4.4931,13,3.248
inventory,0,759,200,18.06321,6.4721,13,4.561
inventory,0,760,200,20.20539,5.818,13,4.318
inventory,0,761,200,20.08065,7.5536,13,4.738
inventory,0,762,200,25.16649,5.2077,13,3.743
inventory,0,763,200,31.21913,7.8961,13,5.087
inventory,0,764,200,18.57895,4.673,13,3.54
inventory,0,765,200,14.18812,3.8555,13,2.947
inventory,0,766,200,15.02864,3.7832,13,2.924
inventory,0,767,200,13.99166,3.9205,13,2.943
inventory,0,768,200,22.45015,8.7823,13,7.535
inventory,0,769,200,14.44347,4.1499,13,2.939
inventory,0,770,200,14.4731,4.4012,13,3.386
inventory,0,771,200,12.75382,3.4864,13,2.63
inventory,0,772,200,12.77766,3.7625,13,2.658
inventory,0,773,200,13.36982,3.7844,13,2.853
inventory,0,774,200,11.80432,3.3816,13,2.513
inventory,0,775,200,11.97923,3.272,13,2.408
inventory,0,776,200,13.71212,4.4591,13,3.002
inventory,0,777,200,13.74893,3.8162,13,2.764
inventory,0,778,200,13.45281,3.7493,13,2.656
inventory,0,779,200,12.91896,3.5812,13,2.615
inventory,0,780,200,14.65548,4.3645,13,3.432
inventory,0,781,200,13.48726,3.785,13,2.696
inventory,0,782,200,11.84781,3.4578,13,2.495
inventory,0,783,200,12.53742,3.3679,13,2.391
inventory,0,784,200,12.28011,3.4411,13,2.588
inventory,0,785,200,11.86487,3.3656,13,2.487
inventory,0,786,200,12.27922,3.5789,13,2.688
inventory,0,787,200,15.57459,3.5799,13,2.623
inventory,0,788,200,12.13065,3.3658,13,2.457
inventory,0,789,200,12.66523,3.3804,13,2.509
inventory,0,790,200,78.05232,3.6895,13,2.656
inventory,0,791,200,16.65649,3.6205,13,2.639
inventory,0,792,200,13.85484,3.9906,13,2.686
inventory,0,793,200,13.80773,3.5381,13,2.63
inventory,0,794,200,12.70278,3.7905,13,2.835
inventory,0,795,200,13.42235,3.5215,13,2.633
inventory,0,796,200,12.78398,3.6018,13,2.693
inventory,0,797,200,18.84437,3.6403,13,2.65
inventory,0,798,200,14.47227,3.5895,13,2.632
inventory,0,799,200,12.72683,3.3968,13,2.516
inventory,0,800,200,12.7352,3.7547,13,2.659
inventory,0,801,200,13.63415,3.5815,13,2.619
inventory,0,802,200,13.35241,3.9079,13,2.931
inventory,0,803,200,14.75728,3.8143,13,2.757
inventory,0,804,200,13.59488,4.4231,13,3.428
inventory,0,805,200,12.37287,3.4986,13,2.661
inventory,0,806,200,12.82206,4.1481,13,3.182
inventory,0,807,200,12.95778,3.4111,13,2.547
inventory,0,808,200,12.70639,3.3596,13,2.515
inventory,0,809,200,13.01986,3.6811,13,2.693
inventory,0,810,200,14.86562,4.2138,13,3.331
inventory,0,811,200,12.23955,3.5672,13,2.605
inventory,0,812,200,12.75144,3.5041,13,2.604
inventory,0,813,200,12.54629,3.3858,13,2.553
inventory,0,814,200,13.10034,3.5314,13,2.605
inventory,0,815,200,13.05211,3.5734,13,2.653
inventory,0,816,200,14.45944,4.0144,13,2.77
inventory,0,817,200,14.19099,3.8004,13,2.824
inventory,0,818,200,12.62153,3.6973,13,2.718
inventory,0,819,200,13.53023,3.6412,13,2.591
inventory,0,820,200,12.74204,3.5657,13,2.641
inventory,0,821,200,13.81561,4.7853,13,3.701
inventory,0,822,200,13.15552,3.472,13,2.415
inventory,0,823,200,13.5378,4.4565,13,3.314
inventory,0,824,200,13.4979,3.8471,13,2.884
inventory,0,825,200,12.35704,3.4339,13,2.59
inventory,0,826,200,12.21755,3.7291,13,2.869
inventory,0,827,200,14.20728,4.7398,13,3.522
inventory,0,828,200,11.97981,3.3382,13,2.444
inventory,0,829,200,12.87652,3.4829,13,2.558
inventory,0,830,200,12.32782,3.5557,13,2.643
inventory,0,831,200,13.46761,4.4874,13,3.325
inventory,0,832,200,12.7837,3.5847,13,2.611
inventory,0,833,200,13.17105,4.409,13,3.358
inventory,0,834,200,12.57188,3.4772,13,2.517
inventory,0,835,200,13.94052,4.5781,13,3.426
inventory,0,836,200,13.94821,3.6468,13,2.679
inventory,0,837,200,14.27167,4.5877,13,3.384
inventory,0,838,200,14.23405,3.8955,13,2.904
inventory,0,839,200,73.28492,4.5905,13,3.474
inventory,0,840,200,14.8316,3.9176,13,2.885
inventory,0,841,200,13.02315,3.8392,13,2.938
inventory,0,842,200,15.22304,3.5633,13,2.617
inventory,0,843,200,13.49375,4.4844,13,3.069
inventory,0,844,200,13.17307,3.5948,13,2.698
inventory,0,845,200,13.69645,4.4936,13,3.394
inventory,0,846,200,12.4991,3.6539,13,2.549
inventory,0,847,200,13.30036,4.4365,13,3.407
inventory,0,848,200,12.79434,3.5814,13,2.546
inventory,0,849,200,13.44046,4.4882,13,3.347
inventory,0,850,200,12.60493,3.662,13,2.68
inventory,0,851,200,13.74658,4.5814,13,3.437
inventory,0,852,200,13.31931,3.7679,13,2.842
inventory,0,853,200,13.57499,4.4852,13,3.014
inventory,0,854,200,13.94675,4.7462,13,3.394
inventory,0,855,200,12.89341,3.9583,13,2.782
inventory,0,856,200,14.21652,4.4768,13,3.412
inventory,0,857,200,13.15867,4.1725,13,2.953
inventory,0,858,200,13.99589,4.5151,13,3.39
inventory,0,859,200,13.11259,3.5868,13,2.627
inventory,0,860,200,21.4204,3.5064,13,2.552
inventory,0,861,200,13.1868,3.6169,13,2.649
inventory,0,862,200,15.90344,4.7958,13,3.47
inventory,0,863,200,12.75818,3.876,13,2.881
inventory,0,864,200,13.8675,4.4497,13,3.397
inventory,0,865,200,12.58874,3.7563,13,2.821
inventory,0,866,200,13.64706,4.5502,13,3.475
inventory,0,867,200,12.72367,3.8627,13,2.967
inventory,0,868,200,15.14195,4.5562,13,3.494
inventory,0,869,200,12.68872,3.8748,13,2.928
inventory,0,870,200,14.66144,4.0797,13,3.108
inventory,0,871,200,12.68583,3.5879,13,2.68
inventory,0,872,200,13.55574,3.7547,13,2.817
inventory,0,873,200,13.45278,3.5737,13,2.49
inventory,0,874,200,12.67089,3.5301,13,2.634
inventory,0,875,200,13.16704,4.0554,13,2.92
inventory,0,876,200,14.78871,4.7129,13,3.521
inventory,0,877,200,12.36716,3.4665,13,2.509
inventory,0,878,200,17.71852,5.7581,13,4.556
inventory,0,879,200,14.88282,4.0254,13,2.805
inventory,0,880,200,30.87447,19.7075,13,16.019
inventory,0,881,200,17.89287,4.237,13,3.123
inventory,0,882,200,13.29265,3.9684,13,2.891
inventory,0,883,200,19.67664,5.2174,13,3.575
inventory,0,884,200,17.5304,4.0767,13,3.04
inventory,0,885,200,14.87444,4.417,13,3.068
inventory,0,886,200,15.19375,4.8295,13,3.652
inventory,0,887,200,13.86955,4.1348,13,2.935
inventory,0,888,200,79.39064,4.6906,13,3.508
inventory,0,889,200,16.83398,3.893,13,2.834
inventory,0,890,200,15.37479,3.7845,13,2.878
inventory,0,891,200,12.79097,3.3951,13,2.549
inventory,0,892,200,14.38673,4.7999,13,3.691
inventory,0,893,200,12.98755,3.4967,13,2.572
inventory,0,894,200,14.89698,4.8435,13,3.708
inventory,0,895,200,13.04403,3.6639,13,2.721
inventory,0,896,200,14.06671,4.6166,13,3.512
inventory,0,897,200,15.97448,6.067,13,5.029
inventory,0,898,200,14.67015,4.6891,13,3.498
inventory,0,899,200,12.96564,3.8185,13,2.903
inventory,0,900,200,13.81117,4.4607,13,3.384
inventory,0,901,200,12.59629,3.4155,13,2.529
inventory,0,902,200,13.59728,4.5138,13,3.464
inventory,0,903,200,12.66577,3.6944,13,2.719
inventory,0,904,200,14.29122,4.5394,13,3.434
inventory,0,905,200,11.78461,3.372,13,2.505
inventory,0,906,200,14.34334,4.5741,13,3.353
inventory,0,907,200,12.72357,3.5292,13,2.603
inventory,0,908,200,14.59878,4.4674,13,3.338
inventory,0,909,200,13.5166,3.7289,13,2.61
inventory,0,910,200,13.05912,3.7678,13,2.613
inventory,0,911,200,12.06092,3.4489,13,2.478
inventory,0,912,200,12.43843,3.6051,13,2.718
inventory,0,913,200,11.66511,3.4488,13,2.494
inventory,0,914,200,13.09714,3.826,13,2.909
inventory,0,915,200,11.96049,3.4175,13,2.461
inventory,0,916,200,12.30859,3.7124,13,2.842
inventory,0,917,200,13.09335,4.3947,13,3.31
inventory,0,918,200,12.2828,3.5044,13,2.575
inventory,0,919,200,12.90122,3.6988,13,2.582
inventory,0,920,200,12.79385,3.7776,13,2.617
inventory,0,921,200,12.55299,3.6297,13,2.52
inventory,0,922,200,13.28287,4.3426,13,3.339
inventory,0,923,200,12.85868,3.6147,13,2.512
inventory,0,924,200,14.04601,4.62,13,3.445
inventory,0,925,200,12.7192,3.6597,13,2.676
inventory,0,926,200,14.16074,4.7375,13,3.588
inventory,0,927,200,17.77786,4.0741,13,2.967
inventory,0,928,200,20.67901,5.9432,13,4.714
inventory,0,929,200,14.82397,5.1237,13,3.739
inventory,0,930,200,13.25845,3.6719,13,2.717
inventory,0,931,200,12.90572,3.7682,13,2.675
inventory,0,932,200,12.24634,3.4253,13,2.555
inventory,0,933,200,18.74963,4.7493,13,3.682
inventory,0,934,200,15.24473,5.0382,13,3.969
inventory,0,935,200,17.18616,3.8783,13,2.833
inventory,0,936,200,17.09908,6.2016,13,4.568
inventory,0,937,200,84.70965,4.8559,13,3.659
inventory,0,938,200,17.48056,4.7927,13,3.644
inventory,0,939,200,14.68506,3.8529,13,2.91
inventory,0,940,200,16.33927,4.9084,13,3.709
inventory,0,941,200,14.78924,4.363,13,3.302
inventory,0,942,200,21.19932,6.6725,13,5.274
inventory,0,943,200,15.86857,3.9556,13,2.944
inventory,0,944,200,17.94463,4.0653,13,2.845
inventory,0,945,200,16.00475,3.6319,13,2.629
inventory,0,946,200,12.9028,3.8558,13,2.923
inventory,0,947,200,13.48968,3.5379,13,2.583
inventory,0,948,200,16.43589,5.6029,13,4.61
inventory,0,949,200,12.36348,3.2936,13,2.402
inventory,0,950,200,14.12133,3.7305,13,2.76
inventory,0,951,200,14.138,3.4957,13,2.53
inventory,0,952,200,13.4262,3.7151,13,2.773
inventory,0,953,200,12.81515,3.7056,13,2.744
inventory,0,954,200,14.50708,4.0025,13,2.946
inventory,0,955,200,12.64095,3.4877,13,2.585
inventory,0,956,200,13.33521,3.9147,13,2.922
inventory,0,957,200,12.22883,3.7077,13,2.798
inventory,0,958,200,12.62071,3.5962,13,2.605
inventory,0,959,200,13.48932,3.6288,13,2.625
inventory,0,960,200,13.39106,3.5991,13,2.658
inventory,0,961,200,11.8329,3.4164,13,2.53
inventory,0,962,200,14.61355,4.3833,13,3.206
inventory,0,963,200,13.35571,3.6785,13,2.542
inventory,0,964,200,15.38654,4.6358,13,3.536
inventory,0,965,200,13.28295,3.8274,13,2.955
inventory,0,966,200,14.14624,4.7224,13,3.409
inventory,0,967,200,12.89149,3.3487,13,2.461
inventory,0,968,200,12.61696,3.7998,13,2.68
inventory,0,969,200,13.82817,3.7483,13,2.74
inventory,0,970,200,12.3337,3.4101,13,2.529
inventory,0,971,200,13.35951,3.5598,13,2.665
inventory,0,972,200,12.77031,3.6191,13,2.64
inventory,0,973,200,12.93365,3.9178,13,3.021
inventory,0,974,200,12.60284,3.5815,13,2.727
inventory,0,975,200,14.67532,4.5367,13,3.534
inventory,0,976,200,11.80874,3.3482,13,2.496
inventory,0,977,200,13.39384,3.5396,13,2.592
inventory,0,978,200,11.61585,3.281,13,2.429
inventory,0,979,200,12.31899,3.2401,13,2.397
inventory,0,980,200,12.08172,3.29,13,2.421
inventory,0,981,200,12.80625,3.3307,13,2.46
inventory,0,982,200,12.43411,3.7707,13,2.656
inventory,0,983,200,13.43631,3.3355,13,2.462
inventory,0,984,200,11.62261,3.4324,13,2.589
inventory,0,985,200,13.78622,3.6537,13,2.667
inventory,0,986,200,77.36975,4.4886,13,3.508
inventory,0,987,200,16.22172,4.3667,13,3.251
inventory,0,988,200,17.1965,4.4761,13,3.519
inventory,0,989,200,12.86692,3.4817,13,2.582
inventory,0,990,200,13.17561,3.6219,13,2.677
inventory,0,991,200,13.61084,3.6613,13,2.776
inventory,0,992,200,12.79029,3.4854,13,2.542
inventory,0,993,200,13.39501,3.5496,13,2.668
inventory,0,994,200,12.24843,3.3956,13,2.521
inventory,0,995,200,12.08478,3.4068,13,2.583
inventory,0,996,200,13.05027,3.8699,13,2.959
inventory,0,997,200,12.78327,3.5456,13,2.666
inventory,0,998,200,13.16395,3.5342,13,2.605
inventory,0,999,200,12.6711,3.363,13,2.503
create,1,0,201,43.07226,32.645,38,6.356
create,1,1,201,24.67015,14.0164,33,6.625
create,1,2,201,24.51429,12.9284,33,5.572
create,1,3,201,21.72291,12.3127,33,4.919
create,1,4,201,26.22728,13.704,33,5.771
create,1,5,201,24.98935,13.1877,33,5.822
create,1,6,201,22.10791,12.2705,33,5.04
create,1,7,201,21.42759,11.5602,33,4.901
create,1,8,201,26.68306,15.6897,33,7.215
create,1,9,201,25.57051,12.42,33,5.231
create,1,10,201,60.62978,15.3479,33,7.323
create,1,11,201,35.89743,12.7592,33,5.522
create,1,12,201,25.50857,15.0236,33,7.025
create,1,13,201,21.30938,11.9436,33,4.898
create,1,14,201,25.36209,15.076,33,7.08
create,1,15,201,22.31369,12.0027,33,4.903
create,1,16,201,25.2904,14.991,33,6.998
create,1,17,201,25.69902,13.5355,33,5.27
create,1,18,201,22.97198,12.6115,33,5.2
create,1,19,201,22.19129,12.812,33,5.513
create,0,0,201,20.54865,11.8348,33,5.054
create,0,1,201,22.54732,13.1977,33,5.564
create,0,2,201,21.90966,12.5889,33,5.151
create,0,3,201,21.29847,11.7012,33,4.904
create,0,4,201,21.80519,12.7466,33,5.36
create,0,5,201,21.12583,12.0452,33,5.47
create,0,6,201,22.19142,12.9197,33,5.135
create,0,7,201,21.86329,12.901,33,5.598
create,0,8,201,21.94737,12.9046,33,5.25
create,0,9,201,22.27002,12.32,33,5.25
create,0,10,201,23.02731,13.6079,33,5.518
create,0,11,201,22.08366,12.532,33,5.399
create,0,12,201,23.03437,13.0408,33,6.083
create,0,13,201,25.38058,14.6896,33,6.625
create,0,14,201,24.00595,13.6439,33,5.491
create,0,15,201,93.23461,16.7889,33,7.86
create,0,16,201,26.16026,14.445,33,6.016
create,0,17,201,23.5801,12.8416,33,5.864
create,0,18,201,23.16421,13.4886,33,6.32
create,0,19,201,22.45858,12.2116,33,5.34
create,0,20,201,23.86619,14.4207,33,6.809
create,0,21,201,24.1916,14.0819,33,6.733
create,0,22,201,21.83422,12.8617,33,5.523
create,0,23,201,22.25602,12.6122,33,5.479
create,0,24,201,21.03032,12.0611,33,5.322
create,0,25,201,47.4781,37.3822,38,6.197
create,0,26,201,26.30922,16.3368,33,6.671
create,0,27,201,23.99087,13.5098,33,5.485
create,0,28,201,22.87993,12.8463,33,5.679
create,0,29,201,22.00709,12.6792,33,5.527
create,0,30,201,23.3818,13.5446,33,6.247
create,0,31,201,22.4395,13.0983,33,5.979
create,0,32,201,22.7577,13.455,33,5.652
create,0,33,201,21.87158,12.3912,33,5.214
create,0,34,201,21.68156,12.4155,33,5.347
create,0,35,201,24.93107,13.7636,33,6.17
create,0,36,201,21.77813,12.1055,33,4.904
create,0,37,201,25.40266,14.7368,33,6.628
create,0,38,201,22.69947,12.5942,33,5.128
create,0,39,201,22.10436,12.6292,33,5.47
create,0,40,201,22.33406,13.5591,33,5.928
create,0,41,201,22.56572,12.6253,33,5.471
create,0,42,201,22.06178,12.9222,33,5.452
create,0,43,201,21.25876,12.1185,33,5.463
create,0,44,201,21.17829,11.7704,33,4.87
create,0,45,201,22.11082,12.899,33,5.477
create,0,46,201,22.22428,13.1953,33,5.711
create,0,47,201,23.21834,13.5324,33,6.073
create,0,48,201,23.34662,13.7178,33,6.046
create,0,49,201,28.27091,17.8309,33,6.804
create,0,50,201,26.174,14.8425,33,6.509
create,0,51,201,24.51356,14.6415,33,6.607
create,0,52,201,30.00254,18.0062,33,8.175
create,0,53,201,24.63329,14.2654,33,5.922
create,0,54,201,22.42807,12.8605,33,5.402
create,0,55,201,25.87847,15.7065,33,6.98
create,0,56,201,23.21632,13.5305,33,5.908
create,0,57,201,24.94875,13.7263,33,5.438
create,0,58,201,27.37829,15.9868,33,7.033
create,0,59,201,21.77751,12.1861,33,5.124
create,0,60,201,22.25157,12.8964,33,5.631
create,0,61,201,25.54683,14.5472,33,6.663
create,0,62,201,24.9849,13.9657,33,6.197
create,0,63,201,25.35209,15.6231,33,6.841
create,0,64,201,76.92164,16.8977,33,7.352
create,0,65,201,24.64096,13.1283,33,5.463
create,0,66,201,23.53996,13.4901,33,5.717
create,0,67,201,24.81343,13.3681,33,6.018
create,0,68,201,22.34998,12.5142,33,5.227
create,0,69,201,28.93689,15.742,33,7.588
create,0,70,201,21.67693,12.0283,33,4.797
create,0,71,201,25.60285,15.0489,33,6.939
create,0,72,201,21.27214,11.9262,33,4.966
create,0,73,201,25.96634,14.9508,33,6.962
create,0,74,201,21.92746,12.446,33,5.251
create,0,75,201,25.20354,15.0459,33,7.083
create,0,76,201,21.69867,12.4761,33,5.279
create,0,77,201,25.67362,14.6967,33,7.047
create,0,78,201,22.10758,12.1803,33,5.227
create,0,79,201,26.36493,15.3171,33,7.001
create,0,80,201,24.133,13.1877,33,5.795
create,0,81,201,24.18021,14.3944,33,6.317
create,0,82,201,26.47671,15.3408,33,5.66
create,0,83,201,30.2134,17.8589,33,6.978
create,0,84,201,22.90563,12.5047,33,5.119
create,0,85,201,22.89038,13.4545,33,6.943
create,0,86,201,22.43406,12.6278,33,4.991
create,0,87,201,20.85599,11.2399,33,4.93
create,0,88,201,21.72198,11.9321,33,4.799
create,0,89,201,22.46629,11.9335,33,5.275
create,0,90,201,21.91993,12.2525,33,5.06
create,0,91,201,30.1237,17.2885,33,7.895
create,0,92,201,21.48043,12.3252,33,4.798
create,0,93,201,23.70178,12.9487,33,5.243
create,0,94,201,25.04342,15.2666,33,5.671
create,0,95,201,26.53865,16.7232,33,5.657
create,0,96,201,22.57379,12.9504,33,5.279
create,0,97,201,21.94549,11.9248,33,5.045
create,0,98,201,21.24638,12.1309,33,5.331
create,0,99,201,24.00941,14.0136,33,6.35
create,0,100,201,26.18446,16.0721,33,7.197
create,0,101,201,26.87208,13.5768,33,5.839
create,0,102,201,25.55458,14.8579,33,5.59
create,0,103,201,24.10903,13.1469,33,5.592
create,0,104,201,23.66655,13.2746,33,5.414
create,0,105,201,29.0919,15.7161,33,6.389
create,0,106,201,26.29943,16.2556,33,9.115
create,0,107,201,33.80626,21.7037,33,13.523
create,0,108,201,22.57247,13.08,33,5.249
create,0,109,201,26.32667,15.3438,33,6.69
create,0,110,201,25.50767,15.6205,33,6.904
create,0,111,201,22.87433,13.6508,33,5.541
create,0,112,201,24.93196,15.443,33,6.812
create,0,113,201,77.08891,15.4826,33,5.921
create,0,114,201,30.47758,18.7796,33,7.854
create,0,115,201,28.9961,16.1397,33,7.224
create,0,116,201,24.61337,13.5725,33,5.523
create,0,117,201,25.15497,15.5803,33,6.916
create,0,118,201,22.46435,12.9448,33,5.236
create,0,119,201,25.88848,15.9168,33,7.109
create,0,120,201,23.09838,13.6755,33,6.121
create,0,121,201,24.88675,14.8161,33,6.888
create,0,122,201,25.35748,15.5687,33,6.895
create,0,123,201,25.38977,15.3773,33,6.699
create,0,124,201,21.23499,11.7859,33,4.829
create,0,125,201,21.69577,12.4662,33,5.407
create,0,126,201,22.03449,12.4784,33,5.182
create,0,127,201,22.98687,12.784,33,5.015
create,0,128,201,23.52065,13.5326,33,5.263
create,0,129,201,29.77913,18.6554,33,9.257
create,0,130,201,22.24866,12.5109,33,5.231
create,0,131,201,21.1414,11.5489,33,4.905
create,0,132,201,23.77428,13.6147,33,5.182
create,0,133,201,22.83825,13.0745,33,5.665
create,0,134,201,24.73891,14.7799,33,5.272
create,0,135,201,26.48493,15.6961,33,6.817
create,0,136,201,22.72673,13.2992,33,5.205
create,0,137,201,22.61542,12.8694,33,5.856
create,0,138,201,22.18573,12.8654,33,5.325
create,0,139,201,30.27388,16.6813,33,7.808
create,0,140,201,24.976,13.5591,33,5.702
create,0,141,201,25.77163,15.9266,33,7.216
create,0,142,201,23.64448,12.6199,33,5.304
create,0,143,201,23.11998,12.6156,33,5.151
create,0,144,201,26.02433,14.386,33,5.745
create,0,145,201,25.66663,14.9281,33,6.672
create,0,146,201,28.14693,16.7405,33,7.324
create,0,147,201,23.66193,13.0766,33,5.661
create,0,148,201,25.60542,15.5284,33,6.967
create,0,149,201,23.95273,13.5893,33,6.136
create,0,150,201,23.55223,13.2702,33,5.492
create,0,151,201,24.06981,12.2785,33,5.408
create,0,152,201,24.08458,11.8377,33,4.932
create,0,153,201,21.56748,11.9364,33,4.864
create,0,154,201,22.44416,13.0411,33,5.396
create,0,155,201,22.50558,12.4717,33,5.33
create,0,156,201,21.85502,12.3336,33,5.23
create,0,157,201,21.46979,12.2449,33,5.103
create,0,158,201,21.27507,11.9162,33,4.842
create,0,159,201,23.11419,12.8522,33,6.059
create,0,160,201,21.96061,11.9902,33,4.899
create,0,161,201,23.01404,12.31,33,5.221
create,0,162,201,84.53232,16.4439,33,6.54
create,0,163,201,30.61174,17.4119,33,7.562
create,0,164,201,27.25196,15.5525,33,7.122
create,0,165,201,27.34946,15.9715,33,7.063
create,0,166,201,26.85695,15.4683,33,6.871
create,0,167,201,24.99439,14.2055,33,5.598
create,0,168,201,26.65647,14.8451,33,6.403
create,0,169,201,32.06715,20.4548,33,5.869
create,0,170,201,39.66069,19.0568,33,8.558
create,0,171,201,32.33437,19.5778,33,8.889
create,0,172,201,27.89348,15.4255,33,6.713
create,0,173,201,23.95736,13.468,33,6.124
create,0,174,201,24.98749,13.9781,33,5.262
create,0,175,201,23.51111,13.2021,33,5.898
create,0,176,201,24.33065,13.6619,33,5.804
create,0,177,201,24.29809,13.5639,33,5.34
create,0,178,201,23.87379,13.8209,33,6.26
create,0,179,201,24.54755,14.7808,33,5.589
create,0,180,201,33.99536,23.4906,33,13.872
create,0,181,201,23.94359,14.096,33,5.834
create,0,182,201,24.03165,12.9138,33,5.47
create,0,183,201,29.15566,17.6332,33,6.932
create,0,184,201,25.30232,15.3513,33,7.001
create,0,185,201,27.0754,12.74,33,5.367
create,0,186,201,23.55869,13.3898,33,5.78
create,0,187,201,30.16397,12.404,33,5.341
create,0,188,201,22.3741,12.8771,33,5.426
create,0,189,201,23.8502,13.7963,33,5.641
create,0,190,201,41.14193,24.9435,33,7.623
create,0,191,201,29.35174,15.7115,33,7.276
create,0,192,201,23.43709,12.436,33,5.177
create,0,193,201,22.55822,12.765,33,5.625
create,0,194,201,27.6169,15.4592,33,7.295
create,0,195,201,23.1664,13.0,33,5.608
create,0,196,201,28.60076,16.1223,33,7.091
create,0,197,201,27.89204,17.1546,33,9.007
create,0,198,201,22.20597,12.4675,33,5.621
create,0,199,201,27.30664,16.2682,33,7.235
create,0,200,201,22.16824,12.1658,33,5.108
create,0,201,201,26.08305,16.0217,33,7.131
create,0,202,201,24.7233,12.6535,33,5.178
create,0,203,201,27.42794,15.8934,33,7.213
create,0,204,201,24.93886,14.3646,33,6.137
create,0,205,201,21.95709,12.4103,33,5.12
create,0,206,201,25.38792,13.5739,33,6.2
create,0,207,201,21.71473,12.4571,33,5.002
create,0,208,201,22.55961,12.9055,33,5.547
create,0,209,201,22.07556,12.2049,33,4.909
create,0,210,201,26.82547,14.446,33,5.979
create,0,211,201,84.26544,16.9614,33,7.526
create,0,212,201,32.31265,17.0505,33,7.676
create,0,213,201,32.31157,19.1034,33,9.322
create,0,214,201,26.26095,15.9936,33,7.995
create,0,215,201,25.15834,15.6609,33,7.393
create,0,216,201,26.86552,16.0449,33,6.951
create,0,217,201,23.92947,14.1235,33,5.46
create,0,218,201,22.60991,13.0576,33,5.222
create,0,219,201,21.93612,12.4634,33,5.28
create,0,220,201,23.97205,13.5937,33,5.694
create,0,221,201,23.23629,13.5893,33,5.938
create,0,222,201,24.24904,13.8877,33,5.796
create,0,223,201,25.78893,15.7206,33,6.928
create,0,224,201,22.40265,13.0062,33,5.49
create,0,225,201,21.83949,12.4663,33,5.107
create,0,226,201,23.12078,13.5227,33,5.574
create,0,227,201,23.07818,13.2188,33,5.476
create,0,228,201,21.59715,12.0499,33,5.057
create,0,229,201,22.8219,12.0875,33,5.175
create,0,230,201,21.69201,12.3151,33,5.882
create,0,231,201,21.77118,12.2799,33,5.468
create,0,232,201,23.32219,13.6718,33,6.026
create,0,233,201,23.26448,12.907,33,5.343
create,0,234,201,24.06755,14.4228,33,6.929
create,0,235,201,22.17911,12.2257,33,4.975
create,0,236,201,24.4765,14.4459,33,7.049
create,0,237,201,22.0015,12.7002,33,4.848
create,0,238,201,25.57213,15.9231,33,7.836
create,0,239,201,22.39871,12.0835,33,5.219
create,0,240,201,25.74234,15.0512,33,7.335
create,0,241,201,22.36288,12.2368,33,5.408
create,0,242,201,23.44561,12.6805,33,5.395
create,0,243,201,22.02572,12.0492,33,5.466
create,0,244,201,23.32871,14.0867,33,6.414
create,0,245,201,22.40382,12.7985,33,5.541
create,0,246,201,23.39237,13.0604,33,5.674
create,0,247,201,26.25265,15.7972,33,7.782
create,0,248,201,24.84562,14.8295,33,6.315
create,0,249,201,22.39249,13.1378,33,5.782
create,0,250,201,24.18339,13.804,33,5.537
create,0,251,201,25.98465,15.4775,33,7.51
create,0,252,201,23.46842,13.4927,33,5.922
create,0,253,201,26.14849,13.9309,33,6.407
create,0,254,201,22.94089,13.2652,33,5.714
create,0,255,201,24.37944,13.6345,33,5.729
create,0,256,201,23.43559,14.0231,33,6.579
create,0,257,201,22.41576,12.4087,33,5.633
create,0,258,201,27.84613,14.6432,33,5.712
create,0,259,201,24.13272,13.9467,33,5.787
create,0,260,201,88.779,18.5482,33,8.881
create,0,261,201,26.4653,13.7011,33,6.039
create,0,262,201,23.22219,12.4647,33,5.224
create,0,263,201,23.70059,12.9739,33,5.793
create,0,264,201,22.62791,12.3862,33,5.12
create,0,265,201,23.16832,12.3104,33,5.427
create,0,266,201,32.7876,21.1804,33,5.313
create,0,267,201,23.49768,13.986,33,6.182
create,0,268,201,23.10333,13.2667,33,5.355
create,0,269,201,26.6699,15.5915,33,7.084
create,0,270,201,22.61675,12.7164,33,5.129
create,0,271,201,25.9894,15.7805,33,7.083
create,0,272,201,24.0607,13.6907,33,5.481
create,0,273,201,23.94777,14.0353,33,6.324
create,0,274,201,22.84831,12.8009,33,5.579
create,0,275,201,22.97899,13.0162,33,5.742
create,0,276,201,24.00445,13.9721,33,6.651
create,0,277,201,24.2034,14.0748,33,5.924
create,0,278,201,22.42872,12.5165,33,5.044
create,0,279,201,23.25321,13.2299,33,5.641
create,0,280,201,22.09299,12.4547,33,5.178
create,0,281,201,22.75987,12.7926,33,5.325
create,0,282,201,21.65445,12.2989,33,4.985
create,0,283,201,21.72126,12.0031,33,5.181
create,0,284,201,21.08965,12.054,33,4.829
create,0,285,201,21.94062,12.0205,33,5.106
create,0,286,201,22.1116,11.8481,33,4.751
create,0,287,201,22.95575,13.5528,33,5.539
create,0,288,201,20.62555,11.5952,33,4.741
create,0,289,201,26.22514,13.0734,33,5.64
create,0,290,201,23.61452,13.6536,33,6.005
create,0,291,201,22.2314,12.6269,33,5.173
create,0,292,201,25.08113,15.215,33,6.221
create,0,293,201,29.7489,16.579,33,6.783
create,0,294,201,27.47244,15.9923,33,6.248
create,0,295,201,26.07123,15.6476,33,7.566
create,0,296,201,22.73469,12.0786,33,4.997
create,0,297,201,22.53945,13.4034,33,5.928
create,0,298,201,22.81087,12.4265,33,5.337
create,0,299,201,23.11255,12.5705,33,5.322
create,0,300,201,22.85166,12.3458,33,5.113
create,0,301,201,24.02476,13.6665,33,5.767
create,0,302,201,28.88753,15.5774,33,6.431
create,0,303,201,24.85715,14.3911,33,6.529
create,0,304,201,29.16667,17.899,33,7.621
create,0,305,201,26.45873,15.889,33,6.982
create,0,306,201,25.66718,14.262,33,5.918
create,0,307,201,24.9317,13.6726,33,5.529
create,0,308,201,27.79692,16.9697,33,7.357
create,0,309,201,82.49047,18.1857,33,9.312
create,0,310,201,30.30151,15.8998,33,7.076
create,0,311,201,34.6308,18.0051,33,7.705
create,0,312,201,31.09091,19.2243,33,7.43
create,0,313,201,29.27975,16.6771,33,6.449
create,0,314,201,30.03957,17.6712,33,6.66
create,0,315,201,25.89663,14.9972,33,6.739
create,0,316,201,30.77982,13.0934,33,5.622
create,0,317,201,24.30681,13.5376,33,5.821
create,0,318,201,23.36273,12.7914,33,5.539
create,0,319,201,23.28633,13.2956,33,5.412
create,0,320,201,23.1931,12.7263,33,5.776
create,0,321,201,22.29536,12.4626,33,5.222
create,0,322,201,24.73723,14.5369,33,5.188
create,0,323,201,26.19914,15.347,33,6.476
create,0,324,201,24.19281,13.2423,33,5.709
create,0,325,201,25.38474,14.2165,33,5.945
create,0,326,201,24.65596,12.9371,33,5.091
create,0,327,201,24.76164,14.8857,33,6.543
create,0,328,201,30.17592,17.9929,33,6.968
create,0,329,201,30.54989,18.269,33,7.484
create,0,330,201,24.6942,14.1898,33,5.738
create,0,331,201,35.76647,19.5511,33,7.229
create,0,332,201,29.96366,18.1142,33,9.164
create,0,333,201,27.65665,17.0575,33,6.885
create,0,334,201,27.25312,16.5407,33,6.797
create,0,335,201,24.68829,14.0822,33,5.611
create,0,336,201,22.57518,12.8084,33,4.98
create,0,337,201,25.03798,14.3751,33,6.647
create,0,338,201,22.7813,12.8628,33,5.134
create,0,339,201,24.6817,14.8113,33,7.063
create,0,340,201,22.28459,12.7745,33,5.116
create,0,341,201,25.01604,14.7345,33,6.627
create,0,342,201,22.8959,13.2423,33,5.273
create,0,343,201,25.46564,13.9342,33,6.088
create,0,344,201,27.07615,16.5085,33,5.73
create,0,345,201,27.21389,15.475,33,6.426
create,0,346,201,24.14179,13.3095,33,5.463
create,0,347,201,25.50556,14.0394,33,6.126
create,0,348,201,23.49046,13.0458,33,5.424
create,0,349,201,23.20145,13.0031,33,5.445
create,0,350,201,23.70662,13.1927,33,5.291
create,0,351,201,25.09109,14.5134,33,6.168
create,0,352,201,22.70575,12.1871,33,5.293
create,0,353,201,26.783,15.3089,33,7.209
create,0,354,201,22.53,11.9224,33,5.02
create,0,355,201,25.40692,15.6078,33,7.073
create,0,356,201,22.30254,12.193,33,5.119
create,0,357,201,24.30238,13.9933,33,5.74
create,0,358,201,92.39772,15.661,33,6.345
create,0,359,201,28.61382,14.4499,33,5.829
create,0,360,201,48.41574,25.28,33,10.377
create,0,361,201,26.81129,14.9911,33,6.41
create,0,362,201,24.8435,13.2738,33,5.531
create,0,363,201,27.54263,14.7769,33,5.943
create,0,364,201,30.49783,18.6474,33,10.877
create,0,365,201,26.51603,13.6525,33,5.875
create,0,366,201,22.99806,12.0339,33,5.168
create,0,367,201,22.36674,12.4866,33,5.169
create,0,368,201,33.02431,19.0505,33,11.362
create,0,369,201,23.0839,12.3341,33,5.368
create,0,370,201,25.91988,15.8958,33,8.885
create,0,371,201,24.01628,14.4093,33,5.966
create,0,372,201,23.24216,12.9743,33,5.352
create,0,373,201,23.68711,13.3,33,5.724
create,0,374,201,26.02877,15.2703,33,7.145
create,0,375,201,28.47024,17.7033,33,7.655
create,0,376,201,29.04823,17.4293,33,7.386
create,0,377,201,29.22826,17.5005,33,6.459
create,0,378,201,28.86843,16.5072,33,7.14
create,0,379,201,29.57881,18.905,33,8.465
create,0,380,201,27.47386,14.3672,33,6.076
create,0,381,201,23.50215,12.9368,33,5.665
create,0,382,201,21.46464,12.0404,33,5.062
create,0,383,201,21.58848,12.3443,33,5.118
create,0,384,201,24.98058,14.8363,33,5.759
create,0,385,201,26.90797,16.0678,33,7.05
create,0,386,201,23.09929,13.4128,33,5.26
create,0,387,201,26.38461,15.9842,33,7.175
create,0,388,201,27.67516,14.632,33,6.072
create,0,389,201,22.73763,12.0817,33,5.063
create,0,390,201,24.3484,14.1461,33,6.372
create,0,391,201,36.97072,24.34,33,9.481
create,0,392,201,28.66335,16.7881,33,5.879
create,0,393,201,26.7945,14.375,33,6.296
create,0,394,201,22.64491,12.8183,33,5.174
create,0,395,201,24.96407,14.2649,33,5.617
create,0,396,201,28.81512,17.6808,33,7.646
create,0,397,201,25.59352,14.9778,33,6.479
create,0,398,201,25.64712,14.5457,33,5.767
create,0,399,201,25.58608,14.3827,33,5.768
create,0,400,201,24.57543,14.4872,33,6.097
create,0,401,201,24.99527,14.0794,33,6.183
create,0,402,201,26.96212,16.4807,33,7.218
create,0,403,201,28.87431,17.2554,33,7.155
create,0,404,201,28.98818,17.1471,33,7.392
create,0,405,201,33.06646,19.4317,33,8.091
create,0,406,201,29.80637,18.2586,33,7.585
create,0,407,201,83.97236,16.0413,33,6.491
create,0,408,201,30.95714,16.8792,33,7.41
create,0,409,201,28.24072,16.1041,33,7.092
create,0,410,201,27.22955,16.3253,33,7.127
create,0,411,201,26.21138,15.4464,33,6.226
create,0,412,201,29.41337,17.0516,33,7.381
create,0,413,201,28.65328,16.6736,33,7.274
create,0,414,201,26.40665,15.2566,33,5.755
create,0,415,201,25.59042,14.7119,33,5.873
create,0,416,201,26.05145,14.5673,33,5.759
create,0,417,201,28.50661,18.2322,33,7.519
create,0,418,201,32.91832,19.1859,33,7.817
create,0,419,201,23.40739,12.2699,33,5.14
create,0,420,201,21.80484,11.4835,33,4.672
create,0,421,201,22.81067,12.6464,33,4.76
create,0,422,201,22.61703,12.2796,33,4.932
create,0,423,201,25.52893,14.0141,33,5.542
create,0,424,201,25.14368,13.517,33,6.075
create,0,425,201,22.16013,12.5951,33,5.255
create,0,426,201,22.41851,12.5881,33,5.582
create,0,427,201,25.17406,14.7584,33,5.54
create,0,428,201,24.32484,14.0845,33,5.592
create,0,429,201,22.50005,12.8223,33,5.335
create,0,430,201,21.97449,12.6747,33,5.391
create,0,431,201,21.41846,12.1664,33,4.763
create,0,432,201,24.94046,14.3819,33,6.203
create,0,433,201,24.06182,13.5413,33,5.516
create,0,434,201,25.25509,14.883,33,5.239
create,0,435,201,23.10058,13.3073,33,5.151
create,0,436,201,23.75474,13.4757,33,5.862
create,0,437,201,21.51143,11.8337,33,4.832
create,0,438,201,22.80906,12.7894,33,4.857
create,0,439,201,21.832,12.4285,33,5.116
create,0,440,201,21.98389,12.4681,33,5.157
create,0,441,201,23.0355,13.1375,33,5.464
create,0,442,201,21.47199,12.5515,33,4.626
create,0,443,201,25.83949,15.5051,33,5.857
create,0,444,201,28.16439,17.5233,33,7.906
create,0,445,201,21.7611,12.0569,33,4.741
create,0,446,201,22.06597,12.5186,33,5.022
create,0,447,201,21.2622,12.1874,33,5.08
create,0,448,201,21.12608,11.9014,33,4.808
create,0,449,201,21.64384,12.3936,33,4.931
create,0,450,201,21.92401,12.4885,33,5.148
create,0,451,201,20.97008,11.9944,33,5.17
create,0,452,201,21.00014,12.1321,33,5.119
create,0,453,201,20.76227,11.8144,33,4.842
create,0,454,201,23.99536,13.9518,33,5.7
create,0,455,201,23.18085,13.5877,33,5.773
create,0,456,201,78.16868,15.3006,33,6.663
create,0,457,201,24.19676,12.9898,33,5.561
create,0,458,201,21.8748,11.9991,33,5.132
create,0,459,201,21.20639,11.5955,33,4.641
create,0,460,201,21.90574,11.9341,33,4.814
create,0,461,201,21.73133,12.0649,33,4.946
create,0,462,201,22.39918,12.9295,33,4.969
create,0,463,201,22.61791,13.086,33,5.59
create,0,464,201,26.57962,13.5289,33,5.386
create,0,465,201,21.86226,12.2813,33,4.815
create,0,466,201,22.57898,12.5575,33,5.168
create,0,467,201,25.36376,15.7807,33,6.825
create,0,468,201,24.63721,15.0999,33,6.736
create,0,469,201,25.53011,15.5484,33,6.866
create,0,470,201,25.91923,15.6342,33,6.845
create,0,471,201,24.34941,14.9429,33,6.828
create,0,472,201,24.78461,15.1757,33,6.729
create,0,473,201,24.90165,15.0021,33,6.728
create,0,474,201,28.62219,15.7753,33,7.026
create,0,475,201,24.35343,15.2005,33,6.764
create,0,476,201,25.94763,15.7619,33,6.899
create,0,477,201,24.67636,15.3086,33,6.915
create,0,478,201,22.84106,13.4067,33,5.322
create,0,479,201,25.13111,15.5507,33,6.793
create,0,480,201,26.66616,16.6372,33,7.607
create,0,481,201,26.79738,15.8653,33,6.998
create,0,482,201,24.0141,14.1635,33,6.671
create,0,483,201,26.97184,17.4181,33,8.959
create,0,484,201,26.17283,15.7514,33,6.437
create,0,485,201,26.45765,15.975,33,7.189
create,0,486,201,25.9568,15.9514,33,7.066
create,0,487,201,25.95526,16.0498,33,7.024
create,0,488,201,27.31871,16.8689,33,6.977
create,0,489,201,28.13183,15.8814,33,6.914
create,0,490,201,54.10816,44.3586,33,35.399
create,0,491,201,85.53812,74.1217,33,65.119
create,0,492,201,24.99195,14.4427,33,6.576
create,0,493,201,23.52528,12.9128,33,5.261
create,0,494,201,23.76382,12.6461,33,5.284
create,0,495,201,22.65549,13.0357,33,5.294
create,0,496,201,24.38837,13.8334,33,5.462
create,0,497,201,24.23019,13.819,33,5.632
create,0,498,201,24.61102,13.7841,33,5.404
create,0,499,201,26.90694,15.198,33,6.16
create,0,500,201,24.06162,13.9054,33,5.775
create,0,501,201,24.09899,13.3753,33,5.721
create,0,502,201,23.25421,13.4818,33,5.286
create,0,503,201,30.29892,16.1992,33,6.722
create,0,504,201,29.72997,15.4965,33,5.93
create,0,505,201,78.54345,13.3317,33,5.235
create,0,506,201,26.77394,14.5446,33,5.654
create,0,507,201,25.95795,14.9875,33,5.522
create,0,508,201,23.44849,12.6857,33,4.869
create,0,509,201,22.75255,13.0726,33,5.512
create,0,510,201,22.82601,13.2129,33,5.267
create,0,511,201,22.86386,12.82,33,5.443
create,0,512,201,24.84504,13.882,33,5.358
create,0,513,201,23.29769,13.5376,33,5.488
create,0,514,201,23.75239,14.0352,33,5.331
create,0,515,201,22.2099,12.6633,33,5.554
create,0,516,201,22.55853,13.2857,33,5.618
create,0,517,201,24.13938,12.5813,33,5.544
create,0,518,201,24.00935,14.036,33,5.306
create,0,519,201,29.77927,19.5032,33,6.033
create,0,520,201,25.21744,13.3722,33,5.916
create,0,521,201,22.46448,13.0036,33,5.452
create,0,522,201,26.91942,17.0836,33,6.48
create,0,523,201,29.05302,18.1069,33,6.909
create,0,524,201,70.50834,27.2682,33,11.086
create,0,525,201,22.48546,12.4845,33,5.076
create,0,526,201,22.57161,12.3987,33,4.924
create,0,527,201,30.66399,20.6762,33,5.065
create,0,528,201,21.27337,12.1707,33,4.866
create,0,529,201,22.05937,11.8624,33,4.702
create,0,530,201,20.87746,12.0733,33,4.919
create,0,531,201,22.31856,12.4655,33,5.226
create,0,532,201,21.98803,12.4934,33,4.938
create,0,533,201,25.27257,13.0905,33,5.272
create,0,534,201,21.37825,12.2995,33,5.081
create,0,535,201,20.78494,11.8653,33,4.772
create,0,536,201,27.83391,13.9387,33,6.622
create,0,537,201,24.47514,12.6741,33,5.266
create,0,538,201,22.42895,12.0593,33,4.808
create,0,539,201,21.74039,11.7133,33,4.941
create,0,540,201,23.35475,12.3227,33,4.844
create,0,541,201,23.54029,14.5609,33,5.395
create,0,542,201,30.10989,20.2259,33,12.464
create,0,543,201,27.21448,18.0535,33,5.277
create,0,544,201,22.78398,12.0463,33,5.227
create,0,545,201,23.99907,14.184,33,5.692
create,0,546,201,35.93882,24.7169,33,7.167
create,0,547,201,22.64273,13.3904,33,5.443
create,0,548,201,25.61258,16.0825,33,8.614
create,0,549,201,24.54828,13.0643,33,5.705
create,0,550,201,36.13771,24.064,33,12.864
create,0,551,201,24.89694,14.4095,33,7.188
create,0,552,201,25.65493,15.9678,33,6.357
create,0,553,201,25.52326,15.3578,33,7.077
create,0,554,201,84.83286,15.2473,33,6.213
create,0,555,201,25.22908,13.0276,33,5.462
create,0,556,201,28.45905,16.4783,33,6.187
create,0,557,201,29.01277,17.8116,33,7.257
create,0,558,201,35.07298,17.2412,33,6.312
create,0,559,201,28.3343,17.1521,33,6.691
create,0,560,201,29.79384,17.8751,33,6.752
create,0,561,201,32.37107,18.9307,33,7.098
create,0,562,201,30.50594,17.8138,33,6.598
create,0,563,201,31.93292,18.2077,33,7.096
create,0,564,201,29.51008,17.3464,33,7.035
create,0,565,201,25.68972,14.2539,33,6.139
create,0,566,201,27.83772,17.1973,33,8.443
create,0,567,201,26.65964,16.2458,33,7.734
create,0,568,201,24.98062,14.5884,33,5.741
create,0,569,201,24.50043,14.3013,33,5.527
create,0,570,201,25.41629,15.0608,33,6.426
create,0,571,201,25.00118,15.2492,33,6.766
create,0,572,201,23.54505,13.7582,33,5.656
create,0,573,201,30.25391,15.691,33,6.709
create,0,574,201,26.47552,15.5885,33,7.379
create,0,575,201,41.40087,29.3041,33,19.051
create,0,576,201,25.15214,14.6246,33,6.092
create,0,577,201,23.96963,13.784,33,5.652
create,0,578,201,28.91266,18.0206,33,10.673
create,0,579,201,25.68649,15.4799,33,7.924
create,0,580,201,25.38379,14.7447,33,5.972
create,0,581,201,24.35248,13.8947,33,5.832
create,0,582,201,24.67388,14.5215,33,5.931
create,0,583,201,24.67907,14.2842,33,5.658
create,0,584,201,24.19097,13.9951,33,5.514
create,0,585,201,24.78799,15.004,33,7.065
create,0,586,201,23.31316,13.3085,33,5.316
create,0,587,201,22.70607,12.8684,33,5.485
create,0,588,201,23.78358,14.4017,33,6.153
create,0,589,201,22.77545,13.2156,33,5.835
create,0,590,201,25.55995,15.1351,33,7.002
create,0,591,201,25.9253,15.6309,33,7.257
create,0,592,201,25.21679,15.7848,33,7.474
create,0,593,201,24.18995,14.5798,33,7.062
create,0,594,201,25.39048,14.6074,33,6.945
create,0,595,201,24.8983,15.3286,33,7.184
create,0,596,201,25.21311,15.3184,33,7.376
create,0,597,201,24.28874,14.6347,33,6.805
create,0,598,201,30.58298,20.8088,33,7.29
create,0,599,201,33.20634,20.8907,33,5.863
create,0,600,201,28.28982,16.9346,33,7.962
create,0,601,201,25.47242,15.2346,33,7.808
create,0,602,201,22.35458,12.7847,33,5.558
create,0,603,201,77.20747,14.1832,33,6.005
create,0,604,201,27.2553,15.4987,33,7.252
create,0,605,201,26.12697,15.1605,33,7.145
create,0,606,201,25.66969,15.4482,33,7.254
create,0,607,201,25.26983,15.2129,33,7.083
create,0,608,201,24.1759,13.5597,33,5.652
create,0,609,201,26.81779,16.1853,33,7.811
create,0,610,201,26.53099,16.2651,33,7.425
create,0,611,201,27.40062,16.2625,33,7.834
create,0,612,201,28.52991,17.8872,33,7.689
create,0,613,201,30.70111,16.7185,33,7.183
create,0,614,201,23.1605,13.0927,33,5.57
create,0,615,201,22.90419,12.9306,33,5.777
create,0,616,201,25.98392,14.1451,33,5.909
create,0,617,201,28.4327,17.8984,33,8.473
create,0,618,201,29.92507,18.9969,33,6.075
create,0,619,201,25.68341,14.9326,33,7.245
create,0,620,201,24.3699,13.9266,33,5.906
create,0,621,201,32.79425,23.278,33,13.211
create,0,622,201,26.20306,13.3826,33,5.761
create,0,623,201,26.60046,15.2021,33,6.528
create,0,624,201,27.29498,15.8799,33,7.435
create,0,625,201,25.87041,14.8719,33,6.299
create,0,626,201,26.43466,16.0917,33,6.686
create,0,627,201,23.88523,13.0331,33,5.661
create,0,628,201,23.31451,12.8338,33,5.592
create,0,629,201,23.9021,13.4205,33,5.876
create,0,630,201,23.45925,13.1518,33,5.642
create,0,631,201,25.50134,15.425,33,7.364
create,0,632,201,27.25211,16.5522,33,7.74
create,0,633,201,25.17808,14.6221,33,6.432
create,0,634,201,27.0869,15.3549,33,6.306
create,0,635,201,25.19904,14.4311,33,6.257
create,0,636,201,26.40541,15.9021,33,6.284
create,0,637,201,25.62943,14.6856,33,6.446
create,0,638,201,21.64875,12.1546,33,5.362
create,0,639,201,25.511,13.5665,33,5.968
create,0,640,201,24.27555,14.5867,33,7.033
create,0,641,201,23.92258,12.6897,33,5.829
create,0,642,201,24.05261,13.2269,33,5.765
create,0,643,201,24.84499,13.855,33,5.907
create,0,644,201,34.87644,14.2006,33,6.373
create,0,645,201,25.70938,13.2307,33,6.27
create,0,646,201,25.16549,14.1558,33,6.581
create,0,647,201,24.03865,13.3873,33,6.212
create,0,648,201,26.3324,16.1305,33,7.097
create,0,649,201,25.34517,14.5436,33,6.416
create,0,650,201,27.33222,16.5088,33,7.781
create,0,651,201,22.45972,12.122,33,5.13
create,0,652,201,82.49337,12.7103,33,5.417
create,0,653,201,24.95944,13.251,33,5.717
create,0,654,201,23.67911,12.7399,33,5.684
create,0,655,201,27.48485,14.3715,33,7.125
create,0,656,201,25.46699,14.8544,33,6.927
create,0,657,201,22.95644,12.8452,33,5.919
create,0,658,201,25.83531,15.7963,33,7.023
create,0,659,201,29.28593,14.0122,33,6.617
create,0,660,201,23.88708,13.1054,33,6.025
create,0,661,201,28.5485,15.4343,33,7.039
create,0,662,201,25.68137,14.5544,33,6.536
create,0,663,201,29.15193,17.5543,33,9.306
create,0,664,201,24.51803,14.1805,33,5.735
create,0,665,201,25.9681,15.6186,33,6.964
create,0,666,201,23.88758,13.5649,33,5.705
create,0,667,201,22.63822,12.4776,33,5.286
create,0,668,201,22.69075,12.9612,33,5.48
create,0,669,201,23.76102,13.1181,33,6.039
create,0,670,201,21.12993,12.2285,33,5.684
create,0,671,201,21.97329,12.1525,33,5.763
create,0,672,201,29.5408,17.7435,33,7.836
create,0,673,201,26.84394,14.76,33,6.04
create,0,674,201,23.39279,13.5173,33,5.488
create,0,675,201,28.16267,17.5979,33,6.285
create,0,676,201,26.93618,15.9811,33,6.461
create,0,677,201,22.17854,12.2786,33,5.016
create,0,678,201,22.46227,12.2263,33,5.688
create,0,679,201,22.85032,12.4451,33,5.551
create,0,680,201,21.62934,12.1311,33,5.48
create,0,681,201,23.39747,12.6992,33,5.843
create,0,682,201,23.44892,13.6193,33,5.531
create,0,683,201,21.76564,12.2886,33,5.099
create,0,684,201,23.90641,13.3656,33,6.322
create,0,685,201,23.37347,12.3059,33,5.283
create,0,686,201,22.19021,12.6889,33,5.81
create,0,687,201,26.04606,15.2532,33,6.34
create,0,688,201,33.47004,19.5894,33,9.718
create,0,689,201,32.38469,17.35,33,9.068
create,0,690,201,24.20077,14.0109,33,6.515
create,0,691,201,28.87546,15.7175,33,7.862
create,0,692,201,25.02593,14.4951,33,7.538
create,0,693,201,30.43555,19.3237,33,10.692
create,0,694,201,30.21449,18.3528,33,7.877
create,0,695,201,35.72777,18.7713,33,8.36
create,0,696,201,24.15526,12.4073,33,5.355
create,0,697,201,31.0149,20.1905,33,8.693
create,0,698,201,22.71873,12.9123,33,5.375
create,0,699,201,23.12994,13.4563,33,5.65
create,0,700,201,27.09537,15.7033,33,7.432
create,0,701,201,87.71672,14.2998,33,5.932
create,0,702,201,23.7031,12.2057,33,4.937
create,0,703,201,25.24609,14.4702,33,5.653
create,0,704,201,26.01153,15.6455,33,7.071
create,0,705,201,22.90171,12.6637,33,5.018
create,0,706,201,25.49606,15.535,33,6.966
create,0,707,201,23.10553,13.2643,33,5.371
create,0,708,201,25.09673,15.1678,33,6.884
create,0,709,201,24.02481,13.2502,33,5.314
create,0,710,201,21.92447,12.2411,33,5.172
create,0,711,201,21.45284,11.7094,33,4.978
create,0,712,201,21.98612,12.1735,33,5.147
create,0,713,201,23.9385,13.3316,33,5.795
create,0,714,201,21.05261,12.0357,33,5.246
create,0,715,201,24.91018,14.7946,33,6.721
create,0,716,201,24.63382,15.1983,33,6.85
create,0,717,201,23.27284,12.516,33,5.183
create,0,718,201,29.53595,19.6568,33,9.639
create,0,719,201,22.48789,12.6671,33,4.998
create,0,720,201,25.70858,15.6637,33,6.946
create,0,721,201,26.28111,14.962,33,6.346
create,0,722,201,22.20703,12.3717,33,5.09
create,0,723,201,22.75208,12.7291,33,5.781
create,0,724,201,22.89447,13.4833,33,5.668
create,0,725,201,25.52203,13.5545,33,6.249
create,0,726,201,22.86565,12.9176,33,5.571
create,0,727,201,24.52151,13.9074,33,5.812
create,0,728,201,21.71056,12.3013,33,5.29
create,0,729,201,23.80724,14.2872,33,4.949
create,0,730,201,24.06852,13.3861,33,5.414
create,0,731,201,25.23577,14.2813,33,5.911
create,0,732,201,23.4376,13.107,33,5.512
create,0,733,201,22.50864,12.9807,33,5.578
create,0,734,201,23.59731,13.92,33,5.98
create,0,735,201,23.6083,12.8359,33,5.413
create,0,736,201,22.83378,13.0654,33,5.322
create,0,737,201,22.61083,12.6187,33,5.291
create,0,738,201,24.75882,13.734,33,6.058
create,0,739,201,21.80932,11.9887,33,5.1
create,0,740,201,22.92316,13.486,33,6.167
create,0,741,201,23.0792,13.0364,33,5.622
create,0,742,201,27.07225,15.8383,33,6.186
create,0,743,201,28.24657,17.2259,33,7.429
create,0,744,201,23.6136,13.3696,33,5.9
create,0,745,201,26.12443,15.5037,33,7.163
create,0,746,201,26.28306,14.7144,33,6.546
create,0,747,201,26.46995,14.3984,33,6.429
create,0,748,201,22.31529,12.7749,33,5.831
create,0,749,201,29.08411,17.2515,33,7.48
create,0,750,201,88.95599,14.2154,33,6.572
create,0,751,201,28.11371,13.4899,33,5.771
create,0,752,201,25.01541,13.9166,33,5.85
create,0,753,201,37.78437,20.606,33,9.753
create,0,754,201,32.99561,16.8934,33,7.329
create,0,755,201,31.75491,14.3373,33,5.326
create,0,756,201,29.28218,16.5827,33,7.437
create,0,757,201,34.13726,17.3946,33,7.995
create,0,758,201,32.02474,18.2384,33,7.753
create,0,759,201,34.0615,17.8897,33,7.86
create,0,760,201,24.16555,12.638,33,5.281
create,0,761,201,27.62793,16.2646,33,7.43
create,0,762,201,23.16454,12.9292,33,5.255
create,0,763,201,26.86344,13.1521,33,5.516
create,0,764,201,24.3405,13.6692,33,6.073
create,0,765,201,24.54374,13.3578,33,5.53
create,0,766,201,27.345,16.7421,33,7.428
create,0,767,201,23.997,13.5555,33,5.737
create,0,768,201,24.43999,13.4017,33,5.657
create,0,769,201,24.24282,14.3647,33,5.95
create,0,770,201,22.49796,12.1763,33,4.948
create,0,771,201,25.66185,14.4711,33,5.554
create,0,772,201,29.54814,17.9411,33,5.632
create,0,773,201,23.94937,13.5831,33,5.217
create,0,774,201,22.89474,12.9007,33,5.716
create,0,775,201,22.3966,13.0489,33,5.223
create,0,776,201,23.11056,12.1429,33,5.121
create,0,777,201,24.6404,14.608,33,5.492
create,0,778,201,22.98441,12.6169,33,5.537
create,0,779,201,26.8011,15.2494,33,7.069
create,0,780,201,22.57263,12.3693,33,5.419
create,0,781,201,24.23015,14.8405,33,6.924
create,0,782,201,21.68297,11.9981,33,5.073
create,0,783,201,28.14016,14.3336,33,6.192
create,0,784,201,27.69655,17.0863,33,7.616
create,0,785,201,25.07394,14.8732,33,6.21
create,0,786,201,22.70065,12.6597,33,5.379
create,0,787,201,29.2331,18.5048,33,9.963
create,0,788,201,29.51239,17.7801,33,8.231
create,0,789,201,23.96638,14.282,33,5.792
create,0,790,201,30.07433,17.6727,33,7.422
create,0,791,201,28.38269,13.8947,33,5.701
create,0,792,201,27.19194,16.4782,33,7.441
create,0,793,201,25.98815,15.1133,33,6.083
create,0,794,201,26.54069,15.9483,33,7.136
create,0,795,201,27.71238,17.9584,33,6.424
create,0,796,201,26.08956,15.0027,33,6.295
create,0,797,201,23.23368,12.879,33,5.522
create,0,798,201,24.5647,14.0773,33,6.097
create,0,799,201,83.6828,15.7095,33,6.286
create,0,800,201,26.89351,14.1358,33,5.852
create,0,801,201,25.22986,13.0777,33,5.845
create,0,802,201,26.38284,15.0861,33,6.258
create,0,803,201,24.71234,13.9114,33,5.725
create,0,804,201,26.72673,16.4951,33,7.133
create,0,805,201,27.00198,15.7376,33,7.037
create,0,806,201,25.02788,14.5229,33,5.962
create,0,807,201,26.40012,16.0697,33,6.858
create,0,808,201,21.94571,12.1309,33,4.886
create,0,809,201,22.32939,12.6264,33,5.169
create,0,810,201,24.16354,13.5791,33,5.09
create,0,811,201,22.25001,12.5976,33,5.183
create,0,812,201,21.21662,12.1823,33,5.071
create,0,813,201,21.36345,12.3231,33,5.332
create,0,814,201,22.31537,12.4979,33,5.223
create,0,815,201,25.02871,15.5999,33,6.189
create,0,816,201,27.57534,15.6335,33,6.958
create,0,817,201,23.43737,13.8401,33,5.859
create,0,818,201,24.44345,14.9138,33,6.836
create,0,819,201,31.30809,20.8181,33,10.818
create,0,820,201,25.44151,13.0356,33,5.393
create,0,821,201,29.59944,19.7347,33,9.403
create,0,822,201,25.03683,14.8905,33,6.58
create,0,823,201,23.70686,13.618,33,6.337
create,0,824,201,23.49829,14.1689,33,5.409
create,0,825,201,25.97991,16.1328,33,7.117
create,0,826,201,27.94903,17.7144,33,6.893
create,0,827,201,24.38754,14.5791,33,6.211
create,0,828,201,25.7472,15.4215,33,6.987
create,0,829,201,24.4644,14.9722,33,7.203
create,0,830,201,25.37968,15.3356,33,7.042
create,0,831,201,22.48737,13.2245,33,5.404
create,0,832,201,24.88276,15.2599,33,6.833
create,0,833,201,32.31458,22.3273,33,7.008
create,0,834,201,27.58725,14.8138,33,5.979
create,0,835,201,23.70906,13.9083,33,5.794
create,0,836,201,22.81756,13.0361,33,5.481
create,0,837,201,23.41939,13.668,33,5.59
create,0,838,201,25.14064,14.7233,33,6.33
create,0,839,201,22.72025,12.4934,33,5.169
create,0,840,201,21.7041,12.115,33,5.122
create,0,841,201,21.03433,12.0091,33,5.182
create,0,842,201,21.2317,12.1373,33,5.05
create,0,843,201,26.75864,17.7587,33,9.415
create,0,844,201,23.14838,12.8242,33,5.543
create,0,845,201,30.31441,15.777,33,7.514
create,0,846,201,22.54695,12.7629,33,5.166
create,0,847,201,24.10445,14.2315,33,6.117
create,0,848,201,99.68982,15.4383,33,6.489
create,0,849,201,23.46012,12.6251,33,5.384
create,0,850,201,25.97336,14.5187,33,6.514
create,0,851,201,23.19001,13.0045,33,5.038
create,0,852,201,22.20233,11.9715,33,5.187
create,0,853,201,22.5294,12.5865,33,5.546
create,0,854,201,22.59868,12.3229,33,5.184
create,0,855,201,21.65276,11.9578,33,5.282
create,0,856,201,21.962,12.5894,33,5.836
create,0,857,201,21.06684,11.9532,33,5.141
create,0,858,201,21.31123,11.8647,33,4.815
create,0,859,201,21.94245,12.5203,33,5.192
create,0,860,201,20.11817,11.1807,33,4.726
create,0,861,201,23.98864,12.9515,33,5.579
create,0,862,201,21.26221,11.7598,33,5.122
create,0,863,201,26.2042,15.6076,33,8.174
create,0,864,201,24.15637,13.1493,33,5.182
create,0,865,201,28.41604,14.8128,33,7.377
create,0,866,201,21.22376,11.8288,33,4.96
create,0,867,201,21.48705,12.3622,33,4.987
create,0,868,201,25.86616,15.9977,33,7.039
create,0,869,201,23.23162,13.4635,33,5.887
create,0,870,201,21.63696,12.0349,33,5.005
create,0,871,201,21.89067,12.9086,33,5.668
create,0,872,201,23.06388,12.9723,33,5.886
create,0,873,201,21.00671,11.9919,33,5.077
create,0,874,201,21.58661,12.0508,33,4.91
create,0,875,201,20.99636,11.9694,33,4.813
create,0,876,201,22.50171,13.3111,33,5.51
create,0,877,201,23.07369,13.9106,33,6.443
create,0,878,201,24.76595,14.7143,33,6.234
create,0,879,201,25.11432,15.2307,33,6.911
create,0,880,201,20.60368,11.5919,33,4.881
create,0,881,201,20.8051,11.9549,33,5.158
create,0,882,201,24.84791,14.9943,33,6.556
create,0,883,201,22.99821,13.0551,33,5.691
create,0,884,201,21.67007,12.0161,33,5.118
create,0,885,201,22.56614,13.6806,33,5.88
create,0,886,201,25.11247,15.6457,33,6.838
create,0,887,201,22.95588,12.9272,33,5.95
create,0,888,201,23.52923,13.1339,33,5.76
create,0,889,201,21.40574,12.2514,33,5.146
create,0,890,201,28.21763,14.2205,33,5.64
create,0,891,201,23.39213,13.8421,33,5.665
create,0,892,201,21.86025,12.5711,33,4.995
create,0,893,201,21.97164,12.813,33,5.94
create,0,894,201,23.68136,13.897,33,5.501
create,0,895,201,22.23681,12.4613,33,5.173
create,0,896,201,21.85388,12.639,33,5.477
create,0,897,201,86.76264,14.7887,33,6.455
create,0,898,201,33.4046,13.3144,33,5.872
create,0,899,201,24.15926,12.9724,33,5.61
create,0,900,201,24.86683,14.3239,33,6.817
create,0,901,201,23.50257,12.5754,33,5.111
create,0,902,201,22.1136,11.7429,33,5.307
create,0,903,201,21.04256,12.0666,33,4.686
create,0,904,201,22.47285,12.3446,33,5.493
create,0,905,201,23.05915,13.9832,33,5.057
create,0,906,201,26.01627,12.5217,33,5.61
create,0,907,201,21.98511,12.132,33,5.144
create,0,908,201,26.01329,14.6412,33,5.994
create,0,909,201,23.9316,13.8532,33,5.002
create,0,910,201,26.89328,17.4761,33,10.617
create,0,911,201,21.2483,12.0359,33,4.99
create,0,912,201,23.84314,13.4994,33,5.241
create,0,913,201,25.98713,16.4915,33,8.125
create,0,914,201,23.69004,13.2407,33,5.569
create,0,915,201,23.15233,13.4228,33,5.185
create,0,916,201,26.31896,16.4487,33,7.523
create,0,917,201,25.0283,15.0255,33,5.44
create,0,918,201,24.83103,14.26,33,5.61
create,0,919,201,21.88482,12.1665,33,5.208
create,0,920,201,22.11974,12.6473,33,5.771
create,0,921,201,22.22156,13.3753,33,5.388
create,0,922,201,23.40127,14.0931,33,5.988
create,0,923,201,22.58225,12.7773,33,5.287
create,0,924,201,22.92543,13.4808,33,5.637
create,0,925,201,24.63411,15.0445,33,5.851
create,0,926,201,23.23778,13.4326,33,5.335
create,0,927,201,21.7142,12.4721,33,5.734
create,0,928,201,20.22344,11.285,33,4.695
create,0,929,201,21.96882,12.5361,33,5.881
create,0,930,201,21.33135,12.3121,33,5.189
create,0,931,201,24.69187,13.7776,33,6.34
create,0,932,201,21.19901,11.918,33,5.064
create,0,933,201,23.98278,13.562,33,5.61
create,0,934,201,25.20694,12.1558,33,5.285
create,0,935,201,22.92977,13.4168,33,5.605
create,0,936,201,21.89445,12.6731,33,5.081
create,0,937,201,23.54237,14.5804,33,6.896
create,0,938,201,21.06316,11.6809,33,4.796
create,0,939,201,24.52151,15.1954,33,7.122
create,0,940,201,21.92265,12.4563,33,5.517
create,0,941,201,24.41163,12.6615,33,5.219
create,0,942,201,24.3344,13.5471,33,6.155
create,0,943,201,21.83632,12.1343,33,5.13
create,0,944,201,23.86605,13.8158,33,5.974
create,0,945,201,22.10052,12.7432,33,5.475
create,0,946,201,84.85211,16.1405,33,7.026
create,0,947,201,23.63878,12.545,33,5.425
create,0,948,201,24.25363,13.3085,33,6.232
create,0,949,201,21.67762,12.1906,33,5.016
create,0,950,201,23.51891,13.6699,33,5.498
create,0,951,201,22.24794,12.6038,33,5.066
create,0,952,201,21.65971,12.461,33,5.296
create,0,953,201,22.68422,13.0318,33,5.454
create,0,954,201,22.16712,12.8113,33,5.571
create,0,955,201,22.07621,13.1467,33,5.442
create,0,956,201,23.74132,14.3286,33,7.309
create,0,957,201,21.36601,11.9872,33,4.81
create,0,958,201,22.91826,12.8764,33,6.039
create,0,959,201,24.13563,13.3173,33,5.398
create,0,960,201,22.76584,12.3653,33,5.167
create,0,961,201,21.65457,11.8799,33,4.771
create,0,962,201,24.3149,14.3165,33,6.234
create,0,963,201,24.12322,14.7162,33,6.135
create,0,964,201,22.3794,12.9515,33,5.169
create,0,965,201,21.97817,12.745,33,5.367
create,0,966,201,21.19953,12.2941,33,5.171
create,0,967,201,34.54525,23.2953,33,5.942
create,0,968,201,23.6408,13.8359,33,5.638
create,0,969,201,22.54789,12.9927,33,5.859
create,0,970,201,22.89763,13.4015,33,5.586
create,0,971,201,25.17913,15.5877,33,6.659
create,0,972,201,22.92437,13.1647,33,5.354
create,0,973,201,24.92894,15.4202,33,6.668
create,0,974,201,22.44388,12.6344,33,5.226
create,0,975,201,21.68196,12.3321,33,4.837
create,0,976,201,21.41796,12.1555,33,5.018
create,0,977,201,20.47875,11.5003,33,4.832
create,0,978,201,22.39461,12.6296,33,5.069
create,0,979,201,20.41158,11.4511,33,4.667
create,0,980,201,21.96105,12.9677,33,5.296
create,0,981,201,22.75992,13.3734,33,5.443
create,0,982,201,24.08626,14.6544,33,6.973
create,0,983,201,22.35409,12.4878,33,5.498
create,0,984,201,21.32481,11.7391,33,5.025
create,0,985,201,25.23841,15.3655,33,7.012
create,0,986,201,23.03665,13.7717,33,5.743
create,0,987,201,21.14037,11.9233,33,4.995
create,0,988,201,24.72712,14.9287,33,7.148
create,0,989,201,21.81801,12.2277,33,5.111
create,0,990,201,24.40359,14.6296,33,7.018
create,0,991,201,22.04089,13.1333,33,5.852
create,0,992,201,24.22874,13.925,33,5.36
create,0,993,201,23.88799,13.3581,33,5.964
create,0,994,201,22.99316,13.3425,33,5.17
create,0,995,201,77.67442,19.7449,33,7.524
create,0,996,201,26.4422,15.4462,33,7.186
create,0,997,201,21.89351,12.1203,33,5.259
create,0,998,201,25.89238,15.2267,33,6.962
create,0,999,201,24.25826,13.9288,33,6.001
